date,platform,gpu_class,price_usd_per_gpu_hr,price_kind,akt_price_usd,akt_mcap_usd
2022-12-01,aws-ondemand,A100-40GB,4.096575,posted-ondemand,,49638573.616317003094227977633
2022-12-01,aws-ondemand,A100-80GB,5.120719,posted-ondemand,,49638573.616317003094227977633
2022-12-02,aws-ondemand,A100-40GB,4.096575,posted-ondemand,,46949363.863531142389509312375
2022-12-02,aws-ondemand,A100-80GB,5.120719,posted-ondemand,,46949363.863531142389509312375
2022-12-03,aws-ondemand,A100-40GB,4.096575,posted-ondemand,,44526188.067643207226459355752
2022-12-03,aws-ondemand,A100-80GB,5.120719,posted-ondemand,,44526188.067643207226459355752
2022-12-04,aws-ondemand,A100-40GB,4.096575,posted-ondemand,,44766830.251267226284408310313
2022-12-04,aws-ondemand,A100-80GB,5.120719,posted-ondemand,,44766830.251267226284408310313
2022-12-05,aws-ondemand,A100-40GB,4.096575,posted-ondemand,,43454706.86529079171886979729
2022-12-05,aws-ondemand,A100-80GB,5.120719,posted-ondemand,,43454706.86529079171886979729
2022-12-06,aws-ondemand,A100-40GB,4.096575,posted-ondemand,,41496893.168822266719601986621
2022-12-06,aws-ondemand,A100-80GB,5.120719,posted-ondemand,,41496893.168822266719601986621
2022-12-07,aws-ondemand,A100-40GB,4.096575,posted-ondemand,,42271210.773616004203496717092
2022-12-07,aws-ondemand,A100-80GB,5.120719,posted-ondemand,,42271210.773616004203496717092
2022-12-08,aws-ondemand,A100-40GB,4.096575,posted-ondemand,,44748487.507768390326870187344
2022-12-08,aws-ondemand,A100-80GB,5.120719,posted-ondemand,,44748487.507768390326870187344
2022-12-09,aws-ondemand,A100-40GB,4.096575,posted-ondemand,,41299477.964100308677931338055
2022-12-09,aws-ondemand,A100-80GB,5.120719,posted-ondemand,,41299477.964100308677931338055
2022-12-10,aws-ondemand,A100-40GB,4.096575,posted-ondemand,,44271686.438934924891001548465
2022-12-10,aws-ondemand,A100-80GB,5.120719,posted-ondemand,,44271686.438934924891001548465
2022-12-11,aws-ondemand,A100-40GB,4.096575,posted-ondemand,,43219865.524013556304762371072
2022-12-11,aws-ondemand,A100-80GB,5.120719,posted-ondemand,,43219865.524013556304762371072
2022-12-12,aws-ondemand,A100-40GB,4.096575,posted-ondemand,,43448888.580708311034143809248
2022-12-12,aws-ondemand,A100-80GB,5.120719,posted-ondemand,,43448888.580708311034143809248
2022-12-13,aws-ondemand,A100-40GB,4.096575,posted-ondemand,,41306278.642465581721565246487
2022-12-13,aws-ondemand,A100-80GB,5.120719,posted-ondemand,,41306278.642465581721565246487
2022-12-14,aws-ondemand,A100-40GB,4.096575,posted-ondemand,,40850666.926645817399910179562
2022-12-14,aws-ondemand,A100-80GB,5.120719,posted-ondemand,,40850666.926645817399910179562
2022-12-15,aws-ondemand,A100-40GB,4.096575,posted-ondemand,,40422489.500594182472435739597
2022-12-15,aws-ondemand,A100-80GB,5.120719,posted-ondemand,,40422489.500594182472435739597
2022-12-16,aws-ondemand,A100-40GB,4.096575,posted-ondemand,,38505995.666468817882313166262
2022-12-16,aws-ondemand,A100-80GB,5.120719,posted-ondemand,,38505995.666468817882313166262
2022-12-17,aws-ondemand,A100-40GB,4.096575,posted-ondemand,,39573715.10396645267351734491
2022-12-17,aws-ondemand,A100-80GB,5.120719,posted-ondemand,,39573715.10396645267351734491
2022-12-18,aws-ondemand,A100-40GB,4.096575,posted-ondemand,,40428568.851372555458407000265
2022-12-18,aws-ondemand,A100-80GB,5.120719,posted-ondemand,,40428568.851372555458407000265
2022-12-19,aws-ondemand,A100-40GB,4.096575,posted-ondemand,,38011917.4981117612211418027
2022-12-19,aws-ondemand,A100-80GB,5.120719,posted-ondemand,,38011917.4981117612211418027
2022-12-20,aws-ondemand,A100-40GB,4.096575,posted-ondemand,,39915205.974812426631185199507
2022-12-20,aws-ondemand,A100-80GB,5.120719,posted-ondemand,,39915205.974812426631185199507
2022-12-21,aws-ondemand,A100-40GB,4.096575,posted-ondemand,,39484574.70608080530731240865
2022-12-21,aws-ondemand,A100-80GB,5.120719,posted-ondemand,,39484574.70608080530731240865
2022-12-22,aws-ondemand,A100-40GB,4.096575,posted-ondemand,,39588286.66015574487187078725
2022-12-22,aws-ondemand,A100-80GB,5.120719,posted-ondemand,,39588286.66015574487187078725
2022-12-23,aws-ondemand,A100-40GB,4.096575,posted-ondemand,,39997437.871258089625042247846
2022-12-23,aws-ondemand,A100-80GB,5.120719,posted-ondemand,,39997437.871258089625042247846
2022-12-24,aws-ondemand,A100-40GB,4.096575,posted-ondemand,,40935834.978350717413106922487
2022-12-24,aws-ondemand,A100-80GB,5.120719,posted-ondemand,,40935834.978350717413106922487
2022-12-25,aws-ondemand,A100-40GB,4.096575,posted-ondemand,,40400363.100406130189897735223
2022-12-25,aws-ondemand,A100-80GB,5.120719,posted-ondemand,,40400363.100406130189897735223
2022-12-26,aws-ondemand,A100-40GB,4.096575,posted-ondemand,,40392147.534043357596744833024
2022-12-26,aws-ondemand,A100-80GB,5.120719,posted-ondemand,,40392147.534043357596744833024
2022-12-27,aws-ondemand,A100-40GB,4.096575,posted-ondemand,,40230885.981783871316408750534
2022-12-27,aws-ondemand,A100-80GB,5.120719,posted-ondemand,,40230885.981783871316408750534
2022-12-28,aws-ondemand,A100-40GB,4.096575,posted-ondemand,,38437094.415603573847145809072
2022-12-28,aws-ondemand,A100-80GB,5.120719,posted-ondemand,,38437094.415603573847145809072
2022-12-29,aws-ondemand,A100-40GB,4.096575,posted-ondemand,,38892761.311593344968610691192
2022-12-29,aws-ondemand,A100-80GB,5.120719,posted-ondemand,,38892761.311593344968610691192
2022-12-30,aws-ondemand,A100-40GB,4.096575,posted-ondemand,,37718065.726559369332809009169
2022-12-30,aws-ondemand,A100-80GB,5.120719,posted-ondemand,,37718065.726559369332809009169
2022-12-31,aws-ondemand,A100-40GB,4.096575,posted-ondemand,,36423869.002141828745453616561
2022-12-31,aws-ondemand,A100-80GB,5.120719,posted-ondemand,,36423869.002141828745453616561
2023-01-01,aws-ondemand,A100-40GB,4.096575,posted-ondemand,,38589137.246405831969440694709
2023-01-01,aws-ondemand,A100-80GB,5.120719,posted-ondemand,,38589137.246405831969440694709
2023-01-02,aws-ondemand,A100-40GB,4.096575,posted-ondemand,,39523059.640873505626722749764
2023-01-02,aws-ondemand,A100-80GB,5.120719,posted-ondemand,,39523059.640873505626722749764
2023-01-03,aws-ondemand,A100-40GB,4.096575,posted-ondemand,,40121762.295547806264238495849
2023-01-03,aws-ondemand,A100-80GB,5.120719,posted-ondemand,,40121762.295547806264238495849
2023-01-04,aws-ondemand,A100-40GB,4.096575,posted-ondemand,,40411577.692835865008239950678
2023-01-04,aws-ondemand,A100-80GB,5.120719,posted-ondemand,,40411577.692835865008239950678
2023-01-05,aws-ondemand,A100-40GB,4.096575,posted-ondemand,,40122574.065141381135179974039
2023-01-05,aws-ondemand,A100-80GB,5.120719,posted-ondemand,,40122574.065141381135179974039
2023-01-06,aws-ondemand,A100-40GB,4.096575,posted-ondemand,,40481365.219060700054078736516
2023-01-06,aws-ondemand,A100-80GB,5.120719,posted-ondemand,,40481365.219060700054078736516
2023-01-07,aws-ondemand,A100-40GB,4.096575,posted-ondemand,,40973098.625269638195747656802
2023-01-07,aws-ondemand,A100-80GB,5.120719,posted-ondemand,,40973098.625269638195747656802
2023-01-08,aws-ondemand,A100-40GB,4.096575,posted-ondemand,,44635444.294021198847232175221
2023-01-08,aws-ondemand,A100-80GB,5.120719,posted-ondemand,,44635444.294021198847232175221
2023-01-09,aws-ondemand,A100-40GB,4.096575,posted-ondemand,,44782531.215701888288346550368
2023-01-09,aws-ondemand,A100-80GB,5.120719,posted-ondemand,,44782531.215701888288346550368
2023-01-10,aws-ondemand,A100-40GB,4.096575,posted-ondemand,,40330291.071747154106173202068
2023-01-10,aws-ondemand,A100-80GB,5.120719,posted-ondemand,,40330291.071747154106173202068
2023-01-11,aws-ondemand,A100-40GB,4.096575,posted-ondemand,,43068742.18098182537101987874
2023-01-11,aws-ondemand,A100-80GB,5.120719,posted-ondemand,,43068742.18098182537101987874
2023-01-12,aws-ondemand,A100-40GB,4.096575,posted-ondemand,,45252541.307449842062561537718
2023-01-12,aws-ondemand,A100-80GB,5.120719,posted-ondemand,,45252541.307449842062561537718
2023-01-13,aws-ondemand,A100-40GB,4.096575,posted-ondemand,,47233438.016942246633785203581
2023-01-13,aws-ondemand,A100-80GB,5.120719,posted-ondemand,,47233438.016942246633785203581
2023-01-14,aws-ondemand,A100-40GB,4.096575,posted-ondemand,,49017065.749298904851592876072
2023-01-14,aws-ondemand,A100-80GB,5.120719,posted-ondemand,,49017065.749298904851592876072
2023-01-15,aws-ondemand,A100-40GB,4.096575,posted-ondemand,,50113074.535675617764072100767
2023-01-15,aws-ondemand,A100-80GB,5.120719,posted-ondemand,,50113074.535675617764072100767
2023-01-16,aws-ondemand,A100-40GB,4.096575,posted-ondemand,,47575939.17087637198457951616
2023-01-16,aws-ondemand,A100-80GB,5.120719,posted-ondemand,,47575939.17087637198457951616
2023-01-17,aws-ondemand,A100-40GB,4.096575,posted-ondemand,,48840366.34624971246230395056
2023-01-17,aws-ondemand,A100-80GB,5.120719,posted-ondemand,,48840366.34624971246230395056
2023-01-18,aws-ondemand,A100-40GB,4.096575,posted-ondemand,,44810281.448530872953048451956
2023-01-18,aws-ondemand,A100-80GB,5.120719,posted-ondemand,,44810281.448530872953048451956
2023-01-19,aws-ondemand,A100-40GB,4.096575,posted-ondemand,,45651794.177010692490851612441
2023-01-19,aws-ondemand,A100-80GB,5.120719,posted-ondemand,,45651794.177010692490851612441
2023-01-20,aws-ondemand,A100-40GB,4.096575,posted-ondemand,,49616447.979953012026830218154
2023-01-20,aws-ondemand,A100-80GB,5.120719,posted-ondemand,,49616447.979953012026830218154
2023-01-21,aws-ondemand,A100-40GB,4.096575,posted-ondemand,,54232879.12824041273239090893
2023-01-21,aws-ondemand,A100-80GB,5.120719,posted-ondemand,,54232879.12824041273239090893
2023-01-22,aws-ondemand,A100-40GB,4.096575,posted-ondemand,,53503420.724917165940337488448
2023-01-22,aws-ondemand,A100-80GB,5.120719,posted-ondemand,,53503420.724917165940337488448
2023-01-23,aws-ondemand,A100-40GB,4.096575,posted-ondemand,,54439853.788422902398805931696
2023-01-23,aws-ondemand,A100-80GB,5.120719,posted-ondemand,,54439853.788422902398805931696
2023-01-24,aws-ondemand,A100-40GB,4.096575,posted-ondemand,,55938872.48514362996267539808
2023-01-24,aws-ondemand,A100-80GB,5.120719,posted-ondemand,,55938872.48514362996267539808
2023-01-25,aws-ondemand,A100-40GB,4.096575,posted-ondemand,,56383020.359611307541572664248
2023-01-25,aws-ondemand,A100-80GB,5.120719,posted-ondemand,,56383020.359611307541572664248
2023-01-26,aws-ondemand,A100-40GB,4.096575,posted-ondemand,,59967650.861895874201253793054
2023-01-26,aws-ondemand,A100-80GB,5.120719,posted-ondemand,,59967650.861895874201253793054
2023-01-27,aws-ondemand,A100-40GB,4.096575,posted-ondemand,,64232786.345959969076452829628
2023-01-27,aws-ondemand,A100-80GB,5.120719,posted-ondemand,,64232786.345959969076452829628
2023-01-28,aws-ondemand,A100-40GB,4.096575,posted-ondemand,,69153362.866343097691739580775
2023-01-28,aws-ondemand,A100-80GB,5.120719,posted-ondemand,,69153362.866343097691739580775
2023-01-29,aws-ondemand,A100-40GB,4.096575,posted-ondemand,,69507051.167093940697910539533
2023-01-29,aws-ondemand,A100-80GB,5.120719,posted-ondemand,,69507051.167093940697910539533
2023-01-30,aws-ondemand,A100-40GB,4.096575,posted-ondemand,,66446794.20432727611192637047
2023-01-30,aws-ondemand,A100-80GB,5.120719,posted-ondemand,,66446794.20432727611192637047
2023-01-31,aws-ondemand,A100-40GB,4.096575,posted-ondemand,,65842128.774846139753653619129
2023-01-31,aws-ondemand,A100-80GB,5.120719,posted-ondemand,,65842128.774846139753653619129
2023-02-01,aws-ondemand,A100-40GB,4.096575,posted-ondemand,,74063359.46756424942163245216
2023-02-01,aws-ondemand,A100-80GB,5.120719,posted-ondemand,,74063359.46756424942163245216
2023-02-02,aws-ondemand,A100-40GB,4.096575,posted-ondemand,,77650964.886755770156148891886
2023-02-02,aws-ondemand,A100-80GB,5.120719,posted-ondemand,,77650964.886755770156148891886
2023-02-03,aws-ondemand,A100-40GB,4.096575,posted-ondemand,,79015242.022408435159896257926
2023-02-03,aws-ondemand,A100-80GB,5.120719,posted-ondemand,,79015242.022408435159896257926
2023-02-04,aws-ondemand,A100-40GB,4.096575,posted-ondemand,,80661726.4056120793149181403
2023-02-04,aws-ondemand,A100-80GB,5.120719,posted-ondemand,,80661726.4056120793149181403
2023-02-05,aws-ondemand,A100-40GB,4.096575,posted-ondemand,,78613869.542945597281451498472
2023-02-05,aws-ondemand,A100-80GB,5.120719,posted-ondemand,,78613869.542945597281451498472
2023-02-06,aws-ondemand,A100-40GB,4.096575,posted-ondemand,,77563890.475787296447199310614
2023-02-06,aws-ondemand,A100-80GB,5.120719,posted-ondemand,,77563890.475787296447199310614
2023-02-07,aws-ondemand,A100-40GB,4.096575,posted-ondemand,,105032672.66710629936453641501
2023-02-07,aws-ondemand,A100-80GB,5.120719,posted-ondemand,,105032672.66710629936453641501
2023-02-08,aws-ondemand,A100-40GB,4.096575,posted-ondemand,,94515156.474370132439761760651
2023-02-08,aws-ondemand,A100-80GB,5.120719,posted-ondemand,,94515156.474370132439761760651
2023-02-09,aws-ondemand,A100-40GB,4.096575,posted-ondemand,,102660997.655896529751674894672
2023-02-09,aws-ondemand,A100-80GB,5.120719,posted-ondemand,,102660997.655896529751674894672
2023-02-10,aws-ondemand,A100-40GB,4.096575,posted-ondemand,,108795440.998001776868458527843
2023-02-10,aws-ondemand,A100-80GB,5.120719,posted-ondemand,,108795440.998001776868458527843
2023-02-11,aws-ondemand,A100-40GB,4.096575,posted-ondemand,,111387411.103409452924484465448
2023-02-11,aws-ondemand,A100-80GB,5.120719,posted-ondemand,,111387411.103409452924484465448
2023-02-12,aws-ondemand,A100-40GB,4.096575,posted-ondemand,,122501068.255354833253158878442
2023-02-12,aws-ondemand,A100-80GB,5.120719,posted-ondemand,,122501068.255354833253158878442
2023-02-13,aws-ondemand,A100-40GB,4.096575,posted-ondemand,,101613466.08259644235095792864
2023-02-13,aws-ondemand,A100-80GB,5.120719,posted-ondemand,,101613466.08259644235095792864
2023-02-14,aws-ondemand,A100-40GB,4.096575,posted-ondemand,,103259565.766603771237880468558
2023-02-14,aws-ondemand,A100-80GB,5.120719,posted-ondemand,,103259565.766603771237880468558
2023-02-15,aws-ondemand,A100-40GB,4.096575,posted-ondemand,,109269316.145225387513010853326
2023-02-15,aws-ondemand,A100-80GB,5.120719,posted-ondemand,,109269316.145225387513010853326
2023-02-16,aws-ondemand,A100-40GB,4.096575,posted-ondemand,,105201261.645253286108166211074
2023-02-16,aws-ondemand,A100-80GB,5.120719,posted-ondemand,,105201261.645253286108166211074
2023-02-17,aws-ondemand,A100-40GB,4.096575,posted-ondemand,,106886821.537089375249054462708
2023-02-17,aws-ondemand,A100-80GB,5.120719,posted-ondemand,,106886821.537089375249054462708
2023-02-18,aws-ondemand,A100-40GB,4.096575,posted-ondemand,,106659686.532986092004335888612
2023-02-18,aws-ondemand,A100-80GB,5.120719,posted-ondemand,,106659686.532986092004335888612
2023-02-19,aws-ondemand,A100-40GB,4.096575,posted-ondemand,,113617479.139412201205105763914
2023-02-19,aws-ondemand,A100-80GB,5.120719,posted-ondemand,,113617479.139412201205105763914
2023-02-20,aws-ondemand,A100-40GB,4.096575,posted-ondemand,,119608362.254390145924022936278
2023-02-20,aws-ondemand,A100-80GB,5.120719,posted-ondemand,,119608362.254390145924022936278
2023-02-21,aws-ondemand,A100-40GB,4.096575,posted-ondemand,,106593592.95755940379160420212
2023-02-21,aws-ondemand,A100-80GB,5.120719,posted-ondemand,,106593592.95755940379160420212
2023-02-22,aws-ondemand,A100-40GB,4.096575,posted-ondemand,,102917477.35569957888236267122
2023-02-22,aws-ondemand,A100-80GB,5.120719,posted-ondemand,,102917477.35569957888236267122
2023-02-23,aws-ondemand,A100-40GB,4.096575,posted-ondemand,,102675556.289913130290309552
2023-02-23,aws-ondemand,A100-80GB,5.120719,posted-ondemand,,102675556.289913130290309552
2023-02-24,aws-ondemand,A100-40GB,4.096575,posted-ondemand,,94834210.54724681270876918763
2023-02-24,aws-ondemand,A100-80GB,5.120719,posted-ondemand,,94834210.54724681270876918763
2023-02-25,aws-ondemand,A100-40GB,4.096575,posted-ondemand,,94796585.13585514564498933654
2023-02-25,aws-ondemand,A100-80GB,5.120719,posted-ondemand,,94796585.13585514564498933654
2023-02-26,aws-ondemand,A100-40GB,4.096575,posted-ondemand,,99969069.577634869259214845976
2023-02-26,aws-ondemand,A100-80GB,5.120719,posted-ondemand,,99969069.577634869259214845976
2023-02-27,aws-ondemand,A100-40GB,4.096575,posted-ondemand,,95477578.92805471297810747889
2023-02-27,aws-ondemand,A100-80GB,5.120719,posted-ondemand,,95477578.92805471297810747889
2023-02-28,aws-ondemand,A100-40GB,4.096575,posted-ondemand,,96205883.164621364206328303498
2023-02-28,aws-ondemand,A100-80GB,5.120719,posted-ondemand,,96205883.164621364206328303498
2023-03-01,aws-ondemand,A100-40GB,4.096575,posted-ondemand,,90312932.33555069765984332024
2023-03-01,aws-ondemand,A100-80GB,5.120719,posted-ondemand,,90312932.33555069765984332024
2023-03-02,aws-ondemand,A100-40GB,4.096575,posted-ondemand,,85715576.301964936165931673282
2023-03-02,aws-ondemand,A100-80GB,5.120719,posted-ondemand,,85715576.301964936165931673282
2023-03-03,aws-ondemand,A100-40GB,4.096575,posted-ondemand,,83241946.0453815941475874976
2023-03-03,aws-ondemand,A100-80GB,5.120719,posted-ondemand,,83241946.0453815941475874976
2023-03-04,aws-ondemand,A100-40GB,4.096575,posted-ondemand,,82893166.650331868006956038843
2023-03-04,aws-ondemand,A100-80GB,5.120719,posted-ondemand,,82893166.650331868006956038843
2023-03-05,aws-ondemand,A100-40GB,4.096575,posted-ondemand,,83440433.311530220947234087
2023-03-05,aws-ondemand,A100-80GB,5.120719,posted-ondemand,,83440433.311530220947234087
2023-03-06,aws-ondemand,A100-40GB,4.096575,posted-ondemand,,81350084.93361054525122479032
2023-03-06,aws-ondemand,A100-80GB,5.120719,posted-ondemand,,81350084.93361054525122479032
2023-03-07,aws-ondemand,A100-40GB,4.096575,posted-ondemand,,78676458.65039447576795711288
2023-03-07,aws-ondemand,A100-80GB,5.120719,posted-ondemand,,78676458.65039447576795711288
2023-03-08,aws-ondemand,A100-40GB,4.096575,posted-ondemand,,74457290.2969970702350297263
2023-03-08,aws-ondemand,A100-80GB,5.120719,posted-ondemand,,74457290.2969970702350297263
2023-03-09,aws-ondemand,A100-40GB,4.096575,posted-ondemand,,72464429.76301036748915414232
2023-03-09,aws-ondemand,A100-80GB,5.120719,posted-ondemand,,72464429.76301036748915414232
2023-03-10,aws-ondemand,A100-40GB,4.096575,posted-ondemand,,68668502.061517192562960869692
2023-03-10,aws-ondemand,A100-80GB,5.120719,posted-ondemand,,68668502.061517192562960869692
2023-03-11,aws-ondemand,A100-40GB,4.096575,posted-ondemand,,60235035.90243158402966527275
2023-03-11,aws-ondemand,A100-80GB,5.120719,posted-ondemand,,60235035.90243158402966527275
2023-03-12,aws-ondemand,A100-40GB,4.096575,posted-ondemand,,63272051.428931647603073663616
2023-03-12,aws-ondemand,A100-80GB,5.120719,posted-ondemand,,63272051.428931647603073663616
2023-03-13,aws-ondemand,A100-40GB,4.096575,posted-ondemand,,67645684.22124023325435089664
2023-03-13,aws-ondemand,A100-80GB,5.120719,posted-ondemand,,67645684.22124023325435089664
2023-03-14,aws-ondemand,A100-40GB,4.096575,posted-ondemand,,71644685.708183562159896641608
2023-03-14,aws-ondemand,A100-80GB,5.120719,posted-ondemand,,71644685.708183562159896641608
2023-03-15,aws-ondemand,A100-40GB,4.096575,posted-ondemand,,66836207.08080980788722486777
2023-03-15,aws-ondemand,A100-80GB,5.120719,posted-ondemand,,66836207.08080980788722486777
2023-03-16,aws-ondemand,A100-40GB,4.096575,posted-ondemand,,66908134.223916569623697295558
2023-03-16,aws-ondemand,A100-80GB,5.120719,posted-ondemand,,66908134.223916569623697295558
2023-03-17,aws-ondemand,A100-40GB,4.096575,posted-ondemand,,69609129.164241391943716210416
2023-03-17,aws-ondemand,A100-80GB,5.120719,posted-ondemand,,69609129.164241391943716210416
2023-03-18,aws-ondemand,A100-40GB,4.096575,posted-ondemand,,68916058.023906218001425463968
2023-03-18,aws-ondemand,A100-80GB,5.120719,posted-ondemand,,68916058.023906218001425463968
2023-03-19,aws-ondemand,A100-40GB,4.096575,posted-ondemand,,69077645.964314019100425840834
2023-03-19,aws-ondemand,A100-80GB,5.120719,posted-ondemand,,69077645.964314019100425840834
2023-03-20,aws-ondemand,A100-40GB,4.096575,posted-ondemand,,67655432.61533985492394229841
2023-03-20,aws-ondemand,A100-80GB,5.120719,posted-ondemand,,67655432.61533985492394229841
2023-03-21,aws-ondemand,A100-40GB,4.096575,posted-ondemand,,66790839.169413695984212898487
2023-03-21,aws-ondemand,A100-80GB,5.120719,posted-ondemand,,66790839.169413695984212898487
2023-03-22,aws-ondemand,A100-40GB,4.096575,posted-ondemand,,62103577.710058144248107642198
2023-03-22,aws-ondemand,A100-80GB,5.120719,posted-ondemand,,62103577.710058144248107642198
2023-03-23,aws-ondemand,A100-40GB,4.096575,posted-ondemand,,61379204.234240075532411361026
2023-03-23,aws-ondemand,A100-80GB,5.120719,posted-ondemand,,61379204.234240075532411361026
2023-03-24,aws-ondemand,A100-40GB,4.096575,posted-ondemand,,59981306.992984899151586655236
2023-03-24,aws-ondemand,A100-80GB,5.120719,posted-ondemand,,59981306.992984899151586655236
2023-03-25,aws-ondemand,A100-40GB,4.096575,posted-ondemand,,61788032.473285358314836286236
2023-03-25,aws-ondemand,A100-80GB,5.120719,posted-ondemand,,61788032.473285358314836286236
2023-03-26,aws-ondemand,A100-40GB,4.096575,posted-ondemand,,62322176.41412531500566573879
2023-03-26,aws-ondemand,A100-80GB,5.120719,posted-ondemand,,62322176.41412531500566573879
2023-03-27,aws-ondemand,A100-40GB,4.096575,posted-ondemand,,59996740.073102019103786198822
2023-03-27,aws-ondemand,A100-80GB,5.120719,posted-ondemand,,59996740.073102019103786198822
2023-03-28,aws-ondemand,A100-40GB,4.096575,posted-ondemand,,64147800.030387162949438138882
2023-03-28,aws-ondemand,A100-80GB,5.120719,posted-ondemand,,64147800.030387162949438138882
2023-03-29,aws-ondemand,A100-40GB,4.096575,posted-ondemand,,65251649.072907172698998668692
2023-03-29,aws-ondemand,A100-80GB,5.120719,posted-ondemand,,65251649.072907172698998668692
2023-03-30,aws-ondemand,A100-40GB,4.096575,posted-ondemand,,64870947.027513338419010802936
2023-03-30,aws-ondemand,A100-80GB,5.120719,posted-ondemand,,64870947.027513338419010802936
2023-03-31,aws-ondemand,A100-40GB,4.096575,posted-ondemand,,65492989.548993802841640618849
2023-03-31,aws-ondemand,A100-80GB,5.120719,posted-ondemand,,65492989.548993802841640618849
2023-04-01,aws-ondemand,A100-40GB,4.096575,posted-ondemand,,65787444.603334406382131837724
2023-04-01,aws-ondemand,A100-80GB,5.120719,posted-ondemand,,65787444.603334406382131837724
2023-04-02,aws-ondemand,A100-40GB,4.096575,posted-ondemand,,64671503.557588301136387822528
2023-04-02,aws-ondemand,A100-80GB,5.120719,posted-ondemand,,64671503.557588301136387822528
2023-04-03,aws-ondemand,A100-40GB,4.096575,posted-ondemand,,61404886.620843450239024420834
2023-04-03,aws-ondemand,A100-80GB,5.120719,posted-ondemand,,61404886.620843450239024420834
2023-04-04,aws-ondemand,A100-40GB,4.096575,posted-ondemand,,63250900.796087869593462579092
2023-04-04,aws-ondemand,A100-80GB,5.120719,posted-ondemand,,63250900.796087869593462579092
2023-04-05,aws-ondemand,A100-40GB,4.096575,posted-ondemand,,62916401.52353678073706199997
2023-04-05,aws-ondemand,A100-80GB,5.120719,posted-ondemand,,62916401.52353678073706199997
2023-04-06,aws-ondemand,A100-40GB,4.096575,posted-ondemand,,60781401.953966842495590651528
2023-04-06,aws-ondemand,A100-80GB,5.120719,posted-ondemand,,60781401.953966842495590651528
2023-04-07,aws-ondemand,A100-40GB,4.096575,posted-ondemand,,60786357.70624932772002750966
2023-04-07,aws-ondemand,A100-80GB,5.120719,posted-ondemand,,60786357.70624932772002750966
2023-04-08,aws-ondemand,A100-40GB,4.096575,posted-ondemand,,59564011.91508157789798676189
2023-04-08,aws-ondemand,A100-80GB,5.120719,posted-ondemand,,59564011.91508157789798676189
2023-04-09,aws-ondemand,A100-40GB,4.096575,posted-ondemand,,60025758.356597282851122682156
2023-04-09,aws-ondemand,A100-80GB,5.120719,posted-ondemand,,60025758.356597282851122682156
2023-04-10,aws-ondemand,A100-40GB,4.096575,posted-ondemand,,60416349.211581763949479676844
2023-04-10,aws-ondemand,A100-80GB,5.120719,posted-ondemand,,60416349.211581763949479676844
2023-04-11,aws-ondemand,A100-40GB,4.096575,posted-ondemand,,58495517.00542241622641952627
2023-04-11,aws-ondemand,A100-80GB,5.120719,posted-ondemand,,58495517.00542241622641952627
2023-04-12,aws-ondemand,A100-40GB,4.096575,posted-ondemand,,59416371.05199702427272225214
2023-04-12,aws-ondemand,A100-80GB,5.120719,posted-ondemand,,59416371.05199702427272225214
2023-04-13,aws-ondemand,A100-40GB,4.096575,posted-ondemand,,70532277.740345981270655116239
2023-04-13,aws-ondemand,A100-80GB,5.120719,posted-ondemand,,70532277.740345981270655116239
2023-04-14,aws-ondemand,A100-40GB,4.096575,posted-ondemand,,76104247.387080302009882412284
2023-04-14,aws-ondemand,A100-80GB,5.120719,posted-ondemand,,76104247.387080302009882412284
2023-04-15,aws-ondemand,A100-40GB,4.096575,posted-ondemand,,76806700.630886581592420170552
2023-04-15,aws-ondemand,A100-80GB,5.120719,posted-ondemand,,76806700.630886581592420170552
2023-04-16,aws-ondemand,A100-40GB,4.096575,posted-ondemand,,75500072.537969892091234468875
2023-04-16,aws-ondemand,A100-80GB,5.120719,posted-ondemand,,75500072.537969892091234468875
2023-04-17,aws-ondemand,A100-40GB,4.096575,posted-ondemand,,72129646.678889234913237364701
2023-04-17,aws-ondemand,A100-80GB,5.120719,posted-ondemand,,72129646.678889234913237364701
2023-04-18,aws-ondemand,A100-40GB,4.096575,posted-ondemand,,70599295.6485509963831894145
2023-04-18,aws-ondemand,A100-80GB,5.120719,posted-ondemand,,70599295.6485509963831894145
2023-04-19,aws-ondemand,A100-40GB,4.096575,posted-ondemand,,63470429.740654331892279626896
2023-04-19,aws-ondemand,A100-80GB,5.120719,posted-ondemand,,63470429.740654331892279626896
2023-04-20,aws-ondemand,A100-40GB,4.096575,posted-ondemand,,63398481.272251372008099843
2023-04-20,aws-ondemand,A100-80GB,5.120719,posted-ondemand,,63398481.272251372008099843
2023-04-21,aws-ondemand,A100-40GB,4.096575,posted-ondemand,,60816013.83491868218638954074
2023-04-21,aws-ondemand,A100-80GB,5.120719,posted-ondemand,,60816013.83491868218638954074
2023-04-22,aws-ondemand,A100-40GB,4.096575,posted-ondemand,,59942255.09176594548593003808
2023-04-22,aws-ondemand,A100-80GB,5.120719,posted-ondemand,,59942255.09176594548593003808
2023-04-23,aws-ondemand,A100-40GB,4.096575,posted-ondemand,,59299422.576712686812875828248
2023-04-23,aws-ondemand,A100-80GB,5.120719,posted-ondemand,,59299422.576712686812875828248
2023-04-24,aws-ondemand,A100-40GB,4.096575,posted-ondemand,,58126568.706765007751348472502
2023-04-24,aws-ondemand,A100-80GB,5.120719,posted-ondemand,,58126568.706765007751348472502
2023-04-25,aws-ondemand,A100-40GB,4.096575,posted-ondemand,,59091227.61580090851915882018
2023-04-25,aws-ondemand,A100-80GB,5.120719,posted-ondemand,,59091227.61580090851915882018
2023-04-26,aws-ondemand,A100-40GB,4.096575,posted-ondemand,,61182725.134067413863733426668
2023-04-26,aws-ondemand,A100-80GB,5.120719,posted-ondemand,,61182725.134067413863733426668
2023-04-27,aws-ondemand,A100-40GB,4.096575,posted-ondemand,,60044053.193448254518942354999
2023-04-27,aws-ondemand,A100-80GB,5.120719,posted-ondemand,,60044053.193448254518942354999
2023-04-28,aws-ondemand,A100-40GB,4.096575,posted-ondemand,,58223588.831015040100118968364
2023-04-28,aws-ondemand,A100-80GB,5.120719,posted-ondemand,,58223588.831015040100118968364
2023-04-29,aws-ondemand,A100-40GB,4.096575,posted-ondemand,,56627371.795509493237565626188
2023-04-29,aws-ondemand,A100-80GB,5.120719,posted-ondemand,,56627371.795509493237565626188
2023-04-30,aws-ondemand,A100-40GB,4.096575,posted-ondemand,,55686949.306028621360165986481
2023-04-30,aws-ondemand,A100-80GB,5.120719,posted-ondemand,,55686949.306028621360165986481
2023-05-01,aws-ondemand,A100-40GB,4.096575,posted-ondemand,,53597937.770493716745701160175
2023-05-01,aws-ondemand,A100-80GB,5.120719,posted-ondemand,,53597937.770493716745701160175
2023-05-02,aws-ondemand,A100-40GB,4.096575,posted-ondemand,,54160577.047361056675988959374
2023-05-02,aws-ondemand,A100-80GB,5.120719,posted-ondemand,,54160577.047361056675988959374
2023-05-03,aws-ondemand,A100-40GB,4.096575,posted-ondemand,,53779116.426362242457080310225
2023-05-03,aws-ondemand,A100-80GB,5.120719,posted-ondemand,,53779116.426362242457080310225
2023-05-04,aws-ondemand,A100-40GB,4.096575,posted-ondemand,,56376072.675062209427552333995
2023-05-04,aws-ondemand,A100-80GB,5.120719,posted-ondemand,,56376072.675062209427552333995
2023-05-05,aws-ondemand,A100-40GB,4.096575,posted-ondemand,,55975367.875227429107748283232
2023-05-05,aws-ondemand,A100-80GB,5.120719,posted-ondemand,,55975367.875227429107748283232
2023-05-06,aws-ondemand,A100-40GB,4.096575,posted-ondemand,,55098366.902811533718386409024
2023-05-06,aws-ondemand,A100-80GB,5.120719,posted-ondemand,,55098366.902811533718386409024
2023-05-07,aws-ondemand,A100-40GB,4.096575,posted-ondemand,,53626758.206257034589183966524
2023-05-07,aws-ondemand,A100-80GB,5.120719,posted-ondemand,,53626758.206257034589183966524
2023-05-08,aws-ondemand,A100-40GB,4.096575,posted-ondemand,,51348622.022790383220922848295
2023-05-08,aws-ondemand,A100-80GB,5.120719,posted-ondemand,,51348622.022790383220922848295
2023-05-09,aws-ondemand,A100-40GB,4.096575,posted-ondemand,,49060621.02885130529218945025
2023-05-09,aws-ondemand,A100-80GB,5.120719,posted-ondemand,,49060621.02885130529218945025
2023-05-10,aws-ondemand,A100-40GB,4.096575,posted-ondemand,,51985095.393957003031094293752
2023-05-10,aws-ondemand,A100-80GB,5.120719,posted-ondemand,,51985095.393957003031094293752
2023-05-11,aws-ondemand,A100-40GB,4.096575,posted-ondemand,,50593757.019199559565007660182
2023-05-11,aws-ondemand,A100-80GB,5.120719,posted-ondemand,,50593757.019199559565007660182
2023-05-12,aws-ondemand,A100-40GB,4.096575,posted-ondemand,,50707820.864378084742261552144
2023-05-12,aws-ondemand,A100-80GB,5.120719,posted-ondemand,,50707820.864378084742261552144
2023-05-13,aws-ondemand,A100-40GB,4.096575,posted-ondemand,,54208800.71814798834329529625
2023-05-13,aws-ondemand,A100-80GB,5.120719,posted-ondemand,,54208800.71814798834329529625
2023-05-14,aws-ondemand,A100-40GB,4.096575,posted-ondemand,,54451810.728905148550072933929
2023-05-14,aws-ondemand,A100-80GB,5.120719,posted-ondemand,,54451810.728905148550072933929
2023-05-15,aws-ondemand,A100-40GB,4.096575,posted-ondemand,,53950483.395267982928420173047
2023-05-15,aws-ondemand,A100-80GB,5.120719,posted-ondemand,,53950483.395267982928420173047
2023-05-16,aws-ondemand,A100-40GB,4.096575,posted-ondemand,,56890131.83618806496642815507
2023-05-16,aws-ondemand,A100-80GB,5.120719,posted-ondemand,,56890131.83618806496642815507
2023-05-17,aws-ondemand,A100-40GB,4.096575,posted-ondemand,,61089360.272236504776181846744
2023-05-17,aws-ondemand,A100-80GB,5.120719,posted-ondemand,,61089360.272236504776181846744
2023-05-18,aws-ondemand,A100-40GB,4.096575,posted-ondemand,,60510971.38856105863927366102
2023-05-18,aws-ondemand,A100-80GB,5.120719,posted-ondemand,,60510971.38856105863927366102
2023-05-19,aws-ondemand,A100-40GB,4.096575,posted-ondemand,,68431478.291037015440456677208
2023-05-19,aws-ondemand,A100-80GB,5.120719,posted-ondemand,,68431478.291037015440456677208
2023-05-20,aws-ondemand,A100-40GB,4.096575,posted-ondemand,,70226687.851757019664836123947
2023-05-20,aws-ondemand,A100-80GB,5.120719,posted-ondemand,,70226687.851757019664836123947
2023-05-21,aws-ondemand,A100-40GB,4.096575,posted-ondemand,,75093117.025402863797584904136
2023-05-21,aws-ondemand,A100-80GB,5.120719,posted-ondemand,,75093117.025402863797584904136
2023-05-22,aws-ondemand,A100-40GB,4.096575,posted-ondemand,,81431957.777623768383936293232
2023-05-22,aws-ondemand,A100-80GB,5.120719,posted-ondemand,,81431957.777623768383936293232
2023-05-23,aws-ondemand,A100-40GB,4.096575,posted-ondemand,,76890071.657619867066499064167
2023-05-23,aws-ondemand,A100-80GB,5.120719,posted-ondemand,,76890071.657619867066499064167
2023-05-24,aws-ondemand,A100-40GB,4.096575,posted-ondemand,,73258354.68117595501074371151
2023-05-24,aws-ondemand,A100-80GB,5.120719,posted-ondemand,,73258354.68117595501074371151
2023-05-25,aws-ondemand,A100-40GB,4.096575,posted-ondemand,,90159407.633357144540921192172
2023-05-25,aws-ondemand,A100-80GB,5.120719,posted-ondemand,,90159407.633357144540921192172
2023-05-26,aws-ondemand,A100-40GB,4.096575,posted-ondemand,,95779211.215093962290106626952
2023-05-26,aws-ondemand,A100-80GB,5.120719,posted-ondemand,,95779211.215093962290106626952
2023-05-27,aws-ondemand,A100-40GB,4.096575,posted-ondemand,,103969476.877717520002306020135
2023-05-27,aws-ondemand,A100-80GB,5.120719,posted-ondemand,,103969476.877717520002306020135
2023-05-28,aws-ondemand,A100-40GB,4.096575,posted-ondemand,,129701239.370992471658797518596
2023-05-28,aws-ondemand,A100-80GB,5.120719,posted-ondemand,,129701239.370992471658797518596
2023-05-29,aws-ondemand,A100-40GB,4.096575,posted-ondemand,,120174745.369916081960295424039
2023-05-29,aws-ondemand,A100-80GB,5.120719,posted-ondemand,,120174745.369916081960295424039
2023-05-30,aws-ondemand,A100-40GB,4.096575,posted-ondemand,,136390454.049453272847990698238
2023-05-30,aws-ondemand,A100-80GB,5.120719,posted-ondemand,,136390454.049453272847990698238
2023-05-31,aws-ondemand,A100-40GB,4.096575,posted-ondemand,,137974132.352925368858021185692
2023-05-31,aws-ondemand,A100-80GB,5.120719,posted-ondemand,,137974132.352925368858021185692
2023-06-01,aws-ondemand,A100-40GB,4.096575,posted-ondemand,,133884174.2514409495672308934
2023-06-01,aws-ondemand,A100-80GB,5.120719,posted-ondemand,,133884174.2514409495672308934
2023-06-02,aws-ondemand,A100-40GB,4.096575,posted-ondemand,,126931208.712950362087024502625
2023-06-02,aws-ondemand,A100-80GB,5.120719,posted-ondemand,,126931208.712950362087024502625
2023-06-03,aws-ondemand,A100-40GB,4.096575,posted-ondemand,,132191360.276545957502553110469
2023-06-03,aws-ondemand,A100-80GB,5.120719,posted-ondemand,,132191360.276545957502553110469
2023-06-04,aws-ondemand,A100-40GB,4.096575,posted-ondemand,,141744826.336627869866311273564
2023-06-04,aws-ondemand,A100-80GB,5.120719,posted-ondemand,,141744826.336627869866311273564
2023-06-05,aws-ondemand,A100-40GB,4.096575,posted-ondemand,,129139365.399826095502977988836
2023-06-05,aws-ondemand,A100-80GB,5.120719,posted-ondemand,,129139365.399826095502977988836
2023-06-06,aws-ondemand,A100-40GB,4.096575,posted-ondemand,,138577918.119738368574646253856
2023-06-06,aws-ondemand,A100-80GB,5.120719,posted-ondemand,,138577918.119738368574646253856
2023-06-07,aws-ondemand,A100-40GB,4.096575,posted-ondemand,,132885161.693726835058913657487
2023-06-07,aws-ondemand,A100-80GB,5.120719,posted-ondemand,,132885161.693726835058913657487
2023-06-08,aws-ondemand,A100-40GB,4.096575,posted-ondemand,,130596050.335426524735327749305
2023-06-08,aws-ondemand,A100-80GB,5.120719,posted-ondemand,,130596050.335426524735327749305
2023-06-09,aws-ondemand,A100-40GB,4.096575,posted-ondemand,,123948040.738929508009898034354
2023-06-09,aws-ondemand,A100-80GB,5.120719,posted-ondemand,,123948040.738929508009898034354
2023-06-10,aws-ondemand,A100-40GB,4.096575,posted-ondemand,,108753575.041659589071145158508
2023-06-10,aws-ondemand,A100-80GB,5.120719,posted-ondemand,,108753575.041659589071145158508
2023-06-11,aws-ondemand,A100-40GB,4.096575,posted-ondemand,,113619394.217303034247764593313
2023-06-11,aws-ondemand,A100-80GB,5.120719,posted-ondemand,,113619394.217303034247764593313
2023-06-12,aws-ondemand,A100-40GB,4.096575,posted-ondemand,,100555075.703370606926408478632
2023-06-12,aws-ondemand,A100-80GB,5.120719,posted-ondemand,,100555075.703370606926408478632
2023-06-13,aws-ondemand,A100-40GB,4.096575,posted-ondemand,,100706045.2285256709929954028
2023-06-13,aws-ondemand,A100-80GB,5.120719,posted-ondemand,,100706045.2285256709929954028
2023-06-14,aws-ondemand,A100-40GB,4.096575,posted-ondemand,,100550871.316507335635949541363
2023-06-14,aws-ondemand,A100-80GB,5.120719,posted-ondemand,,100550871.316507335635949541363
2023-06-15,aws-ondemand,A100-40GB,4.096575,posted-ondemand,,109176540.550096868250876976356
2023-06-15,aws-ondemand,A100-80GB,5.120719,posted-ondemand,,109176540.550096868250876976356
2023-06-16,aws-ondemand,A100-40GB,4.096575,posted-ondemand,,133795714.75469619712817380992
2023-06-16,aws-ondemand,A100-80GB,5.120719,posted-ondemand,,133795714.75469619712817380992
2023-06-17,aws-ondemand,A100-40GB,4.096575,posted-ondemand,,149434956.028178678750125780743
2023-06-17,aws-ondemand,A100-80GB,5.120719,posted-ondemand,,149434956.028178678750125780743
2023-06-18,aws-ondemand,A100-40GB,4.096575,posted-ondemand,,132787428.193549422475607530809
2023-06-18,aws-ondemand,A100-80GB,5.120719,posted-ondemand,,132787428.193549422475607530809
2023-06-19,aws-ondemand,A100-40GB,4.096575,posted-ondemand,,131341259.14844852990319745032
2023-06-19,aws-ondemand,A100-80GB,5.120719,posted-ondemand,,131341259.14844852990319745032
2023-06-20,aws-ondemand,A100-40GB,4.096575,posted-ondemand,,138579046.66453963592057249214
2023-06-20,aws-ondemand,A100-80GB,5.120719,posted-ondemand,,138579046.66453963592057249214
2023-06-21,aws-ondemand,A100-40GB,4.096575,posted-ondemand,,138479838.896774388233505311694
2023-06-21,aws-ondemand,A100-80GB,5.120719,posted-ondemand,,138479838.896774388233505311694
2023-06-22,aws-ondemand,A100-40GB,4.096575,posted-ondemand,,138136728.536175335202608892102
2023-06-22,aws-ondemand,A100-80GB,5.120719,posted-ondemand,,138136728.536175335202608892102
2023-06-23,aws-ondemand,A100-40GB,4.096575,posted-ondemand,,141954917.892420015912766226344
2023-06-23,aws-ondemand,A100-80GB,5.120719,posted-ondemand,,141954917.892420015912766226344
2023-06-24,aws-ondemand,A100-40GB,4.096575,posted-ondemand,,139852661.807686891305699535689
2023-06-24,aws-ondemand,A100-80GB,5.120719,posted-ondemand,,139852661.807686891305699535689
2023-06-25,aws-ondemand,A100-40GB,4.096575,posted-ondemand,,134179978.443424669122795252
2023-06-25,aws-ondemand,A100-80GB,5.120719,posted-ondemand,,134179978.443424669122795252
2023-06-26,aws-ondemand,A100-40GB,4.096575,posted-ondemand,,130175445.518868643150936258264
2023-06-26,aws-ondemand,A100-80GB,5.120719,posted-ondemand,,130175445.518868643150936258264
2023-06-27,aws-ondemand,A100-40GB,4.096575,posted-ondemand,,126861870.18356955529847576448
2023-06-27,aws-ondemand,A100-80GB,5.120719,posted-ondemand,,126861870.18356955529847576448
2023-06-28,aws-ondemand,A100-40GB,4.096575,posted-ondemand,,102879161.443494736128270558576
2023-06-28,aws-ondemand,A100-80GB,5.120719,posted-ondemand,,102879161.443494736128270558576
2023-06-29,aws-ondemand,A100-40GB,4.096575,posted-ondemand,,109349861.37257442337264397182
2023-06-29,aws-ondemand,A100-80GB,5.120719,posted-ondemand,,109349861.37257442337264397182
2023-06-30,aws-ondemand,A100-40GB,4.096575,posted-ondemand,,120419801.19313641668088858105
2023-06-30,aws-ondemand,A100-80GB,5.120719,posted-ondemand,,120419801.19313641668088858105
2023-07-01,aws-ondemand,A100-40GB,4.096575,posted-ondemand,,120529254.2364287090745029725
2023-07-01,aws-ondemand,A100-80GB,5.120719,posted-ondemand,,120529254.2364287090745029725
2023-07-01,aws-ondemand,H100-80GB,12.29,posted-ondemand,,120529254.2364287090745029725
2023-07-02,aws-ondemand,A100-40GB,4.096575,posted-ondemand,,124121004.400437144897420460908
2023-07-02,aws-ondemand,A100-80GB,5.120719,posted-ondemand,,124121004.400437144897420460908
2023-07-02,aws-ondemand,H100-80GB,12.29,posted-ondemand,,124121004.400437144897420460908
2023-07-03,aws-ondemand,A100-40GB,4.096575,posted-ondemand,,128177193.982674408847810524313
2023-07-03,aws-ondemand,A100-80GB,5.120719,posted-ondemand,,128177193.982674408847810524313
2023-07-03,aws-ondemand,H100-80GB,12.29,posted-ondemand,,128177193.982674408847810524313
2023-07-04,aws-ondemand,A100-40GB,4.096575,posted-ondemand,,127202375.524006690613184908078
2023-07-04,aws-ondemand,A100-80GB,5.120719,posted-ondemand,,127202375.524006690613184908078
2023-07-04,aws-ondemand,H100-80GB,12.29,posted-ondemand,,127202375.524006690613184908078
2023-07-05,aws-ondemand,A100-40GB,4.096575,posted-ondemand,,123592049.865606664395377449746
2023-07-05,aws-ondemand,A100-80GB,5.120719,posted-ondemand,,123592049.865606664395377449746
2023-07-05,aws-ondemand,H100-80GB,12.29,posted-ondemand,,123592049.865606664395377449746
2023-07-06,aws-ondemand,A100-40GB,4.096575,posted-ondemand,,130466551.237591751801031537156
2023-07-06,aws-ondemand,A100-80GB,5.120719,posted-ondemand,,130466551.237591751801031537156
2023-07-06,aws-ondemand,H100-80GB,12.29,posted-ondemand,,130466551.237591751801031537156
2023-07-07,aws-ondemand,A100-40GB,4.096575,posted-ondemand,,126757268.71008899039658630528
2023-07-07,aws-ondemand,A100-80GB,5.120719,posted-ondemand,,126757268.71008899039658630528
2023-07-07,aws-ondemand,H100-80GB,12.29,posted-ondemand,,126757268.71008899039658630528
2023-07-08,aws-ondemand,A100-40GB,4.096575,posted-ondemand,,123559903.446089232629151692778
2023-07-08,aws-ondemand,A100-80GB,5.120719,posted-ondemand,,123559903.446089232629151692778
2023-07-08,aws-ondemand,H100-80GB,12.29,posted-ondemand,,123559903.446089232629151692778
2023-07-09,aws-ondemand,A100-40GB,4.096575,posted-ondemand,,127777970.449644497452524486147
2023-07-09,aws-ondemand,A100-80GB,5.120719,posted-ondemand,,127777970.449644497452524486147
2023-07-09,aws-ondemand,H100-80GB,12.29,posted-ondemand,,127777970.449644497452524486147
2023-07-10,aws-ondemand,A100-40GB,4.096575,posted-ondemand,,126066114.50814664123883849535
2023-07-10,aws-ondemand,A100-80GB,5.120719,posted-ondemand,,126066114.50814664123883849535
2023-07-10,aws-ondemand,H100-80GB,12.29,posted-ondemand,,126066114.50814664123883849535
2023-07-11,aws-ondemand,A100-40GB,4.096575,posted-ondemand,,119286451.400197711258882687
2023-07-11,aws-ondemand,A100-80GB,5.120719,posted-ondemand,,119286451.400197711258882687
2023-07-11,aws-ondemand,H100-80GB,12.29,posted-ondemand,,119286451.400197711258882687
2023-07-12,aws-ondemand,A100-40GB,4.096575,posted-ondemand,,115118491.06810332986730317778
2023-07-12,aws-ondemand,A100-80GB,5.120719,posted-ondemand,,115118491.06810332986730317778
2023-07-12,aws-ondemand,H100-80GB,12.29,posted-ondemand,,115118491.06810332986730317778
2023-07-13,aws-ondemand,A100-40GB,4.096575,posted-ondemand,,119396195.121479596948889858184
2023-07-13,aws-ondemand,A100-80GB,5.120719,posted-ondemand,,119396195.121479596948889858184
2023-07-13,aws-ondemand,H100-80GB,12.29,posted-ondemand,,119396195.121479596948889858184
2023-07-14,aws-ondemand,A100-40GB,4.096575,posted-ondemand,,120188917.208588861914607793218
2023-07-14,aws-ondemand,A100-80GB,5.120719,posted-ondemand,,120188917.208588861914607793218
2023-07-14,aws-ondemand,H100-80GB,12.29,posted-ondemand,,120188917.208588861914607793218
2023-07-15,aws-ondemand,A100-40GB,4.096575,posted-ondemand,,118073994.898141476267928362177
2023-07-15,aws-ondemand,A100-80GB,5.120719,posted-ondemand,,118073994.898141476267928362177
2023-07-15,aws-ondemand,H100-80GB,12.29,posted-ondemand,,118073994.898141476267928362177
2023-07-16,aws-ondemand,A100-40GB,4.096575,posted-ondemand,,112381054.012661392250538165918
2023-07-16,aws-ondemand,A100-80GB,5.120719,posted-ondemand,,112381054.012661392250538165918
2023-07-16,aws-ondemand,H100-80GB,12.29,posted-ondemand,,112381054.012661392250538165918
2023-07-17,aws-ondemand,A100-40GB,4.096575,posted-ondemand,,116953048.833350819932117081731
2023-07-17,aws-ondemand,A100-80GB,5.120719,posted-ondemand,,116953048.833350819932117081731
2023-07-17,aws-ondemand,H100-80GB,12.29,posted-ondemand,,116953048.833350819932117081731
2023-07-18,aws-ondemand,A100-40GB,4.096575,posted-ondemand,,120214818.62150154253652936952
2023-07-18,aws-ondemand,A100-80GB,5.120719,posted-ondemand,,120214818.62150154253652936952
2023-07-18,aws-ondemand,H100-80GB,12.29,posted-ondemand,,120214818.62150154253652936952
2023-07-19,aws-ondemand,A100-40GB,4.096575,posted-ondemand,,118426159.133029144828684806084
2023-07-19,aws-ondemand,A100-80GB,5.120719,posted-ondemand,,118426159.133029144828684806084
2023-07-19,aws-ondemand,H100-80GB,12.29,posted-ondemand,,118426159.133029144828684806084
2023-07-20,aws-ondemand,A100-40GB,4.096575,posted-ondemand,,120859584.48869447831567532209
2023-07-20,aws-ondemand,A100-80GB,5.120719,posted-ondemand,,120859584.48869447831567532209
2023-07-20,aws-ondemand,H100-80GB,12.29,posted-ondemand,,120859584.48869447831567532209
2023-07-21,aws-ondemand,A100-40GB,4.096575,posted-ondemand,,139143867.75138887609406639588
2023-07-21,aws-ondemand,A100-80GB,5.120719,posted-ondemand,,139143867.75138887609406639588
2023-07-21,aws-ondemand,H100-80GB,12.29,posted-ondemand,,139143867.75138887609406639588
2023-07-22,aws-ondemand,A100-40GB,4.096575,posted-ondemand,,133148652.763335604224278653935
2023-07-22,aws-ondemand,A100-80GB,5.120719,posted-ondemand,,133148652.763335604224278653935
2023-07-22,aws-ondemand,H100-80GB,12.29,posted-ondemand,,133148652.763335604224278653935
2023-07-23,aws-ondemand,A100-40GB,4.096575,posted-ondemand,,130722192.996663276125912699226
2023-07-23,aws-ondemand,A100-80GB,5.120719,posted-ondemand,,130722192.996663276125912699226
2023-07-23,aws-ondemand,H100-80GB,12.29,posted-ondemand,,130722192.996663276125912699226
2023-07-24,aws-ondemand,A100-40GB,4.096575,posted-ondemand,,125146566.18709807534295987428
2023-07-24,aws-ondemand,A100-80GB,5.120719,posted-ondemand,,125146566.18709807534295987428
2023-07-24,aws-ondemand,H100-80GB,12.29,posted-ondemand,,125146566.18709807534295987428
2023-07-25,aws-ondemand,A100-40GB,4.096575,posted-ondemand,,128486451.918781100755061627311
2023-07-25,aws-ondemand,A100-80GB,5.120719,posted-ondemand,,128486451.918781100755061627311
2023-07-25,aws-ondemand,H100-80GB,12.29,posted-ondemand,,128486451.918781100755061627311
2023-07-26,aws-ondemand,A100-40GB,4.096575,posted-ondemand,,127512258.994095363517009884626
2023-07-26,aws-ondemand,A100-80GB,5.120719,posted-ondemand,,127512258.994095363517009884626
2023-07-26,aws-ondemand,H100-80GB,12.29,posted-ondemand,,127512258.994095363517009884626
2023-07-27,aws-ondemand,A100-40GB,4.096575,posted-ondemand,,132436522.67115323502565539345
2023-07-27,aws-ondemand,A100-80GB,5.120719,posted-ondemand,,132436522.67115323502565539345
2023-07-27,aws-ondemand,H100-80GB,12.29,posted-ondemand,,132436522.67115323502565539345
2023-07-28,aws-ondemand,A100-40GB,4.096575,posted-ondemand,,132863748.331876837206826854122
2023-07-28,aws-ondemand,A100-80GB,5.120719,posted-ondemand,,132863748.331876837206826854122
2023-07-28,aws-ondemand,H100-80GB,12.29,posted-ondemand,,132863748.331876837206826854122
2023-07-29,aws-ondemand,A100-40GB,4.096575,posted-ondemand,,133601541.311686955122233701121
2023-07-29,aws-ondemand,A100-80GB,5.120719,posted-ondemand,,133601541.311686955122233701121
2023-07-29,aws-ondemand,H100-80GB,12.29,posted-ondemand,,133601541.311686955122233701121
2023-07-30,aws-ondemand,A100-40GB,4.096575,posted-ondemand,,131186453.600093071792164807579
2023-07-30,aws-ondemand,A100-80GB,5.120719,posted-ondemand,,131186453.600093071792164807579
2023-07-30,aws-ondemand,H100-80GB,12.29,posted-ondemand,,131186453.600093071792164807579
2023-07-31,aws-ondemand,A100-40GB,4.096575,posted-ondemand,,130504640.223776952561234992289
2023-07-31,aws-ondemand,A100-80GB,5.120719,posted-ondemand,,130504640.223776952561234992289
2023-07-31,aws-ondemand,H100-80GB,12.29,posted-ondemand,,130504640.223776952561234992289
2023-08-01,aws-ondemand,A100-40GB,4.096575,posted-ondemand,,125513625.35137366055856916488
2023-08-01,aws-ondemand,A100-80GB,5.120719,posted-ondemand,,125513625.35137366055856916488
2023-08-01,aws-ondemand,H100-80GB,12.29,posted-ondemand,,125513625.35137366055856916488
2023-08-02,aws-ondemand,A100-40GB,4.096575,posted-ondemand,,128344509.906036025435403140651
2023-08-02,aws-ondemand,A100-80GB,5.120719,posted-ondemand,,128344509.906036025435403140651
2023-08-02,aws-ondemand,H100-80GB,12.29,posted-ondemand,,128344509.906036025435403140651
2023-08-03,aws-ondemand,A100-40GB,4.096575,posted-ondemand,,124944668.5289155728362939721
2023-08-03,aws-ondemand,A100-80GB,5.120719,posted-ondemand,,124944668.5289155728362939721
2023-08-03,aws-ondemand,H100-80GB,12.29,posted-ondemand,,124944668.5289155728362939721
2023-08-04,aws-ondemand,A100-40GB,4.096575,posted-ondemand,,126755922.742374042444122439431
2023-08-04,aws-ondemand,A100-80GB,5.120719,posted-ondemand,,126755922.742374042444122439431
2023-08-04,aws-ondemand,H100-80GB,12.29,posted-ondemand,,126755922.742374042444122439431
2023-08-05,aws-ondemand,A100-40GB,4.096575,posted-ondemand,,124842997.664741636333854493244
2023-08-05,aws-ondemand,A100-80GB,5.120719,posted-ondemand,,124842997.664741636333854493244
2023-08-05,aws-ondemand,H100-80GB,12.29,posted-ondemand,,124842997.664741636333854493244
2023-08-06,aws-ondemand,A100-40GB,4.096575,posted-ondemand,,125222342.06775357358650951027
2023-08-06,aws-ondemand,A100-80GB,5.120719,posted-ondemand,,125222342.06775357358650951027
2023-08-06,aws-ondemand,H100-80GB,12.29,posted-ondemand,,125222342.06775357358650951027
2023-08-07,aws-ondemand,A100-40GB,4.096575,posted-ondemand,,129651694.546541504688257125105
2023-08-07,aws-ondemand,A100-80GB,5.120719,posted-ondemand,,129651694.546541504688257125105
2023-08-07,aws-ondemand,H100-80GB,12.29,posted-ondemand,,129651694.546541504688257125105
2023-08-08,aws-ondemand,A100-40GB,4.096575,posted-ondemand,,161582359.834917108812663477826
2023-08-08,aws-ondemand,A100-80GB,5.120719,posted-ondemand,,161582359.834917108812663477826
2023-08-08,aws-ondemand,H100-80GB,12.29,posted-ondemand,,161582359.834917108812663477826
2023-08-09,aws-ondemand,A100-40GB,4.096575,posted-ondemand,,165694773.256730295723321542784
2023-08-09,aws-ondemand,A100-80GB,5.120719,posted-ondemand,,165694773.256730295723321542784
2023-08-09,aws-ondemand,H100-80GB,12.29,posted-ondemand,,165694773.256730295723321542784
2023-08-10,aws-ondemand,A100-40GB,4.096575,posted-ondemand,,209168495.71643475621855661086
2023-08-10,aws-ondemand,A100-80GB,5.120719,posted-ondemand,,209168495.71643475621855661086
2023-08-10,aws-ondemand,H100-80GB,12.29,posted-ondemand,,209168495.71643475621855661086
2023-08-11,aws-ondemand,A100-40GB,4.096575,posted-ondemand,,256776643.44839746293876809572
2023-08-11,aws-ondemand,A100-80GB,5.120719,posted-ondemand,,256776643.44839746293876809572
2023-08-11,aws-ondemand,H100-80GB,12.29,posted-ondemand,,256776643.44839746293876809572
2023-08-12,aws-ondemand,A100-40GB,4.096575,posted-ondemand,,282279339.52930762179125054265
2023-08-12,aws-ondemand,A100-80GB,5.120719,posted-ondemand,,282279339.52930762179125054265
2023-08-12,aws-ondemand,H100-80GB,12.29,posted-ondemand,,282279339.52930762179125054265
2023-08-13,aws-ondemand,A100-40GB,4.096575,posted-ondemand,,259351840.630276259363745442
2023-08-13,aws-ondemand,A100-80GB,5.120719,posted-ondemand,,259351840.630276259363745442
2023-08-13,aws-ondemand,H100-80GB,12.29,posted-ondemand,,259351840.630276259363745442
2023-08-14,aws-ondemand,A100-40GB,4.096575,posted-ondemand,,255464210.21310060813515516096
2023-08-14,aws-ondemand,A100-80GB,5.120719,posted-ondemand,,255464210.21310060813515516096
2023-08-14,aws-ondemand,H100-80GB,12.29,posted-ondemand,,255464210.21310060813515516096
2023-08-15,aws-ondemand,A100-40GB,4.096575,posted-ondemand,,249699467.08595285482545845145
2023-08-15,aws-ondemand,A100-80GB,5.120719,posted-ondemand,,249699467.08595285482545845145
2023-08-15,aws-ondemand,H100-80GB,12.29,posted-ondemand,,249699467.08595285482545845145
2023-08-16,aws-ondemand,A100-40GB,4.096575,posted-ondemand,,267113790.44408122636871649038
2023-08-16,aws-ondemand,A100-80GB,5.120719,posted-ondemand,,267113790.44408122636871649038
2023-08-16,aws-ondemand,H100-80GB,12.29,posted-ondemand,,267113790.44408122636871649038
2023-08-17,aws-ondemand,A100-40GB,4.096575,posted-ondemand,,254800116.3954046758845226408
2023-08-17,aws-ondemand,A100-80GB,5.120719,posted-ondemand,,254800116.3954046758845226408
2023-08-17,aws-ondemand,H100-80GB,12.29,posted-ondemand,,254800116.3954046758845226408
2023-08-18,aws-ondemand,A100-40GB,4.096575,posted-ondemand,,319782897.31230741370980666744
2023-08-18,aws-ondemand,A100-80GB,5.120719,posted-ondemand,,319782897.31230741370980666744
2023-08-18,aws-ondemand,H100-80GB,12.29,posted-ondemand,,319782897.31230741370980666744
2023-08-19,aws-ondemand,A100-40GB,4.096575,posted-ondemand,,350188342.502192519554371685
2023-08-19,aws-ondemand,A100-80GB,5.120719,posted-ondemand,,350188342.502192519554371685
2023-08-19,aws-ondemand,H100-80GB,12.29,posted-ondemand,,350188342.502192519554371685
2023-08-20,aws-ondemand,A100-40GB,4.096575,posted-ondemand,,299416377.03762196741255379166
2023-08-20,aws-ondemand,A100-80GB,5.120719,posted-ondemand,,299416377.03762196741255379166
2023-08-20,aws-ondemand,H100-80GB,12.29,posted-ondemand,,299416377.03762196741255379166
2023-08-21,aws-ondemand,A100-40GB,4.096575,posted-ondemand,,326533583.37407969998462237168
2023-08-21,aws-ondemand,A100-80GB,5.120719,posted-ondemand,,326533583.37407969998462237168
2023-08-21,aws-ondemand,H100-80GB,12.29,posted-ondemand,,326533583.37407969998462237168
2023-08-22,aws-ondemand,A100-40GB,4.096575,posted-ondemand,,320565955.75686869459859352542
2023-08-22,aws-ondemand,A100-80GB,5.120719,posted-ondemand,,320565955.75686869459859352542
2023-08-22,aws-ondemand,H100-80GB,12.29,posted-ondemand,,320565955.75686869459859352542
2023-08-23,aws-ondemand,A100-40GB,4.096575,posted-ondemand,,332748928.1337694349584693399
2023-08-23,aws-ondemand,A100-80GB,5.120719,posted-ondemand,,332748928.1337694349584693399
2023-08-23,aws-ondemand,H100-80GB,12.29,posted-ondemand,,332748928.1337694349584693399
2023-08-24,aws-ondemand,A100-40GB,4.096575,posted-ondemand,,305271894.75354607014751974741
2023-08-24,aws-ondemand,A100-80GB,5.120719,posted-ondemand,,305271894.75354607014751974741
2023-08-24,aws-ondemand,H100-80GB,12.29,posted-ondemand,,305271894.75354607014751974741
2023-08-25,aws-ondemand,A100-40GB,4.096575,posted-ondemand,,283831520.3548330603072032049
2023-08-25,aws-ondemand,A100-80GB,5.120719,posted-ondemand,,283831520.3548330603072032049
2023-08-25,aws-ondemand,H100-80GB,12.29,posted-ondemand,,283831520.3548330603072032049
2023-08-26,aws-ondemand,A100-40GB,4.096575,posted-ondemand,,266513719.4886930642021719378
2023-08-26,aws-ondemand,A100-80GB,5.120719,posted-ondemand,,266513719.4886930642021719378
2023-08-26,aws-ondemand,H100-80GB,12.29,posted-ondemand,,266513719.4886930642021719378
2023-08-27,aws-ondemand,A100-40GB,4.096575,posted-ondemand,,258925327.89003805302322763661
2023-08-27,aws-ondemand,A100-80GB,5.120719,posted-ondemand,,258925327.89003805302322763661
2023-08-27,aws-ondemand,H100-80GB,12.29,posted-ondemand,,258925327.89003805302322763661
2023-08-28,aws-ondemand,A100-40GB,4.096575,posted-ondemand,,240058747.3290617345531036735
2023-08-28,aws-ondemand,A100-80GB,5.120719,posted-ondemand,,240058747.3290617345531036735
2023-08-28,aws-ondemand,H100-80GB,12.29,posted-ondemand,,240058747.3290617345531036735
2023-08-29,aws-ondemand,A100-40GB,4.096575,posted-ondemand,,241783432.45754891219760607202
2023-08-29,aws-ondemand,A100-80GB,5.120719,posted-ondemand,,241783432.45754891219760607202
2023-08-29,aws-ondemand,H100-80GB,12.29,posted-ondemand,,241783432.45754891219760607202
2023-08-30,aws-ondemand,A100-40GB,4.096575,posted-ondemand,,225361895.6220971746726289808
2023-08-30,aws-ondemand,A100-80GB,5.120719,posted-ondemand,,225361895.6220971746726289808
2023-08-30,aws-ondemand,H100-80GB,12.29,posted-ondemand,,225361895.6220971746726289808
2023-08-31,aws-ondemand,A100-40GB,4.096575,posted-ondemand,,214755638.2374275197705089468
2023-08-31,aws-ondemand,A100-80GB,5.120719,posted-ondemand,,214755638.2374275197705089468
2023-08-31,aws-ondemand,H100-80GB,12.29,posted-ondemand,,214755638.2374275197705089468
2023-09-01,aws-ondemand,A100-40GB,4.096575,posted-ondemand,,204434838.317095399192174608408
2023-09-01,aws-ondemand,A100-80GB,5.120719,posted-ondemand,,204434838.317095399192174608408
2023-09-01,aws-ondemand,H100-80GB,12.29,posted-ondemand,,204434838.317095399192174608408
2023-09-02,aws-ondemand,A100-40GB,4.096575,posted-ondemand,,204225616.817245460919524467392
2023-09-02,aws-ondemand,A100-80GB,5.120719,posted-ondemand,,204225616.817245460919524467392
2023-09-02,aws-ondemand,H100-80GB,12.29,posted-ondemand,,204225616.817245460919524467392
2023-09-03,aws-ondemand,A100-40GB,4.096575,posted-ondemand,,208170692.890202551574846893241
2023-09-03,aws-ondemand,A100-80GB,5.120719,posted-ondemand,,208170692.890202551574846893241
2023-09-03,aws-ondemand,H100-80GB,12.29,posted-ondemand,,208170692.890202551574846893241
2023-09-04,aws-ondemand,A100-40GB,4.096575,posted-ondemand,,201858032.164093746540605124255
2023-09-04,aws-ondemand,A100-80GB,5.120719,posted-ondemand,,201858032.164093746540605124255
2023-09-04,aws-ondemand,H100-80GB,12.29,posted-ondemand,,201858032.164093746540605124255
2023-09-05,aws-ondemand,A100-40GB,4.096575,posted-ondemand,,219402151.91312392939398325921
2023-09-05,aws-ondemand,A100-80GB,5.120719,posted-ondemand,,219402151.91312392939398325921
2023-09-05,aws-ondemand,H100-80GB,12.29,posted-ondemand,,219402151.91312392939398325921
2023-09-06,aws-ondemand,A100-40GB,4.096575,posted-ondemand,,245064074.1429630101113054542
2023-09-06,aws-ondemand,A100-80GB,5.120719,posted-ondemand,,245064074.1429630101113054542
2023-09-06,aws-ondemand,H100-80GB,12.29,posted-ondemand,,245064074.1429630101113054542
2023-09-07,aws-ondemand,A100-40GB,4.096575,posted-ondemand,,241823017.64933219566195681795
2023-09-07,aws-ondemand,A100-80GB,5.120719,posted-ondemand,,241823017.64933219566195681795
2023-09-07,aws-ondemand,H100-80GB,12.29,posted-ondemand,,241823017.64933219566195681795
2023-09-08,aws-ondemand,A100-40GB,4.096575,posted-ondemand,,221657841.96082072500461159397
2023-09-08,aws-ondemand,A100-80GB,5.120719,posted-ondemand,,221657841.96082072500461159397
2023-09-08,aws-ondemand,H100-80GB,12.29,posted-ondemand,,221657841.96082072500461159397
2023-09-09,aws-ondemand,A100-40GB,4.096575,posted-ondemand,,220039018.9425344917609844352
2023-09-09,aws-ondemand,A100-80GB,5.120719,posted-ondemand,,220039018.9425344917609844352
2023-09-09,aws-ondemand,H100-80GB,12.29,posted-ondemand,,220039018.9425344917609844352
2023-09-10,aws-ondemand,A100-40GB,4.096575,posted-ondemand,,206069277.331209015697594895127
2023-09-10,aws-ondemand,A100-80GB,5.120719,posted-ondemand,,206069277.331209015697594895127
2023-09-10,aws-ondemand,H100-80GB,12.29,posted-ondemand,,206069277.331209015697594895127
2023-09-11,aws-ondemand,A100-40GB,4.096575,posted-ondemand,,189133675.426147816808621339956
2023-09-11,aws-ondemand,A100-80GB,5.120719,posted-ondemand,,189133675.426147816808621339956
2023-09-11,aws-ondemand,H100-80GB,12.29,posted-ondemand,,189133675.426147816808621339956
2023-09-12,aws-ondemand,A100-40GB,4.096575,posted-ondemand,,198656645.931945294403842725088
2023-09-12,aws-ondemand,A100-80GB,5.120719,posted-ondemand,,198656645.931945294403842725088
2023-09-12,aws-ondemand,H100-80GB,12.29,posted-ondemand,,198656645.931945294403842725088
2023-09-13,aws-ondemand,A100-40GB,4.096575,posted-ondemand,,186674173.446377085488594966985
2023-09-13,aws-ondemand,A100-80GB,5.120719,posted-ondemand,,186674173.446377085488594966985
2023-09-13,aws-ondemand,H100-80GB,12.29,posted-ondemand,,186674173.446377085488594966985
2023-09-14,aws-ondemand,A100-40GB,4.096575,posted-ondemand,,199557370.01894080390688694972
2023-09-14,aws-ondemand,A100-80GB,5.120719,posted-ondemand,,199557370.01894080390688694972
2023-09-14,aws-ondemand,H100-80GB,12.29,posted-ondemand,,199557370.01894080390688694972
2023-09-15,aws-ondemand,A100-40GB,4.096575,posted-ondemand,,193305737.40575574830870994546
2023-09-15,aws-ondemand,A100-80GB,5.120719,posted-ondemand,,193305737.40575574830870994546
2023-09-15,aws-ondemand,H100-80GB,12.29,posted-ondemand,,193305737.40575574830870994546
2023-09-16,aws-ondemand,A100-40GB,4.096575,posted-ondemand,,193185254.035852907504492918799
2023-09-16,aws-ondemand,A100-80GB,5.120719,posted-ondemand,,193185254.035852907504492918799
2023-09-16,aws-ondemand,H100-80GB,12.29,posted-ondemand,,193185254.035852907504492918799
2023-09-17,aws-ondemand,A100-40GB,4.096575,posted-ondemand,,189872825.816434417454798808566
2023-09-17,aws-ondemand,A100-80GB,5.120719,posted-ondemand,,189872825.816434417454798808566
2023-09-17,aws-ondemand,H100-80GB,12.29,posted-ondemand,,189872825.816434417454798808566
2023-09-18,aws-ondemand,A100-40GB,4.096575,posted-ondemand,,197103170.1204024586750607414
2023-09-18,aws-ondemand,A100-80GB,5.120719,posted-ondemand,,197103170.1204024586750607414
2023-09-18,aws-ondemand,H100-80GB,12.29,posted-ondemand,,197103170.1204024586750607414
2023-09-19,aws-ondemand,A100-40GB,4.096575,posted-ondemand,,187754845.227387361970011724061
2023-09-19,aws-ondemand,A100-80GB,5.120719,posted-ondemand,,187754845.227387361970011724061
2023-09-19,aws-ondemand,H100-80GB,12.29,posted-ondemand,,187754845.227387361970011724061
2023-09-20,aws-ondemand,A100-40GB,4.096575,posted-ondemand,,187399875.826798871777082358395
2023-09-20,aws-ondemand,A100-80GB,5.120719,posted-ondemand,,187399875.826798871777082358395
2023-09-20,aws-ondemand,H100-80GB,12.29,posted-ondemand,,187399875.826798871777082358395
2023-09-21,aws-ondemand,A100-40GB,4.096575,posted-ondemand,,189760989.804200233068702505376
2023-09-21,aws-ondemand,A100-80GB,5.120719,posted-ondemand,,189760989.804200233068702505376
2023-09-21,aws-ondemand,H100-80GB,12.29,posted-ondemand,,189760989.804200233068702505376
2023-09-22,aws-ondemand,A100-40GB,4.096575,posted-ondemand,,191041164.786179537443908419048
2023-09-22,aws-ondemand,A100-80GB,5.120719,posted-ondemand,,191041164.786179537443908419048
2023-09-22,aws-ondemand,H100-80GB,12.29,posted-ondemand,,191041164.786179537443908419048
2023-09-23,aws-ondemand,A100-40GB,4.096575,posted-ondemand,,195952289.18185278084519523698
2023-09-23,aws-ondemand,A100-80GB,5.120719,posted-ondemand,,195952289.18185278084519523698
2023-09-23,aws-ondemand,H100-80GB,12.29,posted-ondemand,,195952289.18185278084519523698
2023-09-24,aws-ondemand,A100-40GB,4.096575,posted-ondemand,,187181225.821520532612829278902
2023-09-24,aws-ondemand,A100-80GB,5.120719,posted-ondemand,,187181225.821520532612829278902
2023-09-24,aws-ondemand,H100-80GB,12.29,posted-ondemand,,187181225.821520532612829278902
2023-09-25,aws-ondemand,A100-40GB,4.096575,posted-ondemand,,177409125.358052760640924808352
2023-09-25,aws-ondemand,A100-80GB,5.120719,posted-ondemand,,177409125.358052760640924808352
2023-09-25,aws-ondemand,H100-80GB,12.29,posted-ondemand,,177409125.358052760640924808352
2023-09-26,aws-ondemand,A100-40GB,4.096575,posted-ondemand,,168528538.353542828159253663186
2023-09-26,aws-ondemand,A100-80GB,5.120719,posted-ondemand,,168528538.353542828159253663186
2023-09-26,aws-ondemand,H100-80GB,12.29,posted-ondemand,,168528538.353542828159253663186
2023-09-27,aws-ondemand,A100-40GB,4.096575,posted-ondemand,,171159036.226525635111213193026
2023-09-27,aws-ondemand,A100-80GB,5.120719,posted-ondemand,,171159036.226525635111213193026
2023-09-27,aws-ondemand,H100-80GB,12.29,posted-ondemand,,171159036.226525635111213193026
2023-09-28,aws-ondemand,A100-40GB,4.096575,posted-ondemand,,184832889.351111836367755995336
2023-09-28,aws-ondemand,A100-80GB,5.120719,posted-ondemand,,184832889.351111836367755995336
2023-09-28,aws-ondemand,H100-80GB,12.29,posted-ondemand,,184832889.351111836367755995336
2023-09-29,aws-ondemand,A100-40GB,4.096575,posted-ondemand,,182696533.093327835906624073792
2023-09-29,aws-ondemand,A100-80GB,5.120719,posted-ondemand,,182696533.093327835906624073792
2023-09-29,aws-ondemand,H100-80GB,12.29,posted-ondemand,,182696533.093327835906624073792
2023-09-30,aws-ondemand,A100-40GB,4.096575,posted-ondemand,,178819770.414613245164857717385
2023-09-30,aws-ondemand,A100-80GB,5.120719,posted-ondemand,,178819770.414613245164857717385
2023-09-30,aws-ondemand,H100-80GB,12.29,posted-ondemand,,178819770.414613245164857717385
2023-10-01,aws-ondemand,A100-40GB,4.096575,posted-ondemand,,184767889.697088284063953969767
2023-10-01,aws-ondemand,A100-80GB,5.120719,posted-ondemand,,184767889.697088284063953969767
2023-10-01,aws-ondemand,H100-80GB,12.29,posted-ondemand,,184767889.697088284063953969767
2023-10-02,aws-ondemand,A100-40GB,4.096575,posted-ondemand,,191717515.020640699113348130778
2023-10-02,aws-ondemand,A100-80GB,5.120719,posted-ondemand,,191717515.020640699113348130778
2023-10-02,aws-ondemand,H100-80GB,12.29,posted-ondemand,,191717515.020640699113348130778
2023-10-03,aws-ondemand,A100-40GB,4.096575,posted-ondemand,,190137484.744615092001524726896
2023-10-03,aws-ondemand,A100-80GB,5.120719,posted-ondemand,,190137484.744615092001524726896
2023-10-03,aws-ondemand,H100-80GB,12.29,posted-ondemand,,190137484.744615092001524726896
2023-10-04,aws-ondemand,A100-40GB,4.096575,posted-ondemand,,195638335.568712233291613044764
2023-10-04,aws-ondemand,A100-80GB,5.120719,posted-ondemand,,195638335.568712233291613044764
2023-10-04,aws-ondemand,H100-80GB,12.29,posted-ondemand,,195638335.568712233291613044764
2023-10-05,aws-ondemand,A100-40GB,4.096575,posted-ondemand,,199209472.950821103293771902212
2023-10-05,aws-ondemand,A100-80GB,5.120719,posted-ondemand,,199209472.950821103293771902212
2023-10-05,aws-ondemand,H100-80GB,12.29,posted-ondemand,,199209472.950821103293771902212
2023-10-06,aws-ondemand,A100-40GB,4.096575,posted-ondemand,,206537003.133377720138650190278
2023-10-06,aws-ondemand,A100-80GB,5.120719,posted-ondemand,,206537003.133377720138650190278
2023-10-06,aws-ondemand,H100-80GB,12.29,posted-ondemand,,206537003.133377720138650190278
2023-10-07,aws-ondemand,A100-40GB,4.096575,posted-ondemand,,198870770.093632278936570413256
2023-10-07,aws-ondemand,A100-80GB,5.120719,posted-ondemand,,198870770.093632278936570413256
2023-10-07,aws-ondemand,H100-80GB,12.29,posted-ondemand,,198870770.093632278936570413256
2023-10-08,aws-ondemand,A100-40GB,4.096575,posted-ondemand,,198080205.850781433587778992622
2023-10-08,aws-ondemand,A100-80GB,5.120719,posted-ondemand,,198080205.850781433587778992622
2023-10-08,aws-ondemand,H100-80GB,12.29,posted-ondemand,,198080205.850781433587778992622
2023-10-09,aws-ondemand,A100-40GB,4.096575,posted-ondemand,,190866479.98179617618096492516
2023-10-09,aws-ondemand,A100-80GB,5.120719,posted-ondemand,,190866479.98179617618096492516
2023-10-09,aws-ondemand,H100-80GB,12.29,posted-ondemand,,190866479.98179617618096492516
2023-10-10,aws-ondemand,A100-40GB,4.096575,posted-ondemand,,182876745.02816652980620994103
2023-10-10,aws-ondemand,A100-80GB,5.120719,posted-ondemand,,182876745.02816652980620994103
2023-10-10,aws-ondemand,H100-80GB,12.29,posted-ondemand,,182876745.02816652980620994103
2023-10-11,aws-ondemand,A100-40GB,4.096575,posted-ondemand,,178117634.818237502709222787725
2023-10-11,aws-ondemand,A100-80GB,5.120719,posted-ondemand,,178117634.818237502709222787725
2023-10-11,aws-ondemand,H100-80GB,12.29,posted-ondemand,,178117634.818237502709222787725
2023-10-12,aws-ondemand,A100-40GB,4.096575,posted-ondemand,,162521165.50745118723973568639
2023-10-12,aws-ondemand,A100-80GB,5.120719,posted-ondemand,,162521165.50745118723973568639
2023-10-12,aws-ondemand,H100-80GB,12.29,posted-ondemand,,162521165.50745118723973568639
2023-10-13,aws-ondemand,A100-40GB,4.096575,posted-ondemand,,177126520.330831642098867285984
2023-10-13,aws-ondemand,A100-80GB,5.120719,posted-ondemand,,177126520.330831642098867285984
2023-10-13,aws-ondemand,H100-80GB,12.29,posted-ondemand,,177126520.330831642098867285984
2023-10-14,aws-ondemand,A100-40GB,4.096575,posted-ondemand,,190866416.760714797351442365641
2023-10-14,aws-ondemand,A100-80GB,5.120719,posted-ondemand,,190866416.760714797351442365641
2023-10-14,aws-ondemand,H100-80GB,12.29,posted-ondemand,,190866416.760714797351442365641
2023-10-15,aws-ondemand,A100-40GB,4.096575,posted-ondemand,,192148576.575068073593051358056
2023-10-15,aws-ondemand,A100-80GB,5.120719,posted-ondemand,,192148576.575068073593051358056
2023-10-15,aws-ondemand,H100-80GB,12.29,posted-ondemand,,192148576.575068073593051358056
2023-10-16,aws-ondemand,A100-40GB,4.096575,posted-ondemand,,178767423.00511049708219205081
2023-10-16,aws-ondemand,A100-80GB,5.120719,posted-ondemand,,178767423.00511049708219205081
2023-10-16,aws-ondemand,H100-80GB,12.29,posted-ondemand,,178767423.00511049708219205081
2023-10-17,aws-ondemand,A100-40GB,4.096575,posted-ondemand,,174353557.268239251614099652246
2023-10-17,aws-ondemand,A100-80GB,5.120719,posted-ondemand,,174353557.268239251614099652246
2023-10-17,aws-ondemand,H100-80GB,12.29,posted-ondemand,,174353557.268239251614099652246
2023-10-18,aws-ondemand,A100-40GB,4.096575,posted-ondemand,,172421948.54089524842156683945
2023-10-18,aws-ondemand,A100-80GB,5.120719,posted-ondemand,,172421948.54089524842156683945
2023-10-18,aws-ondemand,H100-80GB,12.29,posted-ondemand,,172421948.54089524842156683945
2023-10-19,aws-ondemand,A100-40GB,4.096575,posted-ondemand,,173433540.024227546915844764338
2023-10-19,aws-ondemand,A100-80GB,5.120719,posted-ondemand,,173433540.024227546915844764338
2023-10-19,aws-ondemand,H100-80GB,12.29,posted-ondemand,,173433540.024227546915844764338
2023-10-20,aws-ondemand,A100-40GB,4.096575,posted-ondemand,,195883148.827364101034215003304
2023-10-20,aws-ondemand,A100-80GB,5.120719,posted-ondemand,,195883148.827364101034215003304
2023-10-20,aws-ondemand,H100-80GB,12.29,posted-ondemand,,195883148.827364101034215003304
2023-10-21,aws-ondemand,A100-40GB,4.096575,posted-ondemand,,181480749.165034390334696483218
2023-10-21,aws-ondemand,A100-80GB,5.120719,posted-ondemand,,181480749.165034390334696483218
2023-10-21,aws-ondemand,H100-80GB,12.29,posted-ondemand,,181480749.165034390334696483218
2023-10-22,aws-ondemand,A100-40GB,4.096575,posted-ondemand,,185435119.50869825614701667402
2023-10-22,aws-ondemand,A100-80GB,5.120719,posted-ondemand,,185435119.50869825614701667402
2023-10-22,aws-ondemand,H100-80GB,12.29,posted-ondemand,,185435119.50869825614701667402
2023-10-23,aws-ondemand,A100-40GB,4.096575,posted-ondemand,,201456098.242380354950571056101
2023-10-23,aws-ondemand,A100-80GB,5.120719,posted-ondemand,,201456098.242380354950571056101
2023-10-23,aws-ondemand,H100-80GB,12.29,posted-ondemand,,201456098.242380354950571056101
2023-10-24,aws-ondemand,A100-40GB,4.096575,posted-ondemand,,215771332.138694261256448343376
2023-10-24,aws-ondemand,A100-80GB,5.120719,posted-ondemand,,215771332.138694261256448343376
2023-10-24,aws-ondemand,H100-80GB,12.29,posted-ondemand,,215771332.138694261256448343376
2023-10-25,aws-ondemand,A100-40GB,4.096575,posted-ondemand,,225665376.82533066551845412519
2023-10-25,aws-ondemand,A100-80GB,5.120719,posted-ondemand,,225665376.82533066551845412519
2023-10-25,aws-ondemand,H100-80GB,12.29,posted-ondemand,,225665376.82533066551845412519
2023-10-26,aws-ondemand,A100-40GB,4.096575,posted-ondemand,,211512809.43269150280417005125
2023-10-26,aws-ondemand,A100-80GB,5.120719,posted-ondemand,,211512809.43269150280417005125
2023-10-26,aws-ondemand,H100-80GB,12.29,posted-ondemand,,211512809.43269150280417005125
2023-10-27,aws-ondemand,A100-40GB,4.096575,posted-ondemand,,213538790.736061415402380471243
2023-10-27,aws-ondemand,A100-80GB,5.120719,posted-ondemand,,213538790.736061415402380471243
2023-10-27,aws-ondemand,H100-80GB,12.29,posted-ondemand,,213538790.736061415402380471243
2023-10-28,aws-ondemand,A100-40GB,4.096575,posted-ondemand,,239395035.18867751647635279305
2023-10-28,aws-ondemand,A100-80GB,5.120719,posted-ondemand,,239395035.18867751647635279305
2023-10-28,aws-ondemand,H100-80GB,12.29,posted-ondemand,,239395035.18867751647635279305
2023-10-29,aws-ondemand,A100-40GB,4.096575,posted-ondemand,,233944078.51214116644630089136
2023-10-29,aws-ondemand,A100-80GB,5.120719,posted-ondemand,,233944078.51214116644630089136
2023-10-29,aws-ondemand,H100-80GB,12.29,posted-ondemand,,233944078.51214116644630089136
2023-10-30,aws-ondemand,A100-40GB,4.096575,posted-ondemand,,234744388.5908378959308212585
2023-10-30,aws-ondemand,A100-80GB,5.120719,posted-ondemand,,234744388.5908378959308212585
2023-10-30,aws-ondemand,H100-80GB,12.29,posted-ondemand,,234744388.5908378959308212585
2023-10-31,aws-ondemand,A100-40GB,4.096575,posted-ondemand,,222850950.07593764002640152275
2023-10-31,aws-ondemand,A100-80GB,5.120719,posted-ondemand,,222850950.07593764002640152275
2023-10-31,aws-ondemand,H100-80GB,12.29,posted-ondemand,,222850950.07593764002640152275
2023-11-01,aws-ondemand,A100-40GB,4.096575,posted-ondemand,,229471014.9745184168246856372
2023-11-01,aws-ondemand,A100-80GB,5.120719,posted-ondemand,,229471014.9745184168246856372
2023-11-01,aws-ondemand,H100-80GB,12.29,posted-ondemand,,229471014.9745184168246856372
2023-11-02,aws-ondemand,A100-40GB,4.096575,posted-ondemand,,226702100.37140315368752231968
2023-11-02,aws-ondemand,A100-80GB,5.120719,posted-ondemand,,226702100.37140315368752231968
2023-11-02,aws-ondemand,H100-80GB,12.29,posted-ondemand,,226702100.37140315368752231968
2023-11-03,aws-ondemand,A100-40GB,4.096575,posted-ondemand,,238105881.18753851652199557054
2023-11-03,aws-ondemand,A100-80GB,5.120719,posted-ondemand,,238105881.18753851652199557054
2023-11-03,aws-ondemand,H100-80GB,12.29,posted-ondemand,,238105881.18753851652199557054
2023-11-04,aws-ondemand,A100-40GB,4.096575,posted-ondemand,,241739021.57565201865175793987
2023-11-04,aws-ondemand,A100-80GB,5.120719,posted-ondemand,,241739021.57565201865175793987
2023-11-04,aws-ondemand,H100-80GB,12.29,posted-ondemand,,241739021.57565201865175793987
2023-11-05,aws-ondemand,A100-40GB,4.096575,posted-ondemand,,243824256.76117116628015966656
2023-11-05,aws-ondemand,A100-80GB,5.120719,posted-ondemand,,243824256.76117116628015966656
2023-11-05,aws-ondemand,H100-80GB,12.29,posted-ondemand,,243824256.76117116628015966656
2023-11-06,aws-ondemand,A100-40GB,4.096575,posted-ondemand,,252799562.96103299016548533997
2023-11-06,aws-ondemand,A100-80GB,5.120719,posted-ondemand,,252799562.96103299016548533997
2023-11-06,aws-ondemand,H100-80GB,12.29,posted-ondemand,,252799562.96103299016548533997
2023-11-07,aws-ondemand,A100-40GB,4.096575,posted-ondemand,,257352524.61451306190434354344
2023-11-07,aws-ondemand,A100-80GB,5.120719,posted-ondemand,,257352524.61451306190434354344
2023-11-07,aws-ondemand,H100-80GB,12.29,posted-ondemand,,257352524.61451306190434354344
2023-11-08,aws-ondemand,A100-40GB,4.096575,posted-ondemand,,263875802.23755693313427619375
2023-11-08,aws-ondemand,A100-80GB,5.120719,posted-ondemand,,263875802.23755693313427619375
2023-11-08,aws-ondemand,H100-80GB,12.29,posted-ondemand,,263875802.23755693313427619375
2023-11-09,aws-ondemand,A100-40GB,4.096575,posted-ondemand,,233017026.2259092111705016456
2023-11-09,aws-ondemand,A100-80GB,5.120719,posted-ondemand,,233017026.2259092111705016456
2023-11-09,aws-ondemand,H100-80GB,12.29,posted-ondemand,,233017026.2259092111705016456
2023-11-10,aws-ondemand,A100-40GB,4.096575,posted-ondemand,,223458611.74425558121936529771
2023-11-10,aws-ondemand,A100-80GB,5.120719,posted-ondemand,,223458611.74425558121936529771
2023-11-10,aws-ondemand,H100-80GB,12.29,posted-ondemand,,223458611.74425558121936529771
2023-11-11,aws-ondemand,A100-40GB,4.096575,posted-ondemand,,231345167.37721410247208260592
2023-11-11,aws-ondemand,A100-80GB,5.120719,posted-ondemand,,231345167.37721410247208260592
2023-11-11,aws-ondemand,H100-80GB,12.29,posted-ondemand,,231345167.37721410247208260592
2023-11-12,aws-ondemand,A100-40GB,4.096575,posted-ondemand,,232845117.67120825307704241124
2023-11-12,aws-ondemand,A100-80GB,5.120719,posted-ondemand,,232845117.67120825307704241124
2023-11-12,aws-ondemand,H100-80GB,12.29,posted-ondemand,,232845117.67120825307704241124
2023-11-13,aws-ondemand,A100-40GB,4.096575,posted-ondemand,,222344581.2386472301191221052
2023-11-13,aws-ondemand,A100-80GB,5.120719,posted-ondemand,,222344581.2386472301191221052
2023-11-13,aws-ondemand,H100-80GB,12.29,posted-ondemand,,222344581.2386472301191221052
2023-11-14,aws-ondemand,A100-40GB,4.096575,posted-ondemand,,209689999.5444804760430116351
2023-11-14,aws-ondemand,A100-80GB,5.120719,posted-ondemand,,209689999.5444804760430116351
2023-11-14,aws-ondemand,H100-80GB,12.29,posted-ondemand,,209689999.5444804760430116351
2023-11-15,aws-ondemand,A100-40GB,4.096575,posted-ondemand,,230929219.38909281920245520658
2023-11-15,aws-ondemand,A100-80GB,5.120719,posted-ondemand,,230929219.38909281920245520658
2023-11-15,aws-ondemand,H100-80GB,12.29,posted-ondemand,,230929219.38909281920245520658
2023-11-16,aws-ondemand,A100-40GB,4.096575,posted-ondemand,,242090028.39504563850889782744
2023-11-16,aws-ondemand,A100-80GB,5.120719,posted-ondemand,,242090028.39504563850889782744
2023-11-16,aws-ondemand,H100-80GB,12.29,posted-ondemand,,242090028.39504563850889782744
2023-11-17,aws-ondemand,A100-40GB,4.096575,posted-ondemand,,231033785.6239283592962938269
2023-11-17,aws-ondemand,A100-80GB,5.120719,posted-ondemand,,231033785.6239283592962938269
2023-11-17,aws-ondemand,H100-80GB,12.29,posted-ondemand,,231033785.6239283592962938269
2023-11-18,aws-ondemand,A100-40GB,4.096575,posted-ondemand,,330488292.00262993275553154312
2023-11-18,aws-ondemand,A100-80GB,5.120719,posted-ondemand,,330488292.00262993275553154312
2023-11-18,aws-ondemand,H100-80GB,12.29,posted-ondemand,,330488292.00262993275553154312
2023-11-19,aws-ondemand,A100-40GB,4.096575,posted-ondemand,,350101629.00517825732455427584
2023-11-19,aws-ondemand,A100-80GB,5.120719,posted-ondemand,,350101629.00517825732455427584
2023-11-19,aws-ondemand,H100-80GB,12.29,posted-ondemand,,350101629.00517825732455427584
2023-11-20,aws-ondemand,A100-40GB,4.096575,posted-ondemand,,361352772.5684687065523470466
2023-11-20,aws-ondemand,A100-80GB,5.120719,posted-ondemand,,361352772.5684687065523470466
2023-11-20,aws-ondemand,H100-80GB,12.29,posted-ondemand,,361352772.5684687065523470466
2023-11-21,aws-ondemand,A100-40GB,4.096575,posted-ondemand,,332118811.9272542547758970903
2023-11-21,aws-ondemand,A100-80GB,5.120719,posted-ondemand,,332118811.9272542547758970903
2023-11-21,aws-ondemand,H100-80GB,12.29,posted-ondemand,,332118811.9272542547758970903
2023-11-22,aws-ondemand,A100-40GB,4.096575,posted-ondemand,,373266558.53142200081391270189
2023-11-22,aws-ondemand,A100-80GB,5.120719,posted-ondemand,,373266558.53142200081391270189
2023-11-22,aws-ondemand,H100-80GB,12.29,posted-ondemand,,373266558.53142200081391270189
2023-11-23,aws-ondemand,A100-40GB,4.096575,posted-ondemand,,359486974.68261182265848896185
2023-11-23,aws-ondemand,A100-80GB,5.120719,posted-ondemand,,359486974.68261182265848896185
2023-11-23,aws-ondemand,H100-80GB,12.29,posted-ondemand,,359486974.68261182265848896185
2023-11-24,aws-ondemand,A100-40GB,4.096575,posted-ondemand,,364028896.23168184424662837689
2023-11-24,aws-ondemand,A100-80GB,5.120719,posted-ondemand,,364028896.23168184424662837689
2023-11-24,aws-ondemand,H100-80GB,12.29,posted-ondemand,,364028896.23168184424662837689
2023-11-25,aws-ondemand,A100-40GB,4.096575,posted-ondemand,,391880857.21885359295028441665
2023-11-25,aws-ondemand,A100-80GB,5.120719,posted-ondemand,,391880857.21885359295028441665
2023-11-25,aws-ondemand,H100-80GB,12.29,posted-ondemand,,391880857.21885359295028441665
2023-11-26,aws-ondemand,A100-40GB,4.096575,posted-ondemand,,417040268.29732373932058608592
2023-11-26,aws-ondemand,A100-80GB,5.120719,posted-ondemand,,417040268.29732373932058608592
2023-11-26,aws-ondemand,H100-80GB,12.29,posted-ondemand,,417040268.29732373932058608592
2023-11-27,aws-ondemand,A100-40GB,4.096575,posted-ondemand,,378622236.9606443904078143588
2023-11-27,aws-ondemand,A100-80GB,5.120719,posted-ondemand,,378622236.9606443904078143588
2023-11-27,aws-ondemand,H100-80GB,12.29,posted-ondemand,,378622236.9606443904078143588
2023-11-28,aws-ondemand,A100-40GB,4.096575,posted-ondemand,,386255986.39456843642571506878
2023-11-28,aws-ondemand,A100-80GB,5.120719,posted-ondemand,,386255986.39456843642571506878
2023-11-28,aws-ondemand,H100-80GB,12.29,posted-ondemand,,386255986.39456843642571506878
2023-11-29,aws-ondemand,A100-40GB,4.096575,posted-ondemand,,361142983.47296925790235338125
2023-11-29,aws-ondemand,A100-80GB,5.120719,posted-ondemand,,361142983.47296925790235338125
2023-11-29,aws-ondemand,H100-80GB,12.29,posted-ondemand,,361142983.47296925790235338125
2023-11-30,aws-ondemand,A100-40GB,4.096575,posted-ondemand,,365321520.53878524716172145184
2023-11-30,aws-ondemand,A100-80GB,5.120719,posted-ondemand,,365321520.53878524716172145184
2023-11-30,aws-ondemand,H100-80GB,12.29,posted-ondemand,,365321520.53878524716172145184
2023-12-01,aws-ondemand,A100-40GB,4.096575,posted-ondemand,,370527958.23191780141178392713
2023-12-01,aws-ondemand,A100-80GB,5.120719,posted-ondemand,,370527958.23191780141178392713
2023-12-01,aws-ondemand,H100-80GB,12.29,posted-ondemand,,370527958.23191780141178392713
2023-12-02,aws-ondemand,A100-40GB,4.096575,posted-ondemand,,390882902.12412593484732616772
2023-12-02,aws-ondemand,A100-80GB,5.120719,posted-ondemand,,390882902.12412593484732616772
2023-12-02,aws-ondemand,H100-80GB,12.29,posted-ondemand,,390882902.12412593484732616772
2023-12-03,aws-ondemand,A100-40GB,4.096575,posted-ondemand,,412341985.57206535783843984978
2023-12-03,aws-ondemand,A100-80GB,5.120719,posted-ondemand,,412341985.57206535783843984978
2023-12-03,aws-ondemand,H100-80GB,12.29,posted-ondemand,,412341985.57206535783843984978
2023-12-04,aws-ondemand,A100-40GB,4.096575,posted-ondemand,,393398965.26143808989199698832
2023-12-04,aws-ondemand,A100-80GB,5.120719,posted-ondemand,,393398965.26143808989199698832
2023-12-04,aws-ondemand,H100-80GB,12.29,posted-ondemand,,393398965.26143808989199698832
2023-12-05,aws-ondemand,A100-40GB,4.096575,posted-ondemand,,399107634.90968966080592021131
2023-12-05,aws-ondemand,A100-80GB,5.120719,posted-ondemand,,399107634.90968966080592021131
2023-12-05,aws-ondemand,H100-80GB,12.29,posted-ondemand,,399107634.90968966080592021131
2023-12-06,aws-ondemand,A100-40GB,4.096575,posted-ondemand,,390185009.92744992025614415218
2023-12-06,aws-ondemand,A100-80GB,5.120719,posted-ondemand,,390185009.92744992025614415218
2023-12-06,aws-ondemand,H100-80GB,12.29,posted-ondemand,,390185009.92744992025614415218
2023-12-07,aws-ondemand,A100-40GB,4.096575,posted-ondemand,,394285520.87876758884305625716
2023-12-07,aws-ondemand,A100-80GB,5.120719,posted-ondemand,,394285520.87876758884305625716
2023-12-07,aws-ondemand,H100-80GB,12.29,posted-ondemand,,394285520.87876758884305625716
2023-12-08,aws-ondemand,A100-40GB,4.096575,posted-ondemand,,400126237.03869814334722493668
2023-12-08,aws-ondemand,A100-80GB,5.120719,posted-ondemand,,400126237.03869814334722493668
2023-12-08,aws-ondemand,H100-80GB,12.29,posted-ondemand,,400126237.03869814334722493668
2023-12-09,aws-ondemand,A100-40GB,4.096575,posted-ondemand,,376388167.7539585610240115828
2023-12-09,aws-ondemand,A100-80GB,5.120719,posted-ondemand,,376388167.7539585610240115828
2023-12-09,aws-ondemand,H100-80GB,12.29,posted-ondemand,,376388167.7539585610240115828
2023-12-10,aws-ondemand,A100-40GB,4.096575,posted-ondemand,,387880032.26891243529320674989
2023-12-10,aws-ondemand,A100-80GB,5.120719,posted-ondemand,,387880032.26891243529320674989
2023-12-10,aws-ondemand,H100-80GB,12.29,posted-ondemand,,387880032.26891243529320674989
2023-12-11,aws-ondemand,A100-40GB,4.096575,posted-ondemand,,356958856.87549421180601107353
2023-12-11,aws-ondemand,A100-80GB,5.120719,posted-ondemand,,356958856.87549421180601107353
2023-12-11,aws-ondemand,H100-80GB,12.29,posted-ondemand,,356958856.87549421180601107353
2023-12-12,aws-ondemand,A100-40GB,4.096575,posted-ondemand,,416036710.2687481939299188817
2023-12-12,aws-ondemand,A100-80GB,5.120719,posted-ondemand,,416036710.2687481939299188817
2023-12-12,aws-ondemand,H100-80GB,12.29,posted-ondemand,,416036710.2687481939299188817
2023-12-13,aws-ondemand,A100-40GB,4.096575,posted-ondemand,,474112599.07700395888571235196
2023-12-13,aws-ondemand,A100-80GB,5.120719,posted-ondemand,,474112599.07700395888571235196
2023-12-13,aws-ondemand,H100-80GB,12.29,posted-ondemand,,474112599.07700395888571235196
2023-12-14,aws-ondemand,A100-40GB,4.096575,posted-ondemand,,519025839.52285781183317007381
2023-12-14,aws-ondemand,A100-80GB,5.120719,posted-ondemand,,519025839.52285781183317007381
2023-12-14,aws-ondemand,H100-80GB,12.29,posted-ondemand,,519025839.52285781183317007381
2023-12-15,aws-ondemand,A100-40GB,4.096575,posted-ondemand,,486502966.40398185727772606673
2023-12-15,aws-ondemand,A100-80GB,5.120719,posted-ondemand,,486502966.40398185727772606673
2023-12-15,aws-ondemand,H100-80GB,12.29,posted-ondemand,,486502966.40398185727772606673
2023-12-16,aws-ondemand,A100-40GB,4.096575,posted-ondemand,,514265918.42421894281600096624
2023-12-16,aws-ondemand,A100-80GB,5.120719,posted-ondemand,,514265918.42421894281600096624
2023-12-16,aws-ondemand,H100-80GB,12.29,posted-ondemand,,514265918.42421894281600096624
2023-12-17,aws-ondemand,A100-40GB,4.096575,posted-ondemand,,490098340.71601569007630169738
2023-12-17,aws-ondemand,A100-80GB,5.120719,posted-ondemand,,490098340.71601569007630169738
2023-12-17,aws-ondemand,H100-80GB,12.29,posted-ondemand,,490098340.71601569007630169738
2023-12-18,aws-ondemand,A100-40GB,4.096575,posted-ondemand,,494058745.12361572455881382312
2023-12-18,aws-ondemand,A100-80GB,5.120719,posted-ondemand,,494058745.12361572455881382312
2023-12-18,aws-ondemand,H100-80GB,12.29,posted-ondemand,,494058745.12361572455881382312
2023-12-19,aws-ondemand,A100-40GB,4.096575,posted-ondemand,,512379432.67449640988655240859
2023-12-19,aws-ondemand,A100-80GB,5.120719,posted-ondemand,,512379432.67449640988655240859
2023-12-19,aws-ondemand,H100-80GB,12.29,posted-ondemand,,512379432.67449640988655240859
2023-12-20,aws-ondemand,A100-40GB,4.096575,posted-ondemand,,538709031.18953907929209358091
2023-12-20,aws-ondemand,A100-80GB,5.120719,posted-ondemand,,538709031.18953907929209358091
2023-12-20,aws-ondemand,H100-80GB,12.29,posted-ondemand,,538709031.18953907929209358091
2023-12-21,aws-ondemand,A100-40GB,4.096575,posted-ondemand,,572752581.95713866995963258128
2023-12-21,aws-ondemand,A100-80GB,5.120719,posted-ondemand,,572752581.95713866995963258128
2023-12-21,aws-ondemand,H100-80GB,12.29,posted-ondemand,,572752581.95713866995963258128
2023-12-22,aws-ondemand,A100-40GB,4.096575,posted-ondemand,,549796436.2417082345915066337
2023-12-22,aws-ondemand,A100-80GB,5.120719,posted-ondemand,,549796436.2417082345915066337
2023-12-22,aws-ondemand,H100-80GB,12.29,posted-ondemand,,549796436.2417082345915066337
2023-12-23,aws-ondemand,A100-40GB,4.096575,posted-ondemand,,568384767.85610429898683705827
2023-12-23,aws-ondemand,A100-80GB,5.120719,posted-ondemand,,568384767.85610429898683705827
2023-12-23,aws-ondemand,H100-80GB,12.29,posted-ondemand,,568384767.85610429898683705827
2023-12-24,aws-ondemand,A100-40GB,4.096575,posted-ondemand,,566830201.69309041176594217824
2023-12-24,aws-ondemand,A100-80GB,5.120719,posted-ondemand,,566830201.69309041176594217824
2023-12-24,aws-ondemand,H100-80GB,12.29,posted-ondemand,,566830201.69309041176594217824
2023-12-25,aws-ondemand,A100-40GB,4.096575,posted-ondemand,,539850085.79612336633545350528
2023-12-25,aws-ondemand,A100-80GB,5.120719,posted-ondemand,,539850085.79612336633545350528
2023-12-25,aws-ondemand,H100-80GB,12.29,posted-ondemand,,539850085.79612336633545350528
2023-12-26,aws-ondemand,A100-40GB,4.096575,posted-ondemand,,536770322.63610358760743386942
2023-12-26,aws-ondemand,A100-80GB,5.120719,posted-ondemand,,536770322.63610358760743386942
2023-12-26,aws-ondemand,H100-80GB,12.29,posted-ondemand,,536770322.63610358760743386942
2023-12-27,aws-ondemand,A100-40GB,4.096575,posted-ondemand,,556521802.24950801265380550224
2023-12-27,aws-ondemand,A100-80GB,5.120719,posted-ondemand,,556521802.24950801265380550224
2023-12-27,aws-ondemand,H100-80GB,12.29,posted-ondemand,,556521802.24950801265380550224
2023-12-28,aws-ondemand,A100-40GB,4.096575,posted-ondemand,,532281918.75519543943498262424
2023-12-28,aws-ondemand,A100-80GB,5.120719,posted-ondemand,,532281918.75519543943498262424
2023-12-28,aws-ondemand,H100-80GB,12.29,posted-ondemand,,532281918.75519543943498262424
2023-12-29,aws-ondemand,A100-40GB,4.096575,posted-ondemand,,516641516.69540517447778716468
2023-12-29,aws-ondemand,A100-80GB,5.120719,posted-ondemand,,516641516.69540517447778716468
2023-12-29,aws-ondemand,H100-80GB,12.29,posted-ondemand,,516641516.69540517447778716468
2023-12-30,aws-ondemand,A100-40GB,4.096575,posted-ondemand,,510450511.62984056073496705312
2023-12-30,aws-ondemand,A100-80GB,5.120719,posted-ondemand,,510450511.62984056073496705312
2023-12-30,aws-ondemand,H100-80GB,12.29,posted-ondemand,,510450511.62984056073496705312
2023-12-31,aws-ondemand,A100-40GB,4.096575,posted-ondemand,,546069092.03926842370247950695
2023-12-31,aws-ondemand,A100-80GB,5.120719,posted-ondemand,,546069092.03926842370247950695
2023-12-31,aws-ondemand,H100-80GB,12.29,posted-ondemand,,546069092.03926842370247950695
2024-01-01,aws-ondemand,A100-40GB,4.096575,posted-ondemand,,535528486.05938593597297989867
2024-01-01,aws-ondemand,A100-80GB,5.120719,posted-ondemand,,535528486.05938593597297989867
2024-01-01,aws-ondemand,H100-80GB,12.29,posted-ondemand,,535528486.05938593597297989867
2024-01-02,aws-ondemand,A100-40GB,4.096575,posted-ondemand,,518673959.97884102250916731129
2024-01-02,aws-ondemand,A100-80GB,5.120719,posted-ondemand,,518673959.97884102250916731129
2024-01-02,aws-ondemand,H100-80GB,12.29,posted-ondemand,,518673959.97884102250916731129
2024-01-03,aws-ondemand,A100-40GB,4.096575,posted-ondemand,,574762173.65846097724709549655
2024-01-03,aws-ondemand,A100-80GB,5.120719,posted-ondemand,,574762173.65846097724709549655
2024-01-03,aws-ondemand,H100-80GB,12.29,posted-ondemand,,574762173.65846097724709549655
2024-01-04,aws-ondemand,A100-40GB,4.096575,posted-ondemand,,652109965.45474563343559873544
2024-01-04,aws-ondemand,A100-80GB,5.120719,posted-ondemand,,652109965.45474563343559873544
2024-01-04,aws-ondemand,H100-80GB,12.29,posted-ondemand,,652109965.45474563343559873544
2024-01-05,aws-ondemand,A100-40GB,4.096575,posted-ondemand,,691999816.39613084641701263748
2024-01-05,aws-ondemand,A100-80GB,5.120719,posted-ondemand,,691999816.39613084641701263748
2024-01-05,aws-ondemand,H100-80GB,12.29,posted-ondemand,,691999816.39613084641701263748
2024-01-06,aws-ondemand,A100-40GB,4.096575,posted-ondemand,,687393005.50284324866269929712
2024-01-06,aws-ondemand,A100-80GB,5.120719,posted-ondemand,,687393005.50284324866269929712
2024-01-06,aws-ondemand,H100-80GB,12.29,posted-ondemand,,687393005.50284324866269929712
2024-01-07,aws-ondemand,A100-40GB,4.096575,posted-ondemand,,667978366.8687240293545223677
2024-01-07,aws-ondemand,A100-80GB,5.120719,posted-ondemand,,667978366.8687240293545223677
2024-01-07,aws-ondemand,H100-80GB,12.29,posted-ondemand,,667978366.8687240293545223677
2024-01-08,aws-ondemand,A100-40GB,4.096575,posted-ondemand,,713969406.51199633919207111616
2024-01-08,aws-ondemand,A100-80GB,5.120719,posted-ondemand,,713969406.51199633919207111616
2024-01-08,aws-ondemand,H100-80GB,12.29,posted-ondemand,,713969406.51199633919207111616
2024-01-09,aws-ondemand,A100-40GB,4.096575,posted-ondemand,,678352961.21081721445577533236
2024-01-09,aws-ondemand,A100-80GB,5.120719,posted-ondemand,,678352961.21081721445577533236
2024-01-09,aws-ondemand,H100-80GB,12.29,posted-ondemand,,678352961.21081721445577533236
2024-01-10,aws-ondemand,A100-40GB,4.096575,posted-ondemand,,728185691.1922373058235817951
2024-01-10,aws-ondemand,A100-80GB,5.120719,posted-ondemand,,728185691.1922373058235817951
2024-01-10,aws-ondemand,H100-80GB,12.29,posted-ondemand,,728185691.1922373058235817951
2024-01-11,aws-ondemand,A100-40GB,4.096575,posted-ondemand,,655475833.38474517912097577705
2024-01-11,aws-ondemand,A100-80GB,5.120719,posted-ondemand,,655475833.38474517912097577705
2024-01-11,aws-ondemand,H100-80GB,12.29,posted-ondemand,,655475833.38474517912097577705
2024-01-12,aws-ondemand,A100-40GB,4.096575,posted-ondemand,,615201765.23581106624612335945
2024-01-12,aws-ondemand,A100-80GB,5.120719,posted-ondemand,,615201765.23581106624612335945
2024-01-12,aws-ondemand,H100-80GB,12.29,posted-ondemand,,615201765.23581106624612335945
2024-01-13,aws-ondemand,A100-40GB,4.096575,posted-ondemand,,651413256.55967917080447042498
2024-01-13,aws-ondemand,A100-80GB,5.120719,posted-ondemand,,651413256.55967917080447042498
2024-01-13,aws-ondemand,H100-80GB,12.29,posted-ondemand,,651413256.55967917080447042498
2024-01-14,aws-ondemand,A100-40GB,4.096575,posted-ondemand,,652657950.49216168938825286737
2024-01-14,aws-ondemand,A100-80GB,5.120719,posted-ondemand,,652657950.49216168938825286737
2024-01-14,aws-ondemand,H100-80GB,12.29,posted-ondemand,,652657950.49216168938825286737
2024-01-15,aws-ondemand,A100-40GB,4.096575,posted-ondemand,,645372759.640327824739355253
2024-01-15,aws-ondemand,A100-80GB,5.120719,posted-ondemand,,645372759.640327824739355253
2024-01-15,aws-ondemand,H100-80GB,12.29,posted-ondemand,,645372759.640327824739355253
2024-01-16,aws-ondemand,A100-40GB,4.096575,posted-ondemand,,645704655.47111249705028796182
2024-01-16,aws-ondemand,A100-80GB,5.120719,posted-ondemand,,645704655.47111249705028796182
2024-01-16,aws-ondemand,H100-80GB,12.29,posted-ondemand,,645704655.47111249705028796182
2024-01-17,aws-ondemand,A100-40GB,4.096575,posted-ondemand,,630188168.91937148864407980708
2024-01-17,aws-ondemand,A100-80GB,5.120719,posted-ondemand,,630188168.91937148864407980708
2024-01-17,aws-ondemand,H100-80GB,12.29,posted-ondemand,,630188168.91937148864407980708
2024-01-18,aws-ondemand,A100-40GB,4.096575,posted-ondemand,,600473773.65157974950869779744
2024-01-18,aws-ondemand,A100-80GB,5.120719,posted-ondemand,,600473773.65157974950869779744
2024-01-18,aws-ondemand,H100-80GB,12.29,posted-ondemand,,600473773.65157974950869779744
2024-01-19,aws-ondemand,A100-40GB,4.096575,posted-ondemand,,655605656.39468878519997685108
2024-01-19,aws-ondemand,A100-80GB,5.120719,posted-ondemand,,655605656.39468878519997685108
2024-01-19,aws-ondemand,H100-80GB,12.29,posted-ondemand,,655605656.39468878519997685108
2024-01-20,aws-ondemand,A100-40GB,4.096575,posted-ondemand,,618189080.86924930459217396844
2024-01-20,aws-ondemand,A100-80GB,5.120719,posted-ondemand,,618189080.86924930459217396844
2024-01-20,aws-ondemand,H100-80GB,12.29,posted-ondemand,,618189080.86924930459217396844
2024-01-21,aws-ondemand,A100-40GB,4.096575,posted-ondemand,,580990818.5713516827881964949
2024-01-21,aws-ondemand,A100-80GB,5.120719,posted-ondemand,,580990818.5713516827881964949
2024-01-21,aws-ondemand,H100-80GB,12.29,posted-ondemand,,580990818.5713516827881964949
2024-01-22,aws-ondemand,A100-40GB,4.096575,posted-ondemand,,533374208.24360070480661503216
2024-01-22,aws-ondemand,A100-80GB,5.120719,posted-ondemand,,533374208.24360070480661503216
2024-01-22,aws-ondemand,H100-80GB,12.29,posted-ondemand,,533374208.24360070480661503216
2024-01-23,aws-ondemand,A100-40GB,4.096575,posted-ondemand,,580233297.38562696980479537364
2024-01-23,aws-ondemand,A100-80GB,5.120719,posted-ondemand,,580233297.38562696980479537364
2024-01-23,aws-ondemand,H100-80GB,12.29,posted-ondemand,,580233297.38562696980479537364
2024-01-24,aws-ondemand,A100-40GB,4.096575,posted-ondemand,,576787211.5523126400255723896
2024-01-24,aws-ondemand,A100-80GB,5.120719,posted-ondemand,,576787211.5523126400255723896
2024-01-24,aws-ondemand,H100-80GB,12.29,posted-ondemand,,576787211.5523126400255723896
2024-01-25,aws-ondemand,A100-40GB,4.096575,posted-ondemand,,581479417.03317657724041465288
2024-01-25,aws-ondemand,A100-80GB,5.120719,posted-ondemand,,581479417.03317657724041465288
2024-01-25,aws-ondemand,H100-80GB,12.29,posted-ondemand,,581479417.03317657724041465288
2024-01-26,aws-ondemand,A100-40GB,4.096575,posted-ondemand,,667747400.64077156259522246069
2024-01-26,aws-ondemand,A100-80GB,5.120719,posted-ondemand,,667747400.64077156259522246069
2024-01-26,aws-ondemand,H100-80GB,12.29,posted-ondemand,,667747400.64077156259522246069
2024-01-27,aws-ondemand,A100-40GB,4.096575,posted-ondemand,,678968856.2951682262515122816
2024-01-27,aws-ondemand,A100-80GB,5.120719,posted-ondemand,,678968856.2951682262515122816
2024-01-27,aws-ondemand,H100-80GB,12.29,posted-ondemand,,678968856.2951682262515122816
2024-01-28,aws-ondemand,A100-40GB,4.096575,posted-ondemand,,655485293.310983361763657718
2024-01-28,aws-ondemand,A100-80GB,5.120719,posted-ondemand,,655485293.310983361763657718
2024-01-28,aws-ondemand,H100-80GB,12.29,posted-ondemand,,655485293.310983361763657718
2024-01-29,aws-ondemand,A100-40GB,4.096575,posted-ondemand,,645761451.6254065336286776074
2024-01-29,aws-ondemand,A100-80GB,5.120719,posted-ondemand,,645761451.6254065336286776074
2024-01-29,aws-ondemand,H100-80GB,12.29,posted-ondemand,,645761451.6254065336286776074
2024-01-30,aws-ondemand,A100-40GB,4.096575,posted-ondemand,,654384153.45209300016274053693
2024-01-30,aws-ondemand,A100-80GB,5.120719,posted-ondemand,,654384153.45209300016274053693
2024-01-30,aws-ondemand,H100-80GB,12.29,posted-ondemand,,654384153.45209300016274053693
2024-01-31,aws-ondemand,A100-40GB,4.096575,posted-ondemand,,627389678.33741234556080456619
2024-01-31,aws-ondemand,A100-80GB,5.120719,posted-ondemand,,627389678.33741234556080456619
2024-01-31,aws-ondemand,H100-80GB,12.29,posted-ondemand,,627389678.33741234556080456619
2024-02-01,aws-ondemand,A100-40GB,4.096575,posted-ondemand,,626240376.53328993468598774944
2024-02-01,aws-ondemand,A100-80GB,5.120719,posted-ondemand,,626240376.53328993468598774944
2024-02-01,aws-ondemand,H100-80GB,12.29,posted-ondemand,,626240376.53328993468598774944
2024-02-02,aws-ondemand,A100-40GB,4.096575,posted-ondemand,,628553902.64779184919997834854
2024-02-02,aws-ondemand,A100-80GB,5.120719,posted-ondemand,,628553902.64779184919997834854
2024-02-02,aws-ondemand,H100-80GB,12.29,posted-ondemand,,628553902.64779184919997834854
2024-02-03,aws-ondemand,A100-40GB,4.096575,posted-ondemand,,627832703.77483004653223405425
2024-02-03,aws-ondemand,A100-80GB,5.120719,posted-ondemand,,627832703.77483004653223405425
2024-02-03,aws-ondemand,H100-80GB,12.29,posted-ondemand,,627832703.77483004653223405425
2024-02-04,aws-ondemand,A100-40GB,4.096575,posted-ondemand,,618715454.982919576204454721
2024-02-04,aws-ondemand,A100-80GB,5.120719,posted-ondemand,,618715454.982919576204454721
2024-02-04,aws-ondemand,H100-80GB,12.29,posted-ondemand,,618715454.982919576204454721
2024-02-05,aws-ondemand,A100-40GB,4.096575,posted-ondemand,,622643060.66483879871736098223
2024-02-05,aws-ondemand,A100-80GB,5.120719,posted-ondemand,,622643060.66483879871736098223
2024-02-05,aws-ondemand,H100-80GB,12.29,posted-ondemand,,622643060.66483879871736098223
2024-02-06,aws-ondemand,A100-40GB,4.096575,posted-ondemand,,629956968.09856883063384848246
2024-02-06,aws-ondemand,A100-80GB,5.120719,posted-ondemand,,629956968.09856883063384848246
2024-02-06,aws-ondemand,H100-80GB,12.29,posted-ondemand,,629956968.09856883063384848246
2024-02-07,aws-ondemand,A100-40GB,4.096575,posted-ondemand,,631167625.37624821294493869942
2024-02-07,aws-ondemand,A100-80GB,5.120719,posted-ondemand,,631167625.37624821294493869942
2024-02-07,aws-ondemand,H100-80GB,12.29,posted-ondemand,,631167625.37624821294493869942
2024-02-08,aws-ondemand,A100-40GB,4.096575,posted-ondemand,,665592315.877507254840458313
2024-02-08,aws-ondemand,A100-80GB,5.120719,posted-ondemand,,665592315.877507254840458313
2024-02-08,aws-ondemand,H100-80GB,12.29,posted-ondemand,,665592315.877507254840458313
2024-02-09,aws-ondemand,A100-40GB,4.096575,posted-ondemand,,667963237.0580908365705900944
2024-02-09,aws-ondemand,A100-80GB,5.120719,posted-ondemand,,667963237.0580908365705900944
2024-02-09,aws-ondemand,H100-80GB,12.29,posted-ondemand,,667963237.0580908365705900944
2024-02-10,aws-ondemand,A100-40GB,4.096575,posted-ondemand,,693757949.95576088517909141794
2024-02-10,aws-ondemand,A100-80GB,5.120719,posted-ondemand,,693757949.95576088517909141794
2024-02-10,aws-ondemand,H100-80GB,12.29,posted-ondemand,,693757949.95576088517909141794
2024-02-11,aws-ondemand,A100-40GB,4.096575,posted-ondemand,,702441796.87406850850792880729
2024-02-11,aws-ondemand,A100-80GB,5.120719,posted-ondemand,,702441796.87406850850792880729
2024-02-11,aws-ondemand,H100-80GB,12.29,posted-ondemand,,702441796.87406850850792880729
2024-02-12,aws-ondemand,A100-40GB,4.096575,posted-ondemand,,749826345.82471613429011538632
2024-02-12,aws-ondemand,A100-80GB,5.120719,posted-ondemand,,749826345.82471613429011538632
2024-02-12,aws-ondemand,H100-80GB,12.29,posted-ondemand,,749826345.82471613429011538632
2024-02-13,aws-ondemand,A100-40GB,4.096575,posted-ondemand,,797194570.38144827557524741225
2024-02-13,aws-ondemand,A100-80GB,5.120719,posted-ondemand,,797194570.38144827557524741225
2024-02-13,aws-ondemand,H100-80GB,12.29,posted-ondemand,,797194570.38144827557524741225
2024-02-14,aws-ondemand,A100-40GB,4.096575,posted-ondemand,,835711748.1972439604537487852
2024-02-14,aws-ondemand,A100-80GB,5.120719,posted-ondemand,,835711748.1972439604537487852
2024-02-14,aws-ondemand,H100-80GB,12.29,posted-ondemand,,835711748.1972439604537487852
2024-02-15,aws-ondemand,A100-40GB,4.096575,posted-ondemand,,803901603.22418394108025737598
2024-02-15,aws-ondemand,A100-80GB,5.120719,posted-ondemand,,803901603.22418394108025737598
2024-02-15,aws-ondemand,H100-80GB,12.29,posted-ondemand,,803901603.22418394108025737598
2024-02-16,aws-ondemand,A100-40GB,4.096575,posted-ondemand,,777660694.1566918988225738136
2024-02-16,aws-ondemand,A100-80GB,5.120719,posted-ondemand,,777660694.1566918988225738136
2024-02-16,aws-ondemand,H100-80GB,12.29,posted-ondemand,,777660694.1566918988225738136
2024-02-17,aws-ondemand,A100-40GB,4.096575,posted-ondemand,,789236098.29610815335431156113
2024-02-17,aws-ondemand,A100-80GB,5.120719,posted-ondemand,,789236098.29610815335431156113
2024-02-17,aws-ondemand,H100-80GB,12.29,posted-ondemand,,789236098.29610815335431156113
2024-02-18,aws-ondemand,A100-40GB,4.096575,posted-ondemand,,833947738.43399560942631975233
2024-02-18,aws-ondemand,A100-80GB,5.120719,posted-ondemand,,833947738.43399560942631975233
2024-02-18,aws-ondemand,H100-80GB,12.29,posted-ondemand,,833947738.43399560942631975233
2024-02-19,aws-ondemand,A100-40GB,4.096575,posted-ondemand,,913211266.42479069536188398051
2024-02-19,aws-ondemand,A100-80GB,5.120719,posted-ondemand,,913211266.42479069536188398051
2024-02-19,aws-ondemand,H100-80GB,12.29,posted-ondemand,,913211266.42479069536188398051
2024-02-20,aws-ondemand,A100-40GB,4.096575,posted-ondemand,,913424427.63368300267809680602
2024-02-20,aws-ondemand,A100-80GB,5.120719,posted-ondemand,,913424427.63368300267809680602
2024-02-20,aws-ondemand,H100-80GB,12.29,posted-ondemand,,913424427.63368300267809680602
2024-02-21,aws-ondemand,A100-40GB,4.096575,posted-ondemand,,926240448.76524807153756966395
2024-02-21,aws-ondemand,A100-80GB,5.120719,posted-ondemand,,926240448.76524807153756966395
2024-02-21,aws-ondemand,H100-80GB,12.29,posted-ondemand,,926240448.76524807153756966395
2024-02-22,aws-ondemand,A100-40GB,4.096575,posted-ondemand,,895366236.2662547641238745759
2024-02-22,aws-ondemand,A100-80GB,5.120719,posted-ondemand,,895366236.2662547641238745759
2024-02-22,aws-ondemand,H100-80GB,12.29,posted-ondemand,,895366236.2662547641238745759
2024-02-23,aws-ondemand,A100-40GB,4.096575,posted-ondemand,,879081839.23309154976941026718
2024-02-23,aws-ondemand,A100-80GB,5.120719,posted-ondemand,,879081839.23309154976941026718
2024-02-23,aws-ondemand,H100-80GB,12.29,posted-ondemand,,879081839.23309154976941026718
2024-02-24,aws-ondemand,A100-40GB,4.096575,posted-ondemand,,919030957.6343555535169438914
2024-02-24,aws-ondemand,A100-80GB,5.120719,posted-ondemand,,919030957.6343555535169438914
2024-02-24,aws-ondemand,H100-80GB,12.29,posted-ondemand,,919030957.6343555535169438914
2024-02-25,aws-ondemand,A100-40GB,4.096575,posted-ondemand,,927165865.67770007327117373959
2024-02-25,aws-ondemand,A100-80GB,5.120719,posted-ondemand,,927165865.67770007327117373959
2024-02-25,aws-ondemand,H100-80GB,12.29,posted-ondemand,,927165865.67770007327117373959
2024-02-26,aws-ondemand,A100-40GB,4.096575,posted-ondemand,,1057152892.96371510660725328183
2024-02-26,aws-ondemand,A100-80GB,5.120719,posted-ondemand,,1057152892.96371510660725328183
2024-02-26,aws-ondemand,H100-80GB,12.29,posted-ondemand,,1057152892.96371510660725328183
2024-02-27,aws-ondemand,A100-40GB,4.096575,posted-ondemand,,1013000284.30255480326884206584
2024-02-27,aws-ondemand,A100-80GB,5.120719,posted-ondemand,,1013000284.30255480326884206584
2024-02-27,aws-ondemand,H100-80GB,12.29,posted-ondemand,,1013000284.30255480326884206584
2024-02-28,aws-ondemand,A100-40GB,4.096575,posted-ondemand,,1075098335.1958604846160997894
2024-02-28,aws-ondemand,A100-80GB,5.120719,posted-ondemand,,1075098335.1958604846160997894
2024-02-28,aws-ondemand,H100-80GB,12.29,posted-ondemand,,1075098335.1958604846160997894
2024-02-29,aws-ondemand,A100-40GB,4.096575,posted-ondemand,,1119835347.5515442793632688772
2024-02-29,aws-ondemand,A100-80GB,5.120719,posted-ondemand,,1119835347.5515442793632688772
2024-02-29,aws-ondemand,H100-80GB,12.29,posted-ondemand,,1119835347.5515442793632688772
2024-03-01,aws-ondemand,A100-40GB,4.096575,posted-ondemand,,1100234244.82841672860340939772
2024-03-01,aws-ondemand,A100-80GB,5.120719,posted-ondemand,,1100234244.82841672860340939772
2024-03-01,aws-ondemand,H100-80GB,12.29,posted-ondemand,,1100234244.82841672860340939772
2024-03-02,aws-ondemand,A100-40GB,4.096575,posted-ondemand,,1073925872.45391864665350977557
2024-03-02,aws-ondemand,A100-80GB,5.120719,posted-ondemand,,1073925872.45391864665350977557
2024-03-02,aws-ondemand,H100-80GB,12.29,posted-ondemand,,1073925872.45391864665350977557
2024-03-03,aws-ondemand,A100-40GB,4.096575,posted-ondemand,,1050419080.12505776698168934296
2024-03-03,aws-ondemand,A100-80GB,5.120719,posted-ondemand,,1050419080.12505776698168934296
2024-03-03,aws-ondemand,H100-80GB,12.29,posted-ondemand,,1050419080.12505776698168934296
2024-03-04,aws-ondemand,A100-40GB,4.096575,posted-ondemand,,1004358236.0242124555818384208
2024-03-04,aws-ondemand,A100-80GB,5.120719,posted-ondemand,,1004358236.0242124555818384208
2024-03-04,aws-ondemand,H100-80GB,12.29,posted-ondemand,,1004358236.0242124555818384208
2024-03-05,aws-ondemand,A100-40GB,4.096575,posted-ondemand,,967322317.457502766373841799
2024-03-05,aws-ondemand,A100-80GB,5.120719,posted-ondemand,,967322317.457502766373841799
2024-03-05,aws-ondemand,H100-80GB,12.29,posted-ondemand,,967322317.457502766373841799
2024-03-06,aws-ondemand,A100-40GB,4.096575,posted-ondemand,,1219423484.1306017165467044438
2024-03-06,aws-ondemand,A100-80GB,5.120719,posted-ondemand,,1219423484.1306017165467044438
2024-03-06,aws-ondemand,H100-80GB,12.29,posted-ondemand,,1219423484.1306017165467044438
2024-03-07,aws-ondemand,A100-40GB,4.096575,posted-ondemand,,1414436490.27756249739181046486
2024-03-07,aws-ondemand,A100-80GB,5.120719,posted-ondemand,,1414436490.27756249739181046486
2024-03-07,aws-ondemand,H100-80GB,12.29,posted-ondemand,,1414436490.27756249739181046486
2024-03-08,aws-ondemand,A100-40GB,4.096575,posted-ondemand,,1340477967.8383064595227073675
2024-03-08,aws-ondemand,A100-80GB,5.120719,posted-ondemand,,1340477967.8383064595227073675
2024-03-08,aws-ondemand,H100-80GB,12.29,posted-ondemand,,1340477967.8383064595227073675
2024-03-09,aws-ondemand,A100-40GB,4.096575,posted-ondemand,,1439617909.27201270631688736395
2024-03-09,aws-ondemand,A100-80GB,5.120719,posted-ondemand,,1439617909.27201270631688736395
2024-03-09,aws-ondemand,H100-80GB,12.29,posted-ondemand,,1439617909.27201270631688736395
2024-03-10,aws-ondemand,A100-40GB,4.096575,posted-ondemand,,1387722194.0168209647601207075
2024-03-10,aws-ondemand,A100-80GB,5.120719,posted-ondemand,,1387722194.0168209647601207075
2024-03-10,aws-ondemand,H100-80GB,12.29,posted-ondemand,,1387722194.0168209647601207075
2024-03-11,aws-ondemand,A100-40GB,4.096575,posted-ondemand,,1414775653.0632688827871103756
2024-03-11,aws-ondemand,A100-80GB,5.120719,posted-ondemand,,1414775653.0632688827871103756
2024-03-11,aws-ondemand,H100-80GB,12.29,posted-ondemand,,1414775653.0632688827871103756
2024-03-12,aws-ondemand,A100-40GB,4.096575,posted-ondemand,,1347311588.78732312491470770519
2024-03-12,aws-ondemand,A100-80GB,5.120719,posted-ondemand,,1347311588.78732312491470770519
2024-03-12,aws-ondemand,H100-80GB,12.29,posted-ondemand,,1347311588.78732312491470770519
2024-03-13,aws-ondemand,A100-40GB,4.096575,posted-ondemand,,1362543353.21095235090871568992
2024-03-13,aws-ondemand,A100-80GB,5.120719,posted-ondemand,,1362543353.21095235090871568992
2024-03-13,aws-ondemand,H100-80GB,12.29,posted-ondemand,,1362543353.21095235090871568992
2024-03-14,aws-ondemand,A100-40GB,4.096575,posted-ondemand,,1303708519.20347841911477919966
2024-03-14,aws-ondemand,A100-80GB,5.120719,posted-ondemand,,1303708519.20347841911477919966
2024-03-14,aws-ondemand,H100-80GB,12.29,posted-ondemand,,1303708519.20347841911477919966
2024-03-15,aws-ondemand,A100-40GB,4.096575,posted-ondemand,,1358119353.5813181979310280132
2024-03-15,aws-ondemand,A100-80GB,5.120719,posted-ondemand,,1358119353.5813181979310280132
2024-03-15,aws-ondemand,H100-80GB,12.29,posted-ondemand,,1358119353.5813181979310280132
2024-03-16,aws-ondemand,A100-40GB,4.096575,posted-ondemand,,1247293849.90743972890551455972
2024-03-16,aws-ondemand,A100-80GB,5.120719,posted-ondemand,,1247293849.90743972890551455972
2024-03-16,aws-ondemand,H100-80GB,12.29,posted-ondemand,,1247293849.90743972890551455972
2024-03-17,aws-ondemand,A100-40GB,4.096575,posted-ondemand,,1353165857.00692440034977433076
2024-03-17,aws-ondemand,A100-80GB,5.120719,posted-ondemand,,1353165857.00692440034977433076
2024-03-17,aws-ondemand,H100-80GB,12.29,posted-ondemand,,1353165857.00692440034977433076
2024-03-18,aws-ondemand,A100-40GB,4.096575,posted-ondemand,,1316411389.67984907724638045865
2024-03-18,aws-ondemand,A100-80GB,5.120719,posted-ondemand,,1316411389.67984907724638045865
2024-03-18,aws-ondemand,H100-80GB,12.29,posted-ondemand,,1316411389.67984907724638045865
2024-03-19,aws-ondemand,A100-40GB,4.096575,posted-ondemand,,1240929414.62092157558017866345
2024-03-19,aws-ondemand,A100-80GB,5.120719,posted-ondemand,,1240929414.62092157558017866345
2024-03-19,aws-ondemand,H100-80GB,12.29,posted-ondemand,,1240929414.62092157558017866345
2024-03-20,aws-ondemand,A100-40GB,4.096575,posted-ondemand,,1297523885.5023705159508420983
2024-03-20,aws-ondemand,A100-80GB,5.120719,posted-ondemand,,1297523885.5023705159508420983
2024-03-20,aws-ondemand,H100-80GB,12.29,posted-ondemand,,1297523885.5023705159508420983
2024-03-21,aws-ondemand,A100-40GB,4.096575,posted-ondemand,,1219789545.61597222361840264205
2024-03-21,aws-ondemand,A100-80GB,5.120719,posted-ondemand,,1219789545.61597222361840264205
2024-03-21,aws-ondemand,H100-80GB,12.29,posted-ondemand,,1219789545.61597222361840264205
2024-03-22,aws-ondemand,A100-40GB,4.096575,posted-ondemand,,1207567337.5009645325161206921
2024-03-22,aws-ondemand,A100-80GB,5.120719,posted-ondemand,,1207567337.5009645325161206921
2024-03-22,aws-ondemand,H100-80GB,12.29,posted-ondemand,,1207567337.5009645325161206921
2024-03-23,aws-ondemand,A100-40GB,4.096575,posted-ondemand,,1225742886.09671076507407322817
2024-03-23,aws-ondemand,A100-80GB,5.120719,posted-ondemand,,1225742886.09671076507407322817
2024-03-23,aws-ondemand,H100-80GB,12.29,posted-ondemand,,1225742886.09671076507407322817
2024-03-24,aws-ondemand,A100-40GB,4.096575,posted-ondemand,,1264757495.48342355914411750329
2024-03-24,aws-ondemand,A100-80GB,5.120719,posted-ondemand,,1264757495.48342355914411750329
2024-03-24,aws-ondemand,H100-80GB,12.29,posted-ondemand,,1264757495.48342355914411750329
2024-03-25,aws-ondemand,A100-40GB,4.096575,posted-ondemand,,1359845508.97078358861952236761
2024-03-25,aws-ondemand,A100-80GB,5.120719,posted-ondemand,,1359845508.97078358861952236761
2024-03-25,aws-ondemand,H100-80GB,12.29,posted-ondemand,,1359845508.97078358861952236761
2024-03-26,aws-ondemand,A100-40GB,4.096575,posted-ondemand,,1237865626.74399691951343931179
2024-03-26,aws-ondemand,A100-80GB,5.120719,posted-ondemand,,1237865626.74399691951343931179
2024-03-26,aws-ondemand,H100-80GB,12.29,posted-ondemand,,1237865626.74399691951343931179
2024-03-27,aws-ondemand,A100-40GB,4.096575,posted-ondemand,,1225465757.75011190361725442855
2024-03-27,aws-ondemand,A100-80GB,5.120719,posted-ondemand,,1225465757.75011190361725442855
2024-03-27,aws-ondemand,H100-80GB,12.29,posted-ondemand,,1225465757.75011190361725442855
2024-03-28,aws-ondemand,A100-40GB,4.096575,posted-ondemand,,1232976607.90501759700358033166
2024-03-28,aws-ondemand,A100-80GB,5.120719,posted-ondemand,,1232976607.90501759700358033166
2024-03-28,aws-ondemand,H100-80GB,12.29,posted-ondemand,,1232976607.90501759700358033166
2024-03-29,aws-ondemand,A100-40GB,4.096575,posted-ondemand,,1198266248.85325602184081175798
2024-03-29,aws-ondemand,A100-80GB,5.120719,posted-ondemand,,1198266248.85325602184081175798
2024-03-29,aws-ondemand,H100-80GB,12.29,posted-ondemand,,1198266248.85325602184081175798
2024-03-30,aws-ondemand,A100-40GB,4.096575,posted-ondemand,,1135731983.0248620547055810485
2024-03-30,aws-ondemand,A100-80GB,5.120719,posted-ondemand,,1135731983.0248620547055810485
2024-03-30,aws-ondemand,H100-80GB,12.29,posted-ondemand,,1135731983.0248620547055810485
2024-03-31,aws-ondemand,A100-40GB,4.096575,posted-ondemand,,1115218840.59247608897084487099
2024-03-31,aws-ondemand,A100-80GB,5.120719,posted-ondemand,,1115218840.59247608897084487099
2024-03-31,aws-ondemand,H100-80GB,12.29,posted-ondemand,,1115218840.59247608897084487099
2024-04-01,aws-ondemand,A100-40GB,4.096575,posted-ondemand,,1036378639.53760204380635212988
2024-04-01,aws-ondemand,A100-80GB,5.120719,posted-ondemand,,1036378639.53760204380635212988
2024-04-01,aws-ondemand,H100-80GB,12.29,posted-ondemand,,1036378639.53760204380635212988
2024-04-02,aws-ondemand,A100-40GB,4.096575,posted-ondemand,,1078692766.92023449003355190119
2024-04-02,aws-ondemand,A100-80GB,5.120719,posted-ondemand,,1078692766.92023449003355190119
2024-04-02,aws-ondemand,H100-80GB,12.29,posted-ondemand,,1078692766.92023449003355190119
2024-04-03,aws-ondemand,A100-40GB,4.096575,posted-ondemand,,1007042885.7519642895786863467
2024-04-03,aws-ondemand,A100-80GB,5.120719,posted-ondemand,,1007042885.7519642895786863467
2024-04-03,aws-ondemand,H100-80GB,12.29,posted-ondemand,,1007042885.7519642895786863467
2024-04-04,aws-ondemand,A100-40GB,4.096575,posted-ondemand,,986112194.04738261490782450442
2024-04-04,aws-ondemand,A100-80GB,5.120719,posted-ondemand,,986112194.04738261490782450442
2024-04-04,aws-ondemand,H100-80GB,12.29,posted-ondemand,,986112194.04738261490782450442
2024-04-05,aws-ondemand,A100-40GB,4.096575,posted-ondemand,,908224905.63360795154149871614
2024-04-05,aws-ondemand,A100-80GB,5.120719,posted-ondemand,,908224905.63360795154149871614
2024-04-05,aws-ondemand,H100-80GB,12.29,posted-ondemand,,908224905.63360795154149871614
2024-04-06,aws-ondemand,A100-40GB,4.096575,posted-ondemand,,995785727.75902496243113235041
2024-04-06,aws-ondemand,A100-80GB,5.120719,posted-ondemand,,995785727.75902496243113235041
2024-04-06,aws-ondemand,H100-80GB,12.29,posted-ondemand,,995785727.75902496243113235041
2024-04-07,aws-ondemand,A100-40GB,4.096575,posted-ondemand,,1001717485.1569566261692093868
2024-04-07,aws-ondemand,A100-80GB,5.120719,posted-ondemand,,1001717485.1569566261692093868
2024-04-07,aws-ondemand,H100-80GB,12.29,posted-ondemand,,1001717485.1569566261692093868
2024-04-08,aws-ondemand,A100-40GB,4.096575,posted-ondemand,,1019695691.5479348247653173406
2024-04-08,aws-ondemand,A100-80GB,5.120719,posted-ondemand,,1019695691.5479348247653173406
2024-04-08,aws-ondemand,H100-80GB,12.29,posted-ondemand,,1019695691.5479348247653173406
2024-04-09,aws-ondemand,A100-40GB,4.096575,posted-ondemand,,950896549.00249967583158271347
2024-04-09,aws-ondemand,A100-80GB,5.120719,posted-ondemand,,950896549.00249967583158271347
2024-04-09,aws-ondemand,H100-80GB,12.29,posted-ondemand,,950896549.00249967583158271347
2024-04-10,aws-ondemand,A100-40GB,4.096575,posted-ondemand,,962394851.3697576870257108835
2024-04-10,aws-ondemand,A100-80GB,5.120719,posted-ondemand,,962394851.3697576870257108835
2024-04-10,aws-ondemand,H100-80GB,12.29,posted-ondemand,,962394851.3697576870257108835
2024-04-11,aws-ondemand,A100-40GB,4.096575,posted-ondemand,,938504140.30875519464967073686
2024-04-11,aws-ondemand,A100-80GB,5.120719,posted-ondemand,,938504140.30875519464967073686
2024-04-11,aws-ondemand,H100-80GB,12.29,posted-ondemand,,938504140.30875519464967073686
2024-04-12,aws-ondemand,A100-40GB,4.096575,posted-ondemand,,877232809.09173092272197681607
2024-04-12,aws-ondemand,A100-80GB,5.120719,posted-ondemand,,877232809.09173092272197681607
2024-04-12,aws-ondemand,H100-80GB,12.29,posted-ondemand,,877232809.09173092272197681607
2024-04-13,aws-ondemand,A100-40GB,4.096575,posted-ondemand,,794507110.53996355638860435392
2024-04-13,aws-ondemand,A100-80GB,5.120719,posted-ondemand,,794507110.53996355638860435392
2024-04-13,aws-ondemand,H100-80GB,12.29,posted-ondemand,,794507110.53996355638860435392
2024-04-14,aws-ondemand,A100-40GB,4.096575,posted-ondemand,,884923517.61492784138645775199
2024-04-14,aws-ondemand,A100-80GB,5.120719,posted-ondemand,,884923517.61492784138645775199
2024-04-14,aws-ondemand,H100-80GB,12.29,posted-ondemand,,884923517.61492784138645775199
2024-04-15,aws-ondemand,A100-40GB,4.096575,posted-ondemand,,832635102.57131550673585434727
2024-04-15,aws-ondemand,A100-80GB,5.120719,posted-ondemand,,832635102.57131550673585434727
2024-04-15,aws-ondemand,H100-80GB,12.29,posted-ondemand,,832635102.57131550673585434727
2024-04-16,aws-ondemand,A100-40GB,4.096575,posted-ondemand,,918627018.83868845899533641646
2024-04-16,aws-ondemand,A100-80GB,5.120719,posted-ondemand,,918627018.83868845899533641646
2024-04-16,aws-ondemand,H100-80GB,12.29,posted-ondemand,,918627018.83868845899533641646
2024-04-17,aws-ondemand,A100-40GB,4.096575,posted-ondemand,,866605939.85278867118197035226
2024-04-17,aws-ondemand,A100-80GB,5.120719,posted-ondemand,,866605939.85278867118197035226
2024-04-17,aws-ondemand,H100-80GB,12.29,posted-ondemand,,866605939.85278867118197035226
2024-04-18,aws-ondemand,A100-40GB,4.096575,posted-ondemand,,902421083.66804013492713519125
2024-04-18,aws-ondemand,A100-80GB,5.120719,posted-ondemand,,902421083.66804013492713519125
2024-04-18,aws-ondemand,H100-80GB,12.29,posted-ondemand,,902421083.66804013492713519125
2024-04-19,aws-ondemand,A100-40GB,4.096575,posted-ondemand,,885434910.09824611175141572366
2024-04-19,aws-ondemand,A100-80GB,5.120719,posted-ondemand,,885434910.09824611175141572366
2024-04-19,aws-ondemand,H100-80GB,12.29,posted-ondemand,,885434910.09824611175141572366
2024-04-20,aws-ondemand,A100-40GB,4.096575,posted-ondemand,,959452944.77787946504108637101
2024-04-20,aws-ondemand,A100-80GB,5.120719,posted-ondemand,,959452944.77787946504108637101
2024-04-20,aws-ondemand,H100-80GB,12.29,posted-ondemand,,959452944.77787946504108637101
2024-04-21,aws-ondemand,A100-40GB,4.096575,posted-ondemand,,949597286.22360268042387536738
2024-04-21,aws-ondemand,A100-80GB,5.120719,posted-ondemand,,949597286.22360268042387536738
2024-04-21,aws-ondemand,H100-80GB,12.29,posted-ondemand,,949597286.22360268042387536738
2024-04-22,aws-ondemand,A100-40GB,4.096575,posted-ondemand,,954471784.82395948414825904832
2024-04-22,aws-ondemand,A100-80GB,5.120719,posted-ondemand,,954471784.82395948414825904832
2024-04-22,aws-ondemand,H100-80GB,12.29,posted-ondemand,,954471784.82395948414825904832
2024-04-23,aws-ondemand,A100-40GB,4.096575,posted-ondemand,,1193053831.91221221397126287148
2024-04-23,aws-ondemand,A100-80GB,5.120719,posted-ondemand,,1193053831.91221221397126287148
2024-04-23,aws-ondemand,H100-80GB,12.29,posted-ondemand,,1193053831.91221221397126287148
2024-04-24,aws-ondemand,A100-40GB,4.096575,posted-ondemand,,1191609206.92788292713876150777
2024-04-24,aws-ondemand,A100-80GB,5.120719,posted-ondemand,,1191609206.92788292713876150777
2024-04-24,aws-ondemand,H100-80GB,12.29,posted-ondemand,,1191609206.92788292713876150777
2024-04-25,aws-ondemand,A100-40GB,4.096575,posted-ondemand,,1150226486.83981127490963399049
2024-04-25,aws-ondemand,A100-80GB,5.120719,posted-ondemand,,1150226486.83981127490963399049
2024-04-25,aws-ondemand,H100-80GB,12.29,posted-ondemand,,1150226486.83981127490963399049
2024-04-26,aws-ondemand,A100-40GB,4.096575,posted-ondemand,,1076157706.78126123804958223976
2024-04-26,aws-ondemand,A100-80GB,5.120719,posted-ondemand,,1076157706.78126123804958223976
2024-04-26,aws-ondemand,H100-80GB,12.29,posted-ondemand,,1076157706.78126123804958223976
2024-04-27,aws-ondemand,A100-40GB,4.096575,posted-ondemand,,1048345922.85893084588877170243
2024-04-27,aws-ondemand,A100-80GB,5.120719,posted-ondemand,,1048345922.85893084588877170243
2024-04-27,aws-ondemand,H100-80GB,12.29,posted-ondemand,,1048345922.85893084588877170243
2024-04-28,aws-ondemand,A100-40GB,4.096575,posted-ondemand,,1023173892.63803692612065043722
2024-04-28,aws-ondemand,A100-80GB,5.120719,posted-ondemand,,1023173892.63803692612065043722
2024-04-28,aws-ondemand,H100-80GB,12.29,posted-ondemand,,1023173892.63803692612065043722
2024-04-29,aws-ondemand,A100-40GB,4.096575,posted-ondemand,,1010085745.11805118059348405062
2024-04-29,aws-ondemand,A100-80GB,5.120719,posted-ondemand,,1010085745.11805118059348405062
2024-04-29,aws-ondemand,H100-80GB,12.29,posted-ondemand,,1010085745.11805118059348405062
2024-04-30,aws-ondemand,A100-40GB,4.096575,posted-ondemand,,941973484.25097552367316071998
2024-04-30,aws-ondemand,A100-80GB,5.120719,posted-ondemand,,941973484.25097552367316071998
2024-04-30,aws-ondemand,H100-80GB,12.29,posted-ondemand,,941973484.25097552367316071998
2024-05-01,aws-ondemand,A100-40GB,4.096575,posted-ondemand,,953430144.87766264358876274601
2024-05-01,aws-ondemand,A100-80GB,5.120719,posted-ondemand,,953430144.87766264358876274601
2024-05-01,aws-ondemand,H100-80GB,12.29,posted-ondemand,,953430144.87766264358876274601
2024-05-02,aws-ondemand,A100-40GB,4.096575,posted-ondemand,,976795137.76466303136023059334
2024-05-02,aws-ondemand,A100-80GB,5.120719,posted-ondemand,,976795137.76466303136023059334
2024-05-02,aws-ondemand,H100-80GB,12.29,posted-ondemand,,976795137.76466303136023059334
2024-05-03,aws-ondemand,A100-40GB,4.096575,posted-ondemand,,1026132660.4310546496304433671
2024-05-03,aws-ondemand,A100-80GB,5.120719,posted-ondemand,,1026132660.4310546496304433671
2024-05-03,aws-ondemand,H100-80GB,12.29,posted-ondemand,,1026132660.4310546496304433671
2024-05-04,aws-ondemand,A100-40GB,4.096575,posted-ondemand,,1003058952.492914197389366014
2024-05-04,aws-ondemand,A100-80GB,5.120719,posted-ondemand,,1003058952.492914197389366014
2024-05-04,aws-ondemand,H100-80GB,12.29,posted-ondemand,,1003058952.492914197389366014
2024-05-05,aws-ondemand,A100-40GB,4.096575,posted-ondemand,,1149560239.06109107957999370105
2024-05-05,aws-ondemand,A100-80GB,5.120719,posted-ondemand,,1149560239.06109107957999370105
2024-05-05,aws-ondemand,H100-80GB,12.29,posted-ondemand,,1149560239.06109107957999370105
2024-05-06,aws-ondemand,A100-40GB,4.096575,posted-ondemand,,1111155350.816981041145380715
2024-05-06,aws-ondemand,A100-80GB,5.120719,posted-ondemand,,1111155350.816981041145380715
2024-05-06,aws-ondemand,H100-80GB,12.29,posted-ondemand,,1111155350.816981041145380715
2024-05-07,aws-ondemand,A100-40GB,4.096575,posted-ondemand,,1085597057.79627179849682110798
2024-05-07,aws-ondemand,A100-80GB,5.120719,posted-ondemand,,1085597057.79627179849682110798
2024-05-07,aws-ondemand,H100-80GB,12.29,posted-ondemand,,1085597057.79627179849682110798
2024-05-08,aws-ondemand,A100-40GB,4.096575,posted-ondemand,,999757796.74371951763926542516
2024-05-08,aws-ondemand,A100-80GB,5.120719,posted-ondemand,,999757796.74371951763926542516
2024-05-08,aws-ondemand,H100-80GB,12.29,posted-ondemand,,999757796.74371951763926542516
2024-05-09,aws-ondemand,A100-40GB,4.096575,posted-ondemand,,1283296841.752867339022825195
2024-05-09,aws-ondemand,A100-80GB,5.120719,posted-ondemand,,1283296841.752867339022825195
2024-05-09,aws-ondemand,H100-80GB,12.29,posted-ondemand,,1283296841.752867339022825195
2024-05-10,aws-ondemand,A100-40GB,4.096575,posted-ondemand,,1354877945.84751291944728566806
2024-05-10,aws-ondemand,A100-80GB,5.120719,posted-ondemand,,1354877945.84751291944728566806
2024-05-10,aws-ondemand,H100-80GB,12.29,posted-ondemand,,1354877945.84751291944728566806
2024-05-11,aws-ondemand,A100-40GB,4.096575,posted-ondemand,,1327321470.24641931644888677433
2024-05-11,aws-ondemand,A100-80GB,5.120719,posted-ondemand,,1327321470.24641931644888677433
2024-05-11,aws-ondemand,H100-80GB,12.29,posted-ondemand,,1327321470.24641931644888677433
2024-05-12,aws-ondemand,A100-40GB,4.096575,posted-ondemand,,1261900677.18452224041352021933
2024-05-12,aws-ondemand,A100-80GB,5.120719,posted-ondemand,,1261900677.18452224041352021933
2024-05-12,aws-ondemand,H100-80GB,12.29,posted-ondemand,,1261900677.18452224041352021933
2024-05-13,aws-ondemand,A100-40GB,4.096575,posted-ondemand,,1271122010.51429718903604699478
2024-05-13,aws-ondemand,A100-80GB,5.120719,posted-ondemand,,1271122010.51429718903604699478
2024-05-13,aws-ondemand,H100-80GB,12.29,posted-ondemand,,1271122010.51429718903604699478
2024-05-14,aws-ondemand,A100-40GB,4.096575,posted-ondemand,,1198556452.18177599709943518553
2024-05-14,aws-ondemand,A100-80GB,5.120719,posted-ondemand,,1198556452.18177599709943518553
2024-05-14,aws-ondemand,H100-80GB,12.29,posted-ondemand,,1198556452.18177599709943518553
2024-05-15,aws-ondemand,A100-40GB,4.096575,posted-ondemand,,1300124127.39602364466070620195
2024-05-15,aws-ondemand,A100-80GB,5.120719,posted-ondemand,,1300124127.39602364466070620195
2024-05-15,aws-ondemand,H100-80GB,12.29,posted-ondemand,,1300124127.39602364466070620195
2024-05-16,aws-ondemand,A100-40GB,4.096575,posted-ondemand,,1369034540.50890917700150020207
2024-05-16,aws-ondemand,A100-80GB,5.120719,posted-ondemand,,1369034540.50890917700150020207
2024-05-16,aws-ondemand,H100-80GB,12.29,posted-ondemand,,1369034540.50890917700150020207
2024-05-17,aws-ondemand,A100-40GB,4.096575,posted-ondemand,,1385261046.63240965313944741963
2024-05-17,aws-ondemand,A100-80GB,5.120719,posted-ondemand,,1385261046.63240965313944741963
2024-05-17,aws-ondemand,H100-80GB,12.29,posted-ondemand,,1385261046.63240965313944741963
2024-05-18,aws-ondemand,A100-40GB,4.096575,posted-ondemand,,1352632985.51644031709897522226
2024-05-18,aws-ondemand,A100-80GB,5.120719,posted-ondemand,,1352632985.51644031709897522226
2024-05-18,aws-ondemand,H100-80GB,12.29,posted-ondemand,,1352632985.51644031709897522226
2024-05-19,aws-ondemand,A100-40GB,4.096575,posted-ondemand,,1292254984.24754106356251545986
2024-05-19,aws-ondemand,A100-80GB,5.120719,posted-ondemand,,1292254984.24754106356251545986
2024-05-19,aws-ondemand,H100-80GB,12.29,posted-ondemand,,1292254984.24754106356251545986
2024-05-20,aws-ondemand,A100-40GB,4.096575,posted-ondemand,,1362830028.85174843414386897103
2024-05-20,aws-ondemand,A100-80GB,5.120719,posted-ondemand,,1362830028.85174843414386897103
2024-05-20,aws-ondemand,H100-80GB,12.29,posted-ondemand,,1362830028.85174843414386897103
2024-05-21,aws-ondemand,A100-40GB,4.096575,posted-ondemand,,1366360224.20022783915994841802
2024-05-21,aws-ondemand,A100-80GB,5.120719,posted-ondemand,,1366360224.20022783915994841802
2024-05-21,aws-ondemand,H100-80GB,12.29,posted-ondemand,,1366360224.20022783915994841802
2024-05-22,aws-ondemand,A100-40GB,4.096575,posted-ondemand,,1363434380.26421772671996982915
2024-05-22,aws-ondemand,A100-80GB,5.120719,posted-ondemand,,1363434380.26421772671996982915
2024-05-22,aws-ondemand,H100-80GB,12.29,posted-ondemand,,1363434380.26421772671996982915
2024-05-23,aws-ondemand,A100-40GB,4.096575,posted-ondemand,,1271463378.2597586187545181533
2024-05-23,aws-ondemand,A100-80GB,5.120719,posted-ondemand,,1271463378.2597586187545181533
2024-05-23,aws-ondemand,H100-80GB,12.29,posted-ondemand,,1271463378.2597586187545181533
2024-05-24,aws-ondemand,A100-40GB,4.096575,posted-ondemand,,1244279557.68814198782891022981
2024-05-24,aws-ondemand,A100-80GB,5.120719,posted-ondemand,,1244279557.68814198782891022981
2024-05-24,aws-ondemand,H100-80GB,12.29,posted-ondemand,,1244279557.68814198782891022981
2024-05-25,aws-ondemand,A100-40GB,4.096575,posted-ondemand,,1244356955.9673899235602414849
2024-05-25,aws-ondemand,A100-80GB,5.120719,posted-ondemand,,1244356955.9673899235602414849
2024-05-25,aws-ondemand,H100-80GB,12.29,posted-ondemand,,1244356955.9673899235602414849
2024-05-26,aws-ondemand,A100-40GB,4.096575,posted-ondemand,,1216087273.22980246912017578039
2024-05-26,aws-ondemand,A100-80GB,5.120719,posted-ondemand,,1216087273.22980246912017578039
2024-05-26,aws-ondemand,H100-80GB,12.29,posted-ondemand,,1216087273.22980246912017578039
2024-05-27,aws-ondemand,A100-40GB,4.096575,posted-ondemand,,1233430646.38966956415707962248
2024-05-27,aws-ondemand,A100-80GB,5.120719,posted-ondemand,,1233430646.38966956415707962248
2024-05-27,aws-ondemand,H100-80GB,12.29,posted-ondemand,,1233430646.38966956415707962248
2024-05-28,aws-ondemand,A100-40GB,4.096575,posted-ondemand,,1213847644.36414654015010869143
2024-05-28,aws-ondemand,A100-80GB,5.120719,posted-ondemand,,1213847644.36414654015010869143
2024-05-28,aws-ondemand,H100-80GB,12.29,posted-ondemand,,1213847644.36414654015010869143
2024-05-29,aws-ondemand,A100-40GB,4.096575,posted-ondemand,,1201584950.81866099331085087748
2024-05-29,aws-ondemand,A100-80GB,5.120719,posted-ondemand,,1201584950.81866099331085087748
2024-05-29,aws-ondemand,H100-80GB,12.29,posted-ondemand,,1201584950.81866099331085087748
2024-05-30,aws-ondemand,A100-40GB,4.096575,posted-ondemand,,1141894895.93803249425208976545
2024-05-30,aws-ondemand,A100-80GB,5.120719,posted-ondemand,,1141894895.93803249425208976545
2024-05-30,aws-ondemand,H100-80GB,12.29,posted-ondemand,,1141894895.93803249425208976545
2024-05-31,aws-ondemand,A100-40GB,4.096575,posted-ondemand,,1079765245.66938853917481833383
2024-05-31,aws-ondemand,A100-80GB,5.120719,posted-ondemand,,1079765245.66938853917481833383
2024-05-31,aws-ondemand,H100-80GB,12.29,posted-ondemand,,1079765245.66938853917481833383
2024-06-01,aws-ondemand,A100-40GB,4.096575,posted-ondemand,,1070685778.81487994895483393771
2024-06-01,aws-ondemand,A100-80GB,5.120719,posted-ondemand,,1070685778.81487994895483393771
2024-06-01,aws-ondemand,H100-80GB,12.29,posted-ondemand,,1070685778.81487994895483393771
2024-06-02,aws-ondemand,A100-40GB,4.096575,posted-ondemand,,1061863378.05101467953223460379
2024-06-02,aws-ondemand,A100-80GB,5.120719,posted-ondemand,,1061863378.05101467953223460379
2024-06-02,aws-ondemand,H100-80GB,12.29,posted-ondemand,,1061863378.05101467953223460379
2024-06-03,aws-ondemand,A100-40GB,4.096575,posted-ondemand,,1037671336.16795328860190419794
2024-06-03,aws-ondemand,A100-80GB,5.120719,posted-ondemand,,1037671336.16795328860190419794
2024-06-03,aws-ondemand,H100-80GB,12.29,posted-ondemand,,1037671336.16795328860190419794
2024-06-04,aws-ondemand,A100-40GB,4.096575,posted-ondemand,,1045739622.17344189594478622495
2024-06-04,aws-ondemand,A100-80GB,5.120719,posted-ondemand,,1045739622.17344189594478622495
2024-06-04,aws-ondemand,H100-80GB,12.29,posted-ondemand,,1045739622.17344189594478622495
2024-06-05,aws-ondemand,A100-40GB,4.096575,posted-ondemand,,1089099933.2728542942623996319
2024-06-05,aws-ondemand,A100-80GB,5.120719,posted-ondemand,,1089099933.2728542942623996319
2024-06-05,aws-ondemand,H100-80GB,12.29,posted-ondemand,,1089099933.2728542942623996319
2024-06-06,aws-ondemand,A100-40GB,4.096575,posted-ondemand,,1051682212.48648894142923378732
2024-06-06,aws-ondemand,A100-80GB,5.120719,posted-ondemand,,1051682212.48648894142923378732
2024-06-06,aws-ondemand,H100-80GB,12.29,posted-ondemand,,1051682212.48648894142923378732
2024-06-07,aws-ondemand,A100-40GB,4.096575,posted-ondemand,,1016496551.50996650454677382696
2024-06-07,aws-ondemand,A100-80GB,5.120719,posted-ondemand,,1016496551.50996650454677382696
2024-06-07,aws-ondemand,H100-80GB,12.29,posted-ondemand,,1016496551.50996650454677382696
2024-06-08,aws-ondemand,A100-40GB,4.096575,posted-ondemand,,979890069.30200465025623457904
2024-06-08,aws-ondemand,A100-80GB,5.120719,posted-ondemand,,979890069.30200465025623457904
2024-06-08,aws-ondemand,H100-80GB,12.29,posted-ondemand,,979890069.30200465025623457904
2024-06-09,aws-ondemand,A100-40GB,4.096575,posted-ondemand,,995807392.57182184496073526552
2024-06-09,aws-ondemand,A100-80GB,5.120719,posted-ondemand,,995807392.57182184496073526552
2024-06-09,aws-ondemand,H100-80GB,12.29,posted-ondemand,,995807392.57182184496073526552
2024-06-10,aws-ondemand,A100-40GB,4.096575,posted-ondemand,,980678529.62744420989643909336
2024-06-10,aws-ondemand,A100-80GB,5.120719,posted-ondemand,,980678529.62744420989643909336
2024-06-10,aws-ondemand,H100-80GB,12.29,posted-ondemand,,980678529.62744420989643909336
2024-06-11,aws-ondemand,A100-40GB,4.096575,posted-ondemand,,952470160.3639721551678645568
2024-06-11,aws-ondemand,A100-80GB,5.120719,posted-ondemand,,952470160.3639721551678645568
2024-06-11,aws-ondemand,H100-80GB,12.29,posted-ondemand,,952470160.3639721551678645568
2024-06-12,aws-ondemand,A100-40GB,4.096575,posted-ondemand,,847227359.46257068102974148902
2024-06-12,aws-ondemand,A100-80GB,5.120719,posted-ondemand,,847227359.46257068102974148902
2024-06-12,aws-ondemand,H100-80GB,12.29,posted-ondemand,,847227359.46257068102974148902
2024-06-13,aws-ondemand,A100-40GB,4.096575,posted-ondemand,,765353312.72785420343345650596
2024-06-13,aws-ondemand,A100-80GB,5.120719,posted-ondemand,,765353312.72785420343345650596
2024-06-13,aws-ondemand,H100-80GB,12.29,posted-ondemand,,765353312.72785420343345650596
2024-06-14,aws-ondemand,A100-40GB,4.096575,posted-ondemand,,827575132.83225861755601652398
2024-06-14,aws-ondemand,A100-80GB,5.120719,posted-ondemand,,827575132.83225861755601652398
2024-06-14,aws-ondemand,H100-80GB,12.29,posted-ondemand,,827575132.83225861755601652398
2024-06-15,aws-ondemand,A100-40GB,4.096575,posted-ondemand,,829602206.32081363096422328722
2024-06-15,aws-ondemand,A100-80GB,5.120719,posted-ondemand,,829602206.32081363096422328722
2024-06-15,aws-ondemand,H100-80GB,12.29,posted-ondemand,,829602206.32081363096422328722
2024-06-16,aws-ondemand,A100-40GB,4.096575,posted-ondemand,,803576776.89898032948283508883
2024-06-16,aws-ondemand,A100-80GB,5.120719,posted-ondemand,,803576776.89898032948283508883
2024-06-16,aws-ondemand,H100-80GB,12.29,posted-ondemand,,803576776.89898032948283508883
2024-06-17,aws-ondemand,A100-40GB,4.096575,posted-ondemand,,716593148.23616367383207526432
2024-06-17,aws-ondemand,A100-80GB,5.120719,posted-ondemand,,716593148.23616367383207526432
2024-06-17,aws-ondemand,H100-80GB,12.29,posted-ondemand,,716593148.23616367383207526432
2024-06-18,aws-ondemand,A100-40GB,4.096575,posted-ondemand,,649761786.44507201697707010603
2024-06-18,aws-ondemand,A100-80GB,5.120719,posted-ondemand,,649761786.44507201697707010603
2024-06-18,aws-ondemand,H100-80GB,12.29,posted-ondemand,,649761786.44507201697707010603
2024-06-19,aws-ondemand,A100-40GB,4.096575,posted-ondemand,,752327644.25645429732193223563
2024-06-19,aws-ondemand,A100-80GB,5.120719,posted-ondemand,,752327644.25645429732193223563
2024-06-19,aws-ondemand,H100-80GB,12.29,posted-ondemand,,752327644.25645429732193223563
2024-06-20,aws-ondemand,A100-40GB,4.096575,posted-ondemand,,748986863.07312672094543344051
2024-06-20,aws-ondemand,A100-80GB,5.120719,posted-ondemand,,748986863.07312672094543344051
2024-06-20,aws-ondemand,H100-80GB,12.29,posted-ondemand,,748986863.07312672094543344051
2024-06-21,aws-ondemand,A100-40GB,4.096575,posted-ondemand,,716143258.19193691051152299505
2024-06-21,aws-ondemand,A100-80GB,5.120719,posted-ondemand,,716143258.19193691051152299505
2024-06-21,aws-ondemand,H100-80GB,12.29,posted-ondemand,,716143258.19193691051152299505
2024-06-22,aws-ondemand,A100-40GB,4.096575,posted-ondemand,,726949803.37741483585289146185
2024-06-22,aws-ondemand,A100-80GB,5.120719,posted-ondemand,,726949803.37741483585289146185
2024-06-22,aws-ondemand,H100-80GB,12.29,posted-ondemand,,726949803.37741483585289146185
2024-06-23,aws-ondemand,A100-40GB,4.096575,posted-ondemand,,684609685.87977676965788479899
2024-06-23,aws-ondemand,A100-80GB,5.120719,posted-ondemand,,684609685.87977676965788479899
2024-06-23,aws-ondemand,H100-80GB,12.29,posted-ondemand,,684609685.87977676965788479899
2024-06-24,aws-ondemand,A100-40GB,4.096575,posted-ondemand,,706365177.30488018454658427346
2024-06-24,aws-ondemand,A100-80GB,5.120719,posted-ondemand,,706365177.30488018454658427346
2024-06-24,aws-ondemand,H100-80GB,12.29,posted-ondemand,,706365177.30488018454658427346
2024-06-25,aws-ondemand,A100-40GB,4.096575,posted-ondemand,,751170702.61120223399268049773
2024-06-25,aws-ondemand,A100-80GB,5.120719,posted-ondemand,,751170702.61120223399268049773
2024-06-25,aws-ondemand,H100-80GB,12.29,posted-ondemand,,751170702.61120223399268049773
2024-06-26,aws-ondemand,A100-40GB,4.096575,posted-ondemand,,705860712.48195239114992180359
2024-06-26,aws-ondemand,A100-80GB,5.120719,posted-ondemand,,705860712.48195239114992180359
2024-06-26,aws-ondemand,H100-80GB,12.29,posted-ondemand,,705860712.48195239114992180359
2024-06-27,aws-ondemand,A100-40GB,4.096575,posted-ondemand,,787559382.48088804820565768066
2024-06-27,aws-ondemand,A100-80GB,5.120719,posted-ondemand,,787559382.48088804820565768066
2024-06-27,aws-ondemand,H100-80GB,12.29,posted-ondemand,,787559382.48088804820565768066
2024-06-28,aws-ondemand,A100-40GB,4.096575,posted-ondemand,,862875617.2006785623348977968
2024-06-28,aws-ondemand,A100-80GB,5.120719,posted-ondemand,,862875617.2006785623348977968
2024-06-28,aws-ondemand,H100-80GB,12.29,posted-ondemand,,862875617.2006785623348977968
2024-06-29,aws-ondemand,A100-40GB,4.096575,posted-ondemand,,855584244.7823762588946171648
2024-06-29,aws-ondemand,A100-80GB,5.120719,posted-ondemand,,855584244.7823762588946171648
2024-06-29,aws-ondemand,H100-80GB,12.29,posted-ondemand,,855584244.7823762588946171648
2024-06-30,aws-ondemand,A100-40GB,4.096575,posted-ondemand,,870698054.195621529241623096
2024-06-30,aws-ondemand,A100-80GB,5.120719,posted-ondemand,,870698054.195621529241623096
2024-06-30,aws-ondemand,H100-80GB,12.29,posted-ondemand,,870698054.195621529241623096
2024-07-01,aws-ondemand,A100-40GB,4.096575,posted-ondemand,,885640671.579150088289103504
2024-07-01,aws-ondemand,A100-80GB,5.120719,posted-ondemand,,885640671.579150088289103504
2024-07-01,aws-ondemand,H100-80GB,12.29,posted-ondemand,,885640671.579150088289103504
2024-07-02,aws-ondemand,A100-40GB,4.096575,posted-ondemand,,918045827.4717432909978314736
2024-07-02,aws-ondemand,A100-80GB,5.120719,posted-ondemand,,918045827.4717432909978314736
2024-07-02,aws-ondemand,H100-80GB,12.29,posted-ondemand,,918045827.4717432909978314736
2024-07-03,aws-ondemand,A100-40GB,4.096575,posted-ondemand,,829435932.9502887448517087808
2024-07-03,aws-ondemand,A100-80GB,5.120719,posted-ondemand,,829435932.9502887448517087808
2024-07-03,aws-ondemand,H100-80GB,12.29,posted-ondemand,,829435932.9502887448517087808
2024-07-04,aws-ondemand,A100-40GB,4.096575,posted-ondemand,,727851363.0071516722729219776
2024-07-04,aws-ondemand,A100-80GB,5.120719,posted-ondemand,,727851363.0071516722729219776
2024-07-04,aws-ondemand,H100-80GB,12.29,posted-ondemand,,727851363.0071516722729219776
2024-07-05,aws-ondemand,A100-40GB,4.096575,posted-ondemand,,751679186.0130414661669695456
2024-07-05,aws-ondemand,A100-80GB,5.120719,posted-ondemand,,751679186.0130414661669695456
2024-07-05,aws-ondemand,H100-80GB,12.29,posted-ondemand,,751679186.0130414661669695456
2024-07-06,aws-ondemand,A100-40GB,4.096575,posted-ondemand,,852728219.858248850003254536
2024-07-06,aws-ondemand,A100-80GB,5.120719,posted-ondemand,,852728219.858248850003254536
2024-07-06,aws-ondemand,H100-80GB,12.29,posted-ondemand,,852728219.858248850003254536
2024-07-07,aws-ondemand,A100-40GB,4.096575,posted-ondemand,,792919299.004440258800320152
2024-07-07,aws-ondemand,A100-80GB,5.120719,posted-ondemand,,792919299.004440258800320152
2024-07-07,aws-ondemand,H100-80GB,12.29,posted-ondemand,,792919299.004440258800320152
2024-07-08,aws-ondemand,A100-40GB,4.096575,posted-ondemand,,836310190.838778999381259248
2024-07-08,aws-ondemand,A100-80GB,5.120719,posted-ondemand,,836310190.838778999381259248
2024-07-08,aws-ondemand,H100-80GB,12.29,posted-ondemand,,836310190.838778999381259248
2024-07-09,aws-ondemand,A100-40GB,4.096575,posted-ondemand,,858638013.5931263994531806208
2024-07-09,aws-ondemand,A100-80GB,5.120719,posted-ondemand,,858638013.5931263994531806208
2024-07-09,aws-ondemand,H100-80GB,12.29,posted-ondemand,,858638013.5931263994531806208
2024-07-10,aws-ondemand,A100-40GB,4.096575,posted-ondemand,,858066481.3356723090874120992
2024-07-10,aws-ondemand,A100-80GB,5.120719,posted-ondemand,,858066481.3356723090874120992
2024-07-10,aws-ondemand,H100-80GB,12.29,posted-ondemand,,858066481.3356723090874120992
2024-07-11,aws-ondemand,A100-40GB,4.096575,posted-ondemand,,806901902.8857640312672314528
2024-07-11,aws-ondemand,A100-80GB,5.120719,posted-ondemand,,806901902.8857640312672314528
2024-07-11,aws-ondemand,H100-80GB,12.29,posted-ondemand,,806901902.8857640312672314528
2024-07-12,aws-ondemand,A100-40GB,4.096575,posted-ondemand,,807882884.1170625595736629536
2024-07-12,aws-ondemand,A100-80GB,5.120719,posted-ondemand,,807882884.1170625595736629536
2024-07-12,aws-ondemand,H100-80GB,12.29,posted-ondemand,,807882884.1170625595736629536
2024-07-13,aws-ondemand,A100-40GB,4.096575,posted-ondemand,,826348654.843855911291515904
2024-07-13,aws-ondemand,A100-80GB,5.120719,posted-ondemand,,826348654.843855911291515904
2024-07-13,aws-ondemand,H100-80GB,12.29,posted-ondemand,,826348654.843855911291515904
2024-07-14,aws-ondemand,A100-40GB,4.096575,posted-ondemand,,844199452.6720851249593592192
2024-07-14,aws-ondemand,A100-80GB,5.120719,posted-ondemand,,844199452.6720851249593592192
2024-07-14,aws-ondemand,H100-80GB,12.29,posted-ondemand,,844199452.6720851249593592192
2024-07-15,aws-ondemand,A100-40GB,4.096575,posted-ondemand,,876549820.0489342352384305872
2024-07-15,aws-ondemand,A100-80GB,5.120719,posted-ondemand,,876549820.0489342352384305872
2024-07-15,aws-ondemand,H100-80GB,12.29,posted-ondemand,,876549820.0489342352384305872
2024-07-16,aws-ondemand,A100-40GB,4.096575,posted-ondemand,,895397048.173949099800065024
2024-07-16,aws-ondemand,A100-80GB,5.120719,posted-ondemand,,895397048.173949099800065024
2024-07-16,aws-ondemand,H100-80GB,12.29,posted-ondemand,,895397048.173949099800065024
2024-07-17,aws-ondemand,A100-40GB,4.096575,posted-ondemand,,860243778.1110602474406312096
2024-07-17,aws-ondemand,A100-80GB,5.120719,posted-ondemand,,860243778.1110602474406312096
2024-07-17,aws-ondemand,H100-80GB,12.29,posted-ondemand,,860243778.1110602474406312096
2024-07-18,aws-ondemand,A100-40GB,4.096575,posted-ondemand,,830393308.9037376150576012768
2024-07-18,aws-ondemand,A100-80GB,5.120719,posted-ondemand,,830393308.9037376150576012768
2024-07-18,aws-ondemand,H100-80GB,12.29,posted-ondemand,,830393308.9037376150576012768
2024-07-19,aws-ondemand,A100-40GB,4.096575,posted-ondemand,,839964217.1049966422178228864
2024-07-19,aws-ondemand,A100-80GB,5.120719,posted-ondemand,,839964217.1049966422178228864
2024-07-19,aws-ondemand,H100-80GB,12.29,posted-ondemand,,839964217.1049966422178228864
2024-07-20,aws-ondemand,A100-40GB,4.096575,posted-ondemand,,875462135.2478225205194466912
2024-07-20,aws-ondemand,A100-80GB,5.120719,posted-ondemand,,875462135.2478225205194466912
2024-07-20,aws-ondemand,H100-80GB,12.29,posted-ondemand,,875462135.2478225205194466912
2024-07-21,aws-ondemand,A100-40GB,4.096575,posted-ondemand,,863331549.0449334225531230064
2024-07-21,aws-ondemand,A100-80GB,5.120719,posted-ondemand,,863331549.0449334225531230064
2024-07-21,aws-ondemand,H100-80GB,12.29,posted-ondemand,,863331549.0449334225531230064
2024-07-22,aws-ondemand,A100-40GB,4.096575,posted-ondemand,,857476066.2562164793466862816
2024-07-22,aws-ondemand,A100-80GB,5.120719,posted-ondemand,,857476066.2562164793466862816
2024-07-22,aws-ondemand,H100-80GB,12.29,posted-ondemand,,857476066.2562164793466862816
2024-07-23,aws-ondemand,A100-40GB,4.096575,posted-ondemand,,806377206.1064165883750301104
2024-07-23,aws-ondemand,A100-80GB,5.120719,posted-ondemand,,806377206.1064165883750301104
2024-07-23,aws-ondemand,H100-80GB,12.29,posted-ondemand,,806377206.1064165883750301104
2024-07-24,aws-ondemand,A100-40GB,4.096575,posted-ondemand,,772424483.1353698809356043024
2024-07-24,aws-ondemand,A100-80GB,5.120719,posted-ondemand,,772424483.1353698809356043024
2024-07-24,aws-ondemand,H100-80GB,12.29,posted-ondemand,,772424483.1353698809356043024
2024-07-25,aws-ondemand,A100-40GB,4.096575,posted-ondemand,,749918356.8909650475364319472
2024-07-25,aws-ondemand,A100-80GB,5.120719,posted-ondemand,,749918356.8909650475364319472
2024-07-25,aws-ondemand,H100-80GB,12.29,posted-ondemand,,749918356.8909650475364319472
2024-07-26,aws-ondemand,A100-40GB,4.096575,posted-ondemand,,786727794.051489365758077384
2024-07-26,aws-ondemand,A100-80GB,5.120719,posted-ondemand,,786727794.051489365758077384
2024-07-26,aws-ondemand,H100-80GB,12.29,posted-ondemand,,786727794.051489365758077384
2024-07-27,aws-ondemand,A100-40GB,4.096575,posted-ondemand,,782683242.7258897451421531264
2024-07-27,aws-ondemand,A100-80GB,5.120719,posted-ondemand,,782683242.7258897451421531264
2024-07-27,aws-ondemand,H100-80GB,12.29,posted-ondemand,,782683242.7258897451421531264
2024-07-28,aws-ondemand,A100-40GB,4.096575,posted-ondemand,,779656705.6849336110808680864
2024-07-28,aws-ondemand,A100-80GB,5.120719,posted-ondemand,,779656705.6849336110808680864
2024-07-28,aws-ondemand,H100-80GB,12.29,posted-ondemand,,779656705.6849336110808680864
2024-07-29,aws-ondemand,A100-40GB,4.096575,posted-ondemand,,764570820.7747920599239465824
2024-07-29,aws-ondemand,A100-80GB,5.120719,posted-ondemand,,764570820.7747920599239465824
2024-07-29,aws-ondemand,H100-80GB,12.29,posted-ondemand,,764570820.7747920599239465824
2024-07-30,aws-ondemand,A100-40GB,4.096575,posted-ondemand,,718603608.4592708123012905872
2024-07-30,aws-ondemand,A100-80GB,5.120719,posted-ondemand,,718603608.4592708123012905872
2024-07-30,aws-ondemand,H100-80GB,12.29,posted-ondemand,,718603608.4592708123012905872
2024-07-31,aws-ondemand,A100-40GB,4.096575,posted-ondemand,,691232944.377244810279015608
2024-07-31,aws-ondemand,A100-80GB,5.120719,posted-ondemand,,691232944.377244810279015608
2024-07-31,aws-ondemand,H100-80GB,12.29,posted-ondemand,,691232944.377244810279015608
2024-08-01,aws-ondemand,A100-40GB,4.096575,posted-ondemand,,709065943.7984968514799863424
2024-08-01,aws-ondemand,A100-80GB,5.120719,posted-ondemand,,709065943.7984968514799863424
2024-08-01,aws-ondemand,H100-80GB,12.29,posted-ondemand,,709065943.7984968514799863424
2024-08-02,aws-ondemand,A100-40GB,4.096575,posted-ondemand,,624826915.434284844925307472
2024-08-02,aws-ondemand,A100-80GB,5.120719,posted-ondemand,,624826915.434284844925307472
2024-08-02,aws-ondemand,H100-80GB,12.29,posted-ondemand,,624826915.434284844925307472
2024-08-03,aws-ondemand,A100-40GB,4.096575,posted-ondemand,,589314799.7217329799430008576
2024-08-03,aws-ondemand,A100-80GB,5.120719,posted-ondemand,,589314799.7217329799430008576
2024-08-03,aws-ondemand,H100-80GB,12.29,posted-ondemand,,589314799.7217329799430008576
2024-08-04,aws-ondemand,A100-40GB,4.096575,posted-ondemand,,545613053.61560885743439113098
2024-08-04,aws-ondemand,A100-80GB,5.120719,posted-ondemand,,545613053.61560885743439113098
2024-08-04,aws-ondemand,H100-80GB,12.29,posted-ondemand,,545613053.61560885743439113098
2024-08-05,aws-ondemand,A100-40GB,4.096575,posted-ondemand,,519736037.76113045320386385622
2024-08-05,aws-ondemand,A100-80GB,5.120719,posted-ondemand,,519736037.76113045320386385622
2024-08-05,aws-ondemand,H100-80GB,12.29,posted-ondemand,,519736037.76113045320386385622
2024-08-06,aws-ondemand,A100-40GB,4.096575,posted-ondemand,,611807685.49084215011361331969
2024-08-06,aws-ondemand,A100-80GB,5.120719,posted-ondemand,,611807685.49084215011361331969
2024-08-06,aws-ondemand,H100-80GB,12.29,posted-ondemand,,611807685.49084215011361331969
2024-08-07,aws-ondemand,A100-40GB,4.096575,posted-ondemand,,565497072.15068781093088876011
2024-08-07,aws-ondemand,A100-80GB,5.120719,posted-ondemand,,565497072.15068781093088876011
2024-08-07,aws-ondemand,H100-80GB,12.29,posted-ondemand,,565497072.15068781093088876011
2024-08-08,aws-ondemand,A100-40GB,4.096575,posted-ondemand,,646600039.99166627722958838551
2024-08-08,aws-ondemand,A100-80GB,5.120719,posted-ondemand,,646600039.99166627722958838551
2024-08-08,aws-ondemand,H100-80GB,12.29,posted-ondemand,,646600039.99166627722958838551
2024-08-09,aws-ondemand,A100-40GB,4.096575,posted-ondemand,,627816443.22792949208816228795
2024-08-09,aws-ondemand,A100-80GB,5.120719,posted-ondemand,,627816443.22792949208816228795
2024-08-09,aws-ondemand,H100-80GB,12.29,posted-ondemand,,627816443.22792949208816228795
2024-08-10,aws-ondemand,A100-40GB,4.096575,posted-ondemand,,682111495.84523540629254678822
2024-08-10,aws-ondemand,A100-80GB,5.120719,posted-ondemand,,682111495.84523540629254678822
2024-08-10,aws-ondemand,H100-80GB,12.29,posted-ondemand,,682111495.84523540629254678822
2024-08-11,aws-ondemand,A100-40GB,4.096575,posted-ondemand,,637585963.59697006489186519964
2024-08-11,aws-ondemand,A100-80GB,5.120719,posted-ondemand,,637585963.59697006489186519964
2024-08-11,aws-ondemand,H100-80GB,12.29,posted-ondemand,,637585963.59697006489186519964
2024-08-12,aws-ondemand,A100-40GB,4.096575,posted-ondemand,,645023829.23908197457167032782
2024-08-12,aws-ondemand,A100-80GB,5.120719,posted-ondemand,,645023829.23908197457167032782
2024-08-12,aws-ondemand,H100-80GB,12.29,posted-ondemand,,645023829.23908197457167032782
2024-08-13,aws-ondemand,A100-40GB,4.096575,posted-ondemand,,690022341.46195433788578159832
2024-08-13,aws-ondemand,A100-80GB,5.120719,posted-ondemand,,690022341.46195433788578159832
2024-08-13,aws-ondemand,H100-80GB,12.29,posted-ondemand,,690022341.46195433788578159832
2024-08-14,aws-ondemand,A100-40GB,4.096575,posted-ondemand,,655930775.44657532655310849779
2024-08-14,aws-ondemand,A100-80GB,5.120719,posted-ondemand,,655930775.44657532655310849779
2024-08-14,aws-ondemand,H100-80GB,12.29,posted-ondemand,,655930775.44657532655310849779
2024-08-15,aws-ondemand,A100-40GB,4.096575,posted-ondemand,,627893659.59614781234766515224
2024-08-15,aws-ondemand,A100-80GB,5.120719,posted-ondemand,,627893659.59614781234766515224
2024-08-15,aws-ondemand,H100-80GB,12.29,posted-ondemand,,627893659.59614781234766515224
2024-08-16,aws-ondemand,A100-40GB,4.096575,posted-ondemand,,626765004.27057692882096531687
2024-08-16,aws-ondemand,A100-80GB,5.120719,posted-ondemand,,626765004.27057692882096531687
2024-08-16,aws-ondemand,H100-80GB,12.29,posted-ondemand,,626765004.27057692882096531687
2024-08-17,aws-ondemand,A100-40GB,4.096575,posted-ondemand,,627234169.80684154687367514412
2024-08-17,aws-ondemand,A100-80GB,5.120719,posted-ondemand,,627234169.80684154687367514412
2024-08-17,aws-ondemand,H100-80GB,12.29,posted-ondemand,,627234169.80684154687367514412
2024-08-18,aws-ondemand,A100-40GB,4.096575,posted-ondemand,,617640642.94316115837388123386
2024-08-18,aws-ondemand,A100-80GB,5.120719,posted-ondemand,,617640642.94316115837388123386
2024-08-18,aws-ondemand,H100-80GB,12.29,posted-ondemand,,617640642.94316115837388123386
2024-08-19,aws-ondemand,A100-40GB,4.096575,posted-ondemand,,603786023.73065219205766840764
2024-08-19,aws-ondemand,A100-80GB,5.120719,posted-ondemand,,603786023.73065219205766840764
2024-08-19,aws-ondemand,H100-80GB,12.29,posted-ondemand,,603786023.73065219205766840764
2024-08-20,aws-ondemand,A100-40GB,4.096575,posted-ondemand,,607270811.02878626504331351088
2024-08-20,aws-ondemand,A100-80GB,5.120719,posted-ondemand,,607270811.02878626504331351088
2024-08-20,aws-ondemand,H100-80GB,12.29,posted-ondemand,,607270811.02878626504331351088
2024-08-21,aws-ondemand,A100-40GB,4.096575,posted-ondemand,,609712769.64900768231365880553
2024-08-21,aws-ondemand,A100-80GB,5.120719,posted-ondemand,,609712769.64900768231365880553
2024-08-21,aws-ondemand,H100-80GB,12.29,posted-ondemand,,609712769.64900768231365880553
2024-08-22,aws-ondemand,A100-40GB,4.096575,posted-ondemand,,609337496.74576114888305104806
2024-08-22,aws-ondemand,A100-80GB,5.120719,posted-ondemand,,609337496.74576114888305104806
2024-08-22,aws-ondemand,H100-80GB,12.29,posted-ondemand,,609337496.74576114888305104806
2024-08-23,aws-ondemand,A100-40GB,4.096575,posted-ondemand,,660241676.316723587649133662
2024-08-23,aws-ondemand,A100-80GB,5.120719,posted-ondemand,,660241676.316723587649133662
2024-08-23,aws-ondemand,H100-80GB,12.29,posted-ondemand,,660241676.316723587649133662
2024-08-24,aws-ondemand,A100-40GB,4.096575,posted-ondemand,,688172758.29746271080282835169
2024-08-24,aws-ondemand,A100-80GB,5.120719,posted-ondemand,,688172758.29746271080282835169
2024-08-24,aws-ondemand,H100-80GB,12.29,posted-ondemand,,688172758.29746271080282835169
2024-08-25,aws-ondemand,A100-40GB,4.096575,posted-ondemand,,683643819.00825100336675500071
2024-08-25,aws-ondemand,A100-80GB,5.120719,posted-ondemand,,683643819.00825100336675500071
2024-08-25,aws-ondemand,H100-80GB,12.29,posted-ondemand,,683643819.00825100336675500071
2024-08-26,aws-ondemand,A100-40GB,4.096575,posted-ondemand,,733606119.40135660826493716454
2024-08-26,aws-ondemand,A100-80GB,5.120719,posted-ondemand,,733606119.40135660826493716454
2024-08-26,aws-ondemand,H100-80GB,12.29,posted-ondemand,,733606119.40135660826493716454
2024-08-27,aws-ondemand,A100-40GB,4.096575,posted-ondemand,,682958323.23799037722424406292
2024-08-27,aws-ondemand,A100-80GB,5.120719,posted-ondemand,,682958323.23799037722424406292
2024-08-27,aws-ondemand,H100-80GB,12.29,posted-ondemand,,682958323.23799037722424406292
2024-08-28,aws-ondemand,A100-40GB,4.096575,posted-ondemand,,659158225.51789938372807203587
2024-08-28,aws-ondemand,A100-80GB,5.120719,posted-ondemand,,659158225.51789938372807203587
2024-08-28,aws-ondemand,H100-80GB,12.29,posted-ondemand,,659158225.51789938372807203587
2024-08-29,aws-ondemand,A100-40GB,4.096575,posted-ondemand,,635988072.74315328842071390236
2024-08-29,aws-ondemand,A100-80GB,5.120719,posted-ondemand,,635988072.74315328842071390236
2024-08-29,aws-ondemand,H100-80GB,12.29,posted-ondemand,,635988072.74315328842071390236
2024-08-30,aws-ondemand,A100-40GB,4.096575,posted-ondemand,,651393885.19531173575541594326
2024-08-30,aws-ondemand,A100-80GB,5.120719,posted-ondemand,,651393885.19531173575541594326
2024-08-30,aws-ondemand,H100-80GB,12.29,posted-ondemand,,651393885.19531173575541594326
2024-08-31,aws-ondemand,A100-40GB,4.096575,posted-ondemand,,626316827.18069453912551976894
2024-08-31,aws-ondemand,A100-80GB,5.120719,posted-ondemand,,626316827.18069453912551976894
2024-08-31,aws-ondemand,H100-80GB,12.29,posted-ondemand,,626316827.18069453912551976894
2024-09-01,aws-ondemand,A100-40GB,4.096575,posted-ondemand,,586461588.53018260381910636675
2024-09-01,aws-ondemand,A100-80GB,5.120719,posted-ondemand,,586461588.53018260381910636675
2024-09-01,aws-ondemand,H100-80GB,12.29,posted-ondemand,,586461588.53018260381910636675
2024-09-02,aws-ondemand,A100-40GB,4.096575,posted-ondemand,,611015136.18700097925996150628
2024-09-02,aws-ondemand,A100-80GB,5.120719,posted-ondemand,,611015136.18700097925996150628
2024-09-02,aws-ondemand,H100-80GB,12.29,posted-ondemand,,611015136.18700097925996150628
2024-09-03,aws-ondemand,A100-40GB,4.096575,posted-ondemand,,560699614.43954651630231916667
2024-09-03,aws-ondemand,A100-80GB,5.120719,posted-ondemand,,560699614.43954651630231916667
2024-09-03,aws-ondemand,H100-80GB,12.29,posted-ondemand,,560699614.43954651630231916667
2024-09-04,aws-ondemand,A100-40GB,4.096575,posted-ondemand,,565708255.55583326854724014248
2024-09-04,aws-ondemand,A100-80GB,5.120719,posted-ondemand,,565708255.55583326854724014248
2024-09-04,aws-ondemand,H100-80GB,12.29,posted-ondemand,,565708255.55583326854724014248
2024-09-05,aws-ondemand,A100-40GB,4.096575,posted-ondemand,,556987290.36510433335563796877
2024-09-05,aws-ondemand,A100-80GB,5.120719,posted-ondemand,,556987290.36510433335563796877
2024-09-05,aws-ondemand,H100-80GB,12.29,posted-ondemand,,556987290.36510433335563796877
2024-09-06,aws-ondemand,A100-40GB,4.096575,posted-ondemand,,548799736.94179064830339157308
2024-09-06,aws-ondemand,A100-80GB,5.120719,posted-ondemand,,548799736.94179064830339157308
2024-09-06,aws-ondemand,H100-80GB,12.29,posted-ondemand,,548799736.94179064830339157308
2024-09-07,aws-ondemand,A100-40GB,4.096575,posted-ondemand,,558580511.80071782540238648035
2024-09-07,aws-ondemand,A100-80GB,5.120719,posted-ondemand,,558580511.80071782540238648035
2024-09-07,aws-ondemand,H100-80GB,12.29,posted-ondemand,,558580511.80071782540238648035
2024-09-08,aws-ondemand,A100-40GB,4.096575,posted-ondemand,,566118317.55561755726728399361
2024-09-08,aws-ondemand,A100-80GB,5.120719,posted-ondemand,,566118317.55561755726728399361
2024-09-08,aws-ondemand,H100-80GB,12.29,posted-ondemand,,566118317.55561755726728399361
2024-09-09,aws-ondemand,A100-40GB,4.096575,posted-ondemand,,592651383.75683815406354633201
2024-09-09,aws-ondemand,A100-80GB,5.120719,posted-ondemand,,592651383.75683815406354633201
2024-09-09,aws-ondemand,H100-80GB,12.29,posted-ondemand,,592651383.75683815406354633201
2024-09-10,aws-ondemand,A100-40GB,4.096575,posted-ondemand,,600516684.74832225180699513349
2024-09-10,aws-ondemand,A100-80GB,5.120719,posted-ondemand,,600516684.74832225180699513349
2024-09-10,aws-ondemand,H100-80GB,12.29,posted-ondemand,,600516684.74832225180699513349
2024-09-11,aws-ondemand,A100-40GB,4.096575,posted-ondemand,,590013085.20898287303908245006
2024-09-11,aws-ondemand,A100-80GB,5.120719,posted-ondemand,,590013085.20898287303908245006
2024-09-11,aws-ondemand,H100-80GB,12.29,posted-ondemand,,590013085.20898287303908245006
2024-09-12,aws-ondemand,A100-40GB,4.096575,posted-ondemand,,609631043.98987498581998438496
2024-09-12,aws-ondemand,A100-80GB,5.120719,posted-ondemand,,609631043.98987498581998438496
2024-09-12,aws-ondemand,H100-80GB,12.29,posted-ondemand,,609631043.98987498581998438496
2024-09-13,aws-ondemand,A100-40GB,4.096575,posted-ondemand,,629890274.42461372277368848687
2024-09-13,aws-ondemand,A100-80GB,5.120719,posted-ondemand,,629890274.42461372277368848687
2024-09-13,aws-ondemand,H100-80GB,12.29,posted-ondemand,,629890274.42461372277368848687
2024-09-14,aws-ondemand,A100-40GB,4.096575,posted-ondemand,,620116125.60507253454388119633
2024-09-14,aws-ondemand,A100-80GB,5.120719,posted-ondemand,,620116125.60507253454388119633
2024-09-14,aws-ondemand,H100-80GB,12.29,posted-ondemand,,620116125.60507253454388119633
2024-09-15,aws-ondemand,A100-40GB,4.096575,posted-ondemand,,610120403.23818358535249905325
2024-09-15,aws-ondemand,A100-80GB,5.120719,posted-ondemand,,610120403.23818358535249905325
2024-09-15,aws-ondemand,H100-80GB,12.29,posted-ondemand,,610120403.23818358535249905325
2024-09-16,aws-ondemand,A100-40GB,4.096575,posted-ondemand,,595616305.19525308687450713321
2024-09-16,aws-ondemand,A100-80GB,5.120719,posted-ondemand,,595616305.19525308687450713321
2024-09-16,aws-ondemand,H100-80GB,12.29,posted-ondemand,,595616305.19525308687450713321
2024-09-17,aws-ondemand,A100-40GB,4.096575,posted-ondemand,,613176849.11612438558418897637
2024-09-17,aws-ondemand,A100-80GB,5.120719,posted-ondemand,,613176849.11612438558418897637
2024-09-17,aws-ondemand,H100-80GB,12.29,posted-ondemand,,613176849.11612438558418897637
2024-09-18,aws-ondemand,A100-40GB,4.096575,posted-ondemand,,628343875.03408806601728416004
2024-09-18,aws-ondemand,A100-80GB,5.120719,posted-ondemand,,628343875.03408806601728416004
2024-09-18,aws-ondemand,H100-80GB,12.29,posted-ondemand,,628343875.03408806601728416004
2024-09-19,aws-ondemand,A100-40GB,4.096575,posted-ondemand,,661296857.98145929980834441628
2024-09-19,aws-ondemand,A100-80GB,5.120719,posted-ondemand,,661296857.98145929980834441628
2024-09-19,aws-ondemand,H100-80GB,12.29,posted-ondemand,,661296857.98145929980834441628
2024-09-20,aws-ondemand,A100-40GB,4.096575,posted-ondemand,,661989022.19160544963497159064
2024-09-20,aws-ondemand,A100-80GB,5.120719,posted-ondemand,,661989022.19160544963497159064
2024-09-20,aws-ondemand,H100-80GB,12.29,posted-ondemand,,661989022.19160544963497159064
2024-09-21,aws-ondemand,A100-40GB,4.096575,posted-ondemand,,679418806.46029211608054215493
2024-09-21,aws-ondemand,A100-80GB,5.120719,posted-ondemand,,679418806.46029211608054215493
2024-09-21,aws-ondemand,H100-80GB,12.29,posted-ondemand,,679418806.46029211608054215493
2024-09-22,aws-ondemand,A100-40GB,4.096575,posted-ondemand,,701723616.62029651544723735077
2024-09-22,aws-ondemand,A100-80GB,5.120719,posted-ondemand,,701723616.62029651544723735077
2024-09-22,aws-ondemand,H100-80GB,12.29,posted-ondemand,,701723616.62029651544723735077
2024-09-23,aws-ondemand,A100-40GB,4.096575,posted-ondemand,,718530249.09049926689659411081
2024-09-23,aws-ondemand,A100-80GB,5.120719,posted-ondemand,,718530249.09049926689659411081
2024-09-23,aws-ondemand,H100-80GB,12.29,posted-ondemand,,718530249.09049926689659411081
2024-09-24,aws-ondemand,A100-40GB,4.096575,posted-ondemand,,720728928.28187522120721587898
2024-09-24,aws-ondemand,A100-80GB,5.120719,posted-ondemand,,720728928.28187522120721587898
2024-09-24,aws-ondemand,H100-80GB,12.29,posted-ondemand,,720728928.28187522120721587898
2024-09-25,aws-ondemand,A100-40GB,4.096575,posted-ondemand,,699777991.13107025273054507495
2024-09-25,aws-ondemand,A100-80GB,5.120719,posted-ondemand,,699777991.13107025273054507495
2024-09-25,aws-ondemand,H100-80GB,12.29,posted-ondemand,,699777991.13107025273054507495
2024-09-26,aws-ondemand,A100-40GB,4.096575,posted-ondemand,,728586956.43206312032054334837
2024-09-26,aws-ondemand,A100-80GB,5.120719,posted-ondemand,,728586956.43206312032054334837
2024-09-26,aws-ondemand,H100-80GB,12.29,posted-ondemand,,728586956.43206312032054334837
2024-09-27,aws-ondemand,A100-40GB,4.096575,posted-ondemand,,753612753.24507524311853124777
2024-09-27,aws-ondemand,A100-80GB,5.120719,posted-ondemand,,753612753.24507524311853124777
2024-09-27,aws-ondemand,H100-80GB,12.29,posted-ondemand,,753612753.24507524311853124777
2024-09-28,aws-ondemand,A100-40GB,4.096575,posted-ondemand,,734790793.34136888696802663327
2024-09-28,aws-ondemand,A100-80GB,5.120719,posted-ondemand,,734790793.34136888696802663327
2024-09-28,aws-ondemand,H100-80GB,12.29,posted-ondemand,,734790793.34136888696802663327
2024-09-29,aws-ondemand,A100-40GB,4.096575,posted-ondemand,,729168878.67825711910355300327
2024-09-29,aws-ondemand,A100-80GB,5.120719,posted-ondemand,,729168878.67825711910355300327
2024-09-29,aws-ondemand,H100-80GB,12.29,posted-ondemand,,729168878.67825711910355300327
2024-09-30,aws-ondemand,A100-40GB,4.096575,posted-ondemand,,685816543.97043696078381423667
2024-09-30,aws-ondemand,A100-80GB,5.120719,posted-ondemand,,685816543.97043696078381423667
2024-09-30,aws-ondemand,H100-80GB,12.29,posted-ondemand,,685816543.97043696078381423667
2024-10-01,aws-ondemand,A100-40GB,4.096575,posted-ondemand,,646192972.45290891635451975146
2024-10-01,aws-ondemand,A100-80GB,5.120719,posted-ondemand,,646192972.45290891635451975146
2024-10-01,aws-ondemand,H100-80GB,12.29,posted-ondemand,,646192972.45290891635451975146
2024-10-02,aws-ondemand,A100-40GB,4.096575,posted-ondemand,,626836982.47887611966331080002
2024-10-02,aws-ondemand,A100-80GB,5.120719,posted-ondemand,,626836982.47887611966331080002
2024-10-02,aws-ondemand,H100-80GB,12.29,posted-ondemand,,626836982.47887611966331080002
2024-10-03,aws-ondemand,A100-40GB,4.096575,posted-ondemand,,601351271.98806702433042447523
2024-10-03,aws-ondemand,A100-80GB,5.120719,posted-ondemand,,601351271.98806702433042447523
2024-10-03,aws-ondemand,H100-80GB,12.29,posted-ondemand,,601351271.98806702433042447523
2024-10-04,aws-ondemand,A100-40GB,4.096575,posted-ondemand,,624119376.60385050499822506628
2024-10-04,aws-ondemand,A100-80GB,5.120719,posted-ondemand,,624119376.60385050499822506628
2024-10-04,aws-ondemand,H100-80GB,12.29,posted-ondemand,,624119376.60385050499822506628
2024-10-05,aws-ondemand,A100-40GB,4.096575,posted-ondemand,,623167982.33761566275910451777
2024-10-05,aws-ondemand,A100-80GB,5.120719,posted-ondemand,,623167982.33761566275910451777
2024-10-05,aws-ondemand,H100-80GB,12.29,posted-ondemand,,623167982.33761566275910451777
2024-10-06,aws-ondemand,A100-40GB,4.096575,posted-ondemand,,624729751.61410970448807066825
2024-10-06,aws-ondemand,A100-80GB,5.120719,posted-ondemand,,624729751.61410970448807066825
2024-10-06,aws-ondemand,H100-80GB,12.29,posted-ondemand,,624729751.61410970448807066825
2024-10-07,aws-ondemand,A100-40GB,4.096575,posted-ondemand,,614410786.81621366571888277142
2024-10-07,aws-ondemand,A100-80GB,5.120719,posted-ondemand,,614410786.81621366571888277142
2024-10-07,aws-ondemand,H100-80GB,12.29,posted-ondemand,,614410786.81621366571888277142
2024-10-08,aws-ondemand,A100-40GB,4.096575,posted-ondemand,,600831317.58830576641138491143
2024-10-08,aws-ondemand,A100-80GB,5.120719,posted-ondemand,,600831317.58830576641138491143
2024-10-08,aws-ondemand,H100-80GB,12.29,posted-ondemand,,600831317.58830576641138491143
2024-10-09,aws-ondemand,A100-40GB,4.096575,posted-ondemand,,581980635.50433165345542231039
2024-10-09,aws-ondemand,A100-80GB,5.120719,posted-ondemand,,581980635.50433165345542231039
2024-10-09,aws-ondemand,H100-80GB,12.29,posted-ondemand,,581980635.50433165345542231039
2024-10-10,aws-ondemand,A100-40GB,4.096575,posted-ondemand,,577920161.54100683346552295453
2024-10-10,aws-ondemand,A100-80GB,5.120719,posted-ondemand,,577920161.54100683346552295453
2024-10-10,aws-ondemand,H100-80GB,12.29,posted-ondemand,,577920161.54100683346552295453
2024-10-11,aws-ondemand,A100-40GB,4.096575,posted-ondemand,,599346585.7006519344061259742
2024-10-11,aws-ondemand,A100-80GB,5.120719,posted-ondemand,,599346585.7006519344061259742
2024-10-11,aws-ondemand,H100-80GB,12.29,posted-ondemand,,599346585.7006519344061259742
2024-10-12,aws-ondemand,A100-40GB,4.096575,posted-ondemand,,628128132.85231757247241846013
2024-10-12,aws-ondemand,A100-80GB,5.120719,posted-ondemand,,628128132.85231757247241846013
2024-10-12,aws-ondemand,H100-80GB,12.29,posted-ondemand,,628128132.85231757247241846013
2024-10-13,aws-ondemand,A100-40GB,4.096575,posted-ondemand,,610320245.9939514839996656388
2024-10-13,aws-ondemand,A100-80GB,5.120719,posted-ondemand,,610320245.9939514839996656388
2024-10-13,aws-ondemand,H100-80GB,12.29,posted-ondemand,,610320245.9939514839996656388
2024-10-14,aws-ondemand,A100-40GB,4.096575,posted-ondemand,,630411334.82715074455421953118
2024-10-14,aws-ondemand,A100-80GB,5.120719,posted-ondemand,,630411334.82715074455421953118
2024-10-14,aws-ondemand,H100-80GB,12.29,posted-ondemand,,630411334.82715074455421953118
2024-10-15,aws-ondemand,A100-40GB,4.096575,posted-ondemand,,624252768.27240288305443160698
2024-10-15,aws-ondemand,A100-80GB,5.120719,posted-ondemand,,624252768.27240288305443160698
2024-10-15,aws-ondemand,H100-80GB,12.29,posted-ondemand,,624252768.27240288305443160698
2024-10-16,aws-ondemand,A100-40GB,4.096575,posted-ondemand,,633750898.03399794832893646893
2024-10-16,aws-ondemand,A100-80GB,5.120719,posted-ondemand,,633750898.03399794832893646893
2024-10-16,aws-ondemand,H100-80GB,12.29,posted-ondemand,,633750898.03399794832893646893
2024-10-17,aws-ondemand,A100-40GB,4.096575,posted-ondemand,,604127240.70160389603442172042
2024-10-17,aws-ondemand,A100-80GB,5.120719,posted-ondemand,,604127240.70160389603442172042
2024-10-17,aws-ondemand,H100-80GB,12.29,posted-ondemand,,604127240.70160389603442172042
2024-10-18,aws-ondemand,A100-40GB,4.096575,posted-ondemand,,615500517.74239671063836231635
2024-10-18,aws-ondemand,A100-80GB,5.120719,posted-ondemand,,615500517.74239671063836231635
2024-10-18,aws-ondemand,H100-80GB,12.29,posted-ondemand,,615500517.74239671063836231635
2024-10-19,aws-ondemand,A100-40GB,4.096575,posted-ondemand,,616495532.78498504554425801065
2024-10-19,aws-ondemand,A100-80GB,5.120719,posted-ondemand,,616495532.78498504554425801065
2024-10-19,aws-ondemand,H100-80GB,12.29,posted-ondemand,,616495532.78498504554425801065
2024-10-20,aws-ondemand,A100-40GB,4.096575,posted-ondemand,,645131079.88918372740809271601
2024-10-20,aws-ondemand,A100-80GB,5.120719,posted-ondemand,,645131079.88918372740809271601
2024-10-20,aws-ondemand,H100-80GB,12.29,posted-ondemand,,645131079.88918372740809271601
2024-10-21,aws-ondemand,A100-40GB,4.096575,posted-ondemand,,616442954.93678677482567771634
2024-10-21,aws-ondemand,A100-80GB,5.120719,posted-ondemand,,616442954.93678677482567771634
2024-10-21,aws-ondemand,H100-80GB,12.29,posted-ondemand,,616442954.93678677482567771634
2024-10-22,aws-ondemand,A100-40GB,4.096575,posted-ondemand,,621056723.12893436438927621269
2024-10-22,aws-ondemand,A100-80GB,5.120719,posted-ondemand,,621056723.12893436438927621269
2024-10-22,aws-ondemand,H100-80GB,12.29,posted-ondemand,,621056723.12893436438927621269
2024-10-23,aws-ondemand,A100-40GB,4.096575,posted-ondemand,,606240237.69013599621222016794
2024-10-23,aws-ondemand,A100-80GB,5.120719,posted-ondemand,,606240237.69013599621222016794
2024-10-23,aws-ondemand,H100-80GB,12.29,posted-ondemand,,606240237.69013599621222016794
2024-10-24,aws-ondemand,A100-40GB,4.096575,posted-ondemand,,606071613.31617975670915968376
2024-10-24,aws-ondemand,A100-80GB,5.120719,posted-ondemand,,606071613.31617975670915968376
2024-10-24,aws-ondemand,H100-80GB,12.29,posted-ondemand,,606071613.31617975670915968376
2024-10-25,aws-ondemand,A100-40GB,4.096575,posted-ondemand,,557996632.324438147866339678
2024-10-25,aws-ondemand,A100-80GB,5.120719,posted-ondemand,,557996632.324438147866339678
2024-10-25,aws-ondemand,H100-80GB,12.29,posted-ondemand,,557996632.324438147866339678
2024-10-26,aws-ondemand,A100-40GB,4.096575,posted-ondemand,,563767495.99372900014815027348
2024-10-26,aws-ondemand,A100-80GB,5.120719,posted-ondemand,,563767495.99372900014815027348
2024-10-26,aws-ondemand,H100-80GB,12.29,posted-ondemand,,563767495.99372900014815027348
2024-10-27,aws-ondemand,A100-40GB,4.096575,posted-ondemand,,567980915.85984471393579756757
2024-10-27,aws-ondemand,A100-80GB,5.120719,posted-ondemand,,567980915.85984471393579756757
2024-10-27,aws-ondemand,H100-80GB,12.29,posted-ondemand,,567980915.85984471393579756757
2024-10-28,aws-ondemand,A100-40GB,4.096575,posted-ondemand,,561870817.22225598129530430795
2024-10-28,aws-ondemand,A100-80GB,5.120719,posted-ondemand,,561870817.22225598129530430795
2024-10-28,aws-ondemand,H100-80GB,12.29,posted-ondemand,,561870817.22225598129530430795
2024-10-29,aws-ondemand,A100-40GB,4.096575,posted-ondemand,,588514176.03301861392092072289
2024-10-29,aws-ondemand,A100-80GB,5.120719,posted-ondemand,,588514176.03301861392092072289
2024-10-29,aws-ondemand,H100-80GB,12.29,posted-ondemand,,588514176.03301861392092072289
2024-10-30,aws-ondemand,A100-40GB,4.096575,posted-ondemand,,618524347.28090043230688502371
2024-10-30,aws-ondemand,A100-80GB,5.120719,posted-ondemand,,618524347.28090043230688502371
2024-10-30,aws-ondemand,H100-80GB,12.29,posted-ondemand,,618524347.28090043230688502371
2024-10-31,aws-ondemand,A100-40GB,4.096575,posted-ondemand,,580471568.74150276583529383969
2024-10-31,aws-ondemand,A100-80GB,5.120719,posted-ondemand,,580471568.74150276583529383969
2024-10-31,aws-ondemand,H100-80GB,12.29,posted-ondemand,,580471568.74150276583529383969
2024-11-01,aws-ondemand,A100-40GB,4.096575,posted-ondemand,,588866929.21090021912050309092
2024-11-01,aws-ondemand,A100-80GB,5.120719,posted-ondemand,,588866929.21090021912050309092
2024-11-01,aws-ondemand,H100-80GB,12.29,posted-ondemand,,588866929.21090021912050309092
2024-11-02,aws-ondemand,A100-40GB,4.096575,posted-ondemand,,559246796.10457719197224425246
2024-11-02,aws-ondemand,A100-80GB,5.120719,posted-ondemand,,559246796.10457719197224425246
2024-11-02,aws-ondemand,H100-80GB,12.29,posted-ondemand,,559246796.10457719197224425246
2024-11-03,aws-ondemand,A100-40GB,4.096575,posted-ondemand,,561664956.25225395077156115991
2024-11-03,aws-ondemand,A100-80GB,5.120719,posted-ondemand,,561664956.25225395077156115991
2024-11-03,aws-ondemand,H100-80GB,12.29,posted-ondemand,,561664956.25225395077156115991
2024-11-04,aws-ondemand,A100-40GB,4.096575,posted-ondemand,,536114168.12388491462083693834
2024-11-04,aws-ondemand,A100-80GB,5.120719,posted-ondemand,,536114168.12388491462083693834
2024-11-04,aws-ondemand,H100-80GB,12.29,posted-ondemand,,536114168.12388491462083693834
2024-11-05,aws-ondemand,A100-40GB,4.096575,posted-ondemand,,570126848.98131370320673595926
2024-11-05,aws-ondemand,A100-80GB,5.120719,posted-ondemand,,570126848.98131370320673595926
2024-11-05,aws-ondemand,H100-80GB,12.29,posted-ondemand,,570126848.98131370320673595926
2024-11-06,aws-ondemand,A100-40GB,4.096575,posted-ondemand,,605979557.30548565861395929702
2024-11-06,aws-ondemand,A100-80GB,5.120719,posted-ondemand,,605979557.30548565861395929702
2024-11-06,aws-ondemand,H100-80GB,12.29,posted-ondemand,,605979557.30548565861395929702
2024-11-07,aws-ondemand,A100-40GB,4.096575,posted-ondemand,,605441768.08716564079708764627
2024-11-07,aws-ondemand,A100-80GB,5.120719,posted-ondemand,,605441768.08716564079708764627
2024-11-07,aws-ondemand,H100-80GB,12.29,posted-ondemand,,605441768.08716564079708764627
2024-11-08,aws-ondemand,A100-40GB,4.096575,posted-ondemand,,600029598.0438302944478609077
2024-11-08,aws-ondemand,A100-80GB,5.120719,posted-ondemand,,600029598.0438302944478609077
2024-11-08,aws-ondemand,H100-80GB,12.29,posted-ondemand,,600029598.0438302944478609077
2024-11-09,aws-ondemand,A100-40GB,4.096575,posted-ondemand,,638991046.52825531774128485041
2024-11-09,aws-ondemand,A100-80GB,5.120719,posted-ondemand,,638991046.52825531774128485041
2024-11-09,aws-ondemand,H100-80GB,12.29,posted-ondemand,,638991046.52825531774128485041
2024-11-10,aws-ondemand,A100-40GB,4.096575,posted-ondemand,,645635833.211751417464203138
2024-11-10,aws-ondemand,A100-80GB,5.120719,posted-ondemand,,645635833.211751417464203138
2024-11-10,aws-ondemand,H100-80GB,12.29,posted-ondemand,,645635833.211751417464203138
2024-11-11,aws-ondemand,A100-40GB,4.096575,posted-ondemand,,725155776.33380053621453231682
2024-11-11,aws-ondemand,A100-80GB,5.120719,posted-ondemand,,725155776.33380053621453231682
2024-11-11,aws-ondemand,H100-80GB,12.29,posted-ondemand,,725155776.33380053621453231682
2024-11-12,aws-ondemand,A100-40GB,4.096575,posted-ondemand,,839968939.80311019447546579227
2024-11-12,aws-ondemand,A100-80GB,5.120719,posted-ondemand,,839968939.80311019447546579227
2024-11-12,aws-ondemand,H100-80GB,12.29,posted-ondemand,,839968939.80311019447546579227
2024-11-13,aws-ondemand,A100-40GB,4.096575,posted-ondemand,,798349511.6605200067381462138
2024-11-13,aws-ondemand,A100-80GB,5.120719,posted-ondemand,,798349511.6605200067381462138
2024-11-13,aws-ondemand,H100-80GB,12.29,posted-ondemand,,798349511.6605200067381462138
2024-11-14,aws-ondemand,A100-40GB,4.096575,posted-ondemand,,735895068.08146411155131634394
2024-11-14,aws-ondemand,A100-80GB,5.120719,posted-ondemand,,735895068.08146411155131634394
2024-11-14,aws-ondemand,H100-80GB,12.29,posted-ondemand,,735895068.08146411155131634394
2024-11-15,aws-ondemand,A100-40GB,4.096575,posted-ondemand,,804993086.47269522760222079698
2024-11-15,aws-ondemand,A100-80GB,5.120719,posted-ondemand,,804993086.47269522760222079698
2024-11-15,aws-ondemand,H100-80GB,12.29,posted-ondemand,,804993086.47269522760222079698
2024-11-16,aws-ondemand,A100-40GB,4.096575,posted-ondemand,,826306263.78876308145626416294
2024-11-16,aws-ondemand,A100-80GB,5.120719,posted-ondemand,,826306263.78876308145626416294
2024-11-16,aws-ondemand,H100-80GB,12.29,posted-ondemand,,826306263.78876308145626416294
2024-11-17,aws-ondemand,A100-40GB,4.096575,posted-ondemand,,793653446.18919919775809075391
2024-11-17,aws-ondemand,A100-80GB,5.120719,posted-ondemand,,793653446.18919919775809075391
2024-11-17,aws-ondemand,H100-80GB,12.29,posted-ondemand,,793653446.18919919775809075391
2024-11-18,aws-ondemand,A100-40GB,4.096575,posted-ondemand,,928674600.53067319675636940541
2024-11-18,aws-ondemand,A100-80GB,5.120719,posted-ondemand,,928674600.53067319675636940541
2024-11-18,aws-ondemand,H100-80GB,12.29,posted-ondemand,,928674600.53067319675636940541
2024-11-19,aws-ondemand,A100-40GB,4.096575,posted-ondemand,,1019505531.74495017436274787047
2024-11-19,aws-ondemand,A100-80GB,5.120719,posted-ondemand,,1019505531.74495017436274787047
2024-11-19,aws-ondemand,H100-80GB,12.29,posted-ondemand,,1019505531.74495017436274787047
2024-11-20,aws-ondemand,A100-40GB,4.096575,posted-ondemand,,966496960.29051933750335066168
2024-11-20,aws-ondemand,A100-80GB,5.120719,posted-ondemand,,966496960.29051933750335066168
2024-11-20,aws-ondemand,H100-80GB,12.29,posted-ondemand,,966496960.29051933750335066168
2024-11-21,aws-ondemand,A100-40GB,4.096575,posted-ondemand,,960954733.16427668408769443727
2024-11-21,aws-ondemand,A100-80GB,5.120719,posted-ondemand,,960954733.16427668408769443727
2024-11-21,aws-ondemand,H100-80GB,12.29,posted-ondemand,,960954733.16427668408769443727
2024-11-22,aws-ondemand,A100-40GB,4.096575,posted-ondemand,,951594504.43326846221176827568
2024-11-22,aws-ondemand,A100-80GB,5.120719,posted-ondemand,,951594504.43326846221176827568
2024-11-22,aws-ondemand,H100-80GB,12.29,posted-ondemand,,951594504.43326846221176827568
2024-11-23,aws-ondemand,A100-40GB,4.096575,posted-ondemand,,961837092.95165053723289082318
2024-11-23,aws-ondemand,A100-80GB,5.120719,posted-ondemand,,961837092.95165053723289082318
2024-11-23,aws-ondemand,H100-80GB,12.29,posted-ondemand,,961837092.95165053723289082318
2024-11-24,aws-ondemand,A100-40GB,4.096575,posted-ondemand,,945644642.49535985969863288144
2024-11-24,aws-ondemand,A100-80GB,5.120719,posted-ondemand,,945644642.49535985969863288144
2024-11-24,aws-ondemand,H100-80GB,12.29,posted-ondemand,,945644642.49535985969863288144
2024-11-25,aws-ondemand,A100-40GB,4.096575,posted-ondemand,,947728856.39071789832668147799
2024-11-25,aws-ondemand,A100-80GB,5.120719,posted-ondemand,,947728856.39071789832668147799
2024-11-25,aws-ondemand,H100-80GB,12.29,posted-ondemand,,947728856.39071789832668147799
2024-11-26,aws-ondemand,A100-40GB,4.096575,posted-ondemand,,966056037.41413872097691139077
2024-11-26,aws-ondemand,A100-80GB,5.120719,posted-ondemand,,966056037.41413872097691139077
2024-11-26,aws-ondemand,H100-80GB,12.29,posted-ondemand,,966056037.41413872097691139077
2024-11-27,aws-ondemand,A100-40GB,4.096575,posted-ondemand,,1016790679.39888404518558637905
2024-11-27,aws-ondemand,A100-80GB,5.120719,posted-ondemand,,1016790679.39888404518558637905
2024-11-27,aws-ondemand,H100-80GB,12.29,posted-ondemand,,1016790679.39888404518558637905
2024-11-28,aws-ondemand,A100-40GB,4.096575,posted-ondemand,,1080828762.77632991955539670897
2024-11-28,aws-ondemand,A100-80GB,5.120719,posted-ondemand,,1080828762.77632991955539670897
2024-11-28,aws-ondemand,H100-80GB,12.29,posted-ondemand,,1080828762.77632991955539670897
2024-11-29,aws-ondemand,A100-40GB,4.096575,posted-ondemand,,1066167801.31729395814741750477
2024-11-29,aws-ondemand,A100-80GB,5.120719,posted-ondemand,,1066167801.31729395814741750477
2024-11-29,aws-ondemand,H100-80GB,12.29,posted-ondemand,,1066167801.31729395814741750477
2024-11-30,aws-ondemand,A100-40GB,4.096575,posted-ondemand,,1063137936.79540313111548099706
2024-11-30,aws-ondemand,A100-80GB,5.120719,posted-ondemand,,1063137936.79540313111548099706
2024-11-30,aws-ondemand,H100-80GB,12.29,posted-ondemand,,1063137936.79540313111548099706
2024-12-01,aws-ondemand,A100-40GB,4.096575,posted-ondemand,,1093250253.91213514437238456045
2024-12-01,aws-ondemand,A100-80GB,5.120719,posted-ondemand,,1093250253.91213514437238456045
2024-12-01,aws-ondemand,H100-80GB,12.29,posted-ondemand,,1093250253.91213514437238456045
2024-12-02,aws-ondemand,A100-40GB,4.096575,posted-ondemand,,1020712223.40849051930964791649
2024-12-02,aws-ondemand,A100-80GB,5.120719,posted-ondemand,,1020712223.40849051930964791649
2024-12-02,aws-ondemand,H100-80GB,12.29,posted-ondemand,,1020712223.40849051930964791649
2024-12-03,aws-ondemand,A100-40GB,4.096575,posted-ondemand,,1043087280.06701396225566479506
2024-12-03,aws-ondemand,A100-80GB,5.120719,posted-ondemand,,1043087280.06701396225566479506
2024-12-03,aws-ondemand,H100-80GB,12.29,posted-ondemand,,1043087280.06701396225566479506
2024-12-04,aws-ondemand,A100-40GB,4.096575,posted-ondemand,,1053811942.37966322472561204167
2024-12-04,aws-ondemand,A100-80GB,5.120719,posted-ondemand,,1053811942.37966322472561204167
2024-12-04,aws-ondemand,H100-80GB,12.29,posted-ondemand,,1053811942.37966322472561204167
2024-12-05,aws-ondemand,A100-40GB,4.096575,posted-ondemand,,1099710531.42036490772929515864
2024-12-05,aws-ondemand,A100-80GB,5.120719,posted-ondemand,,1099710531.42036490772929515864
2024-12-05,aws-ondemand,H100-80GB,12.29,posted-ondemand,,1099710531.42036490772929515864
2024-12-06,aws-ondemand,A100-40GB,4.096575,posted-ondemand,,1176579747.13000410741639101424
2024-12-06,aws-ondemand,A100-80GB,5.120719,posted-ondemand,,1176579747.13000410741639101424
2024-12-06,aws-ondemand,H100-80GB,12.29,posted-ondemand,,1176579747.13000410741639101424
2024-12-07,aws-ondemand,A100-40GB,4.096575,posted-ondemand,,1135959814.81614723891065909643
2024-12-07,aws-ondemand,A100-80GB,5.120719,posted-ondemand,,1135959814.81614723891065909643
2024-12-07,aws-ondemand,H100-80GB,12.29,posted-ondemand,,1135959814.81614723891065909643
2024-12-08,aws-ondemand,A100-40GB,4.096575,posted-ondemand,,1133232151.56756482544003221976
2024-12-08,aws-ondemand,A100-80GB,5.120719,posted-ondemand,,1133232151.56756482544003221976
2024-12-08,aws-ondemand,H100-80GB,12.29,posted-ondemand,,1133232151.56756482544003221976
2024-12-09,aws-ondemand,A100-40GB,4.096575,posted-ondemand,,955292880.56976578455656917912
2024-12-09,aws-ondemand,A100-80GB,5.120719,posted-ondemand,,955292880.56976578455656917912
2024-12-09,aws-ondemand,H100-80GB,12.29,posted-ondemand,,955292880.56976578455656917912
2024-12-10,aws-ondemand,A100-40GB,4.096575,posted-ondemand,,931885875.9356402757482662954
2024-12-10,aws-ondemand,A100-80GB,5.120719,posted-ondemand,,931885875.9356402757482662954
2024-12-10,aws-ondemand,H100-80GB,12.29,posted-ondemand,,931885875.9356402757482662954
2024-12-11,aws-ondemand,A100-40GB,4.096575,posted-ondemand,,1002606140.92388849320851638554
2024-12-11,aws-ondemand,A100-80GB,5.120719,posted-ondemand,,1002606140.92388849320851638554
2024-12-11,aws-ondemand,H100-80GB,12.29,posted-ondemand,,1002606140.92388849320851638554
2024-12-12,aws-ondemand,A100-40GB,4.096575,posted-ondemand,,978166813.05561004597331917123
2024-12-12,aws-ondemand,A100-80GB,5.120719,posted-ondemand,,978166813.05561004597331917123
2024-12-12,aws-ondemand,H100-80GB,12.29,posted-ondemand,,978166813.05561004597331917123
2024-12-13,aws-ondemand,A100-40GB,4.096575,posted-ondemand,,964474685.64803959747621230572
2024-12-13,aws-ondemand,A100-80GB,5.120719,posted-ondemand,,964474685.64803959747621230572
2024-12-13,aws-ondemand,H100-80GB,12.29,posted-ondemand,,964474685.64803959747621230572
2024-12-14,aws-ondemand,A100-40GB,4.096575,posted-ondemand,,934131730.35140818024528389936
2024-12-14,aws-ondemand,A100-80GB,5.120719,posted-ondemand,,934131730.35140818024528389936
2024-12-14,aws-ondemand,H100-80GB,12.29,posted-ondemand,,934131730.35140818024528389936
2024-12-15,aws-ondemand,A100-40GB,4.096575,posted-ondemand,,961696651.99264618372662691167
2024-12-15,aws-ondemand,A100-80GB,5.120719,posted-ondemand,,961696651.99264618372662691167
2024-12-15,aws-ondemand,H100-80GB,12.29,posted-ondemand,,961696651.99264618372662691167
2024-12-16,aws-ondemand,A100-40GB,4.096575,posted-ondemand,,919026139.68032073660725361363
2024-12-16,aws-ondemand,A100-80GB,5.120719,posted-ondemand,,919026139.68032073660725361363
2024-12-16,aws-ondemand,H100-80GB,12.29,posted-ondemand,,919026139.68032073660725361363
2024-12-17,aws-ondemand,A100-40GB,4.096575,posted-ondemand,,852423325.27028626631824161019
2024-12-17,aws-ondemand,A100-80GB,5.120719,posted-ondemand,,852423325.27028626631824161019
2024-12-17,aws-ondemand,H100-80GB,12.29,posted-ondemand,,852423325.27028626631824161019
2024-12-18,aws-ondemand,A100-40GB,4.096575,posted-ondemand,,801010013.45722722092495458873
2024-12-18,aws-ondemand,A100-80GB,5.120719,posted-ondemand,,801010013.45722722092495458873
2024-12-18,aws-ondemand,H100-80GB,12.29,posted-ondemand,,801010013.45722722092495458873
2024-12-19,aws-ondemand,A100-40GB,4.096575,posted-ondemand,,770009864.63509601668477434496
2024-12-19,aws-ondemand,A100-80GB,5.120719,posted-ondemand,,770009864.63509601668477434496
2024-12-19,aws-ondemand,H100-80GB,12.29,posted-ondemand,,770009864.63509601668477434496
2024-12-20,aws-ondemand,A100-40GB,4.096575,posted-ondemand,,832196521.59213618329104772676
2024-12-20,aws-ondemand,A100-80GB,5.120719,posted-ondemand,,832196521.59213618329104772676
2024-12-20,aws-ondemand,H100-80GB,12.29,posted-ondemand,,832196521.59213618329104772676
2024-12-21,aws-ondemand,A100-40GB,4.096575,posted-ondemand,,775151489.64664888413849490032
2024-12-21,aws-ondemand,A100-80GB,5.120719,posted-ondemand,,775151489.64664888413849490032
2024-12-21,aws-ondemand,H100-80GB,12.29,posted-ondemand,,775151489.64664888413849490032
2024-12-22,aws-ondemand,A100-40GB,4.096575,posted-ondemand,,768130517.89633140490763756229
2024-12-22,aws-ondemand,A100-80GB,5.120719,posted-ondemand,,768130517.89633140490763756229
2024-12-22,aws-ondemand,H100-80GB,12.29,posted-ondemand,,768130517.89633140490763756229
2024-12-23,aws-ondemand,A100-40GB,4.096575,posted-ondemand,,790930656.5076823401720909229
2024-12-23,aws-ondemand,A100-80GB,5.120719,posted-ondemand,,790930656.5076823401720909229
2024-12-23,aws-ondemand,H100-80GB,12.29,posted-ondemand,,790930656.5076823401720909229
2024-12-24,aws-ondemand,A100-40GB,4.096575,posted-ondemand,,813995130.71438817257943152849
2024-12-24,aws-ondemand,A100-80GB,5.120719,posted-ondemand,,813995130.71438817257943152849
2024-12-24,aws-ondemand,H100-80GB,12.29,posted-ondemand,,813995130.71438817257943152849
2024-12-25,aws-ondemand,A100-40GB,4.096575,posted-ondemand,,803582321.65481214149470886257
2024-12-25,aws-ondemand,A100-80GB,5.120719,posted-ondemand,,803582321.65481214149470886257
2024-12-25,aws-ondemand,H100-80GB,12.29,posted-ondemand,,803582321.65481214149470886257
2024-12-26,aws-ondemand,A100-40GB,4.096575,posted-ondemand,,743722763.92250745647952472259
2024-12-26,aws-ondemand,A100-80GB,5.120719,posted-ondemand,,743722763.92250745647952472259
2024-12-26,aws-ondemand,H100-80GB,12.29,posted-ondemand,,743722763.92250745647952472259
2024-12-27,aws-ondemand,A100-40GB,4.096575,posted-ondemand,,731549457.22794172856891294659
2024-12-27,aws-ondemand,A100-80GB,5.120719,posted-ondemand,,731549457.22794172856891294659
2024-12-27,aws-ondemand,H100-80GB,12.29,posted-ondemand,,731549457.22794172856891294659
2024-12-28,aws-ondemand,A100-40GB,4.096575,posted-ondemand,,751000476.92063728417831624968
2024-12-28,aws-ondemand,A100-80GB,5.120719,posted-ondemand,,751000476.92063728417831624968
2024-12-28,aws-ondemand,H100-80GB,12.29,posted-ondemand,,751000476.92063728417831624968
2024-12-29,aws-ondemand,A100-40GB,4.096575,posted-ondemand,,713033417.13626588859616074115
2024-12-29,aws-ondemand,A100-80GB,5.120719,posted-ondemand,,713033417.13626588859616074115
2024-12-29,aws-ondemand,H100-80GB,12.29,posted-ondemand,,713033417.13626588859616074115
2024-12-30,aws-ondemand,A100-40GB,4.096575,posted-ondemand,,704158791.16532099952494569331
2024-12-30,aws-ondemand,A100-80GB,5.120719,posted-ondemand,,704158791.16532099952494569331
2024-12-30,aws-ondemand,H100-80GB,12.29,posted-ondemand,,704158791.16532099952494569331
2024-12-31,aws-ondemand,A100-40GB,4.096575,posted-ondemand,,688656929.61254320670954503543
2024-12-31,aws-ondemand,A100-80GB,5.120719,posted-ondemand,,688656929.61254320670954503543
2024-12-31,aws-ondemand,H100-80GB,12.29,posted-ondemand,,688656929.61254320670954503543
2025-01-01,aws-ondemand,A100-40GB,4.096575,posted-ondemand,,711320595.60908209265747885813
2025-01-01,aws-ondemand,A100-80GB,5.120719,posted-ondemand,,711320595.60908209265747885813
2025-01-01,aws-ondemand,H100-80GB,12.29,posted-ondemand,,711320595.60908209265747885813
2025-01-02,aws-ondemand,A100-40GB,4.096575,posted-ondemand,,855570356.91562849861029847355
2025-01-02,aws-ondemand,A100-80GB,5.120719,posted-ondemand,,855570356.91562849861029847355
2025-01-02,aws-ondemand,H100-80GB,12.29,posted-ondemand,,855570356.91562849861029847355
2025-01-03,aws-ondemand,A100-40GB,4.096575,posted-ondemand,,857477954.52946396606402094165
2025-01-03,aws-ondemand,A100-80GB,5.120719,posted-ondemand,,857477954.52946396606402094165
2025-01-03,aws-ondemand,H100-80GB,12.29,posted-ondemand,,857477954.52946396606402094165
2025-01-04,aws-ondemand,A100-40GB,4.096575,posted-ondemand,,849195636.49793804921016710956
2025-01-04,aws-ondemand,A100-80GB,5.120719,posted-ondemand,,849195636.49793804921016710956
2025-01-04,aws-ondemand,H100-80GB,12.29,posted-ondemand,,849195636.49793804921016710956
2025-01-05,aws-ondemand,A100-40GB,4.096575,posted-ondemand,,866210357.93430233355348645648
2025-01-05,aws-ondemand,A100-80GB,5.120719,posted-ondemand,,866210357.93430233355348645648
2025-01-05,aws-ondemand,H100-80GB,12.29,posted-ondemand,,866210357.93430233355348645648
2025-01-06,aws-ondemand,A100-40GB,4.096575,posted-ondemand,,951543753.05446574356337478198
2025-01-06,aws-ondemand,A100-80GB,5.120719,posted-ondemand,,951543753.05446574356337478198
2025-01-06,aws-ondemand,H100-80GB,12.29,posted-ondemand,,951543753.05446574356337478198
2025-01-07,aws-ondemand,A100-40GB,4.096575,posted-ondemand,,882479047.72218684564701235697
2025-01-07,aws-ondemand,A100-80GB,5.120719,posted-ondemand,,882479047.72218684564701235697
2025-01-07,aws-ondemand,H100-80GB,12.29,posted-ondemand,,882479047.72218684564701235697
2025-01-08,aws-ondemand,A100-40GB,4.096575,posted-ondemand,,799035829.69596964274849722752
2025-01-08,aws-ondemand,A100-80GB,5.120719,posted-ondemand,,799035829.69596964274849722752
2025-01-08,aws-ondemand,H100-80GB,12.29,posted-ondemand,,799035829.69596964274849722752
2025-01-09,aws-ondemand,A100-40GB,4.096575,posted-ondemand,,756597950.15307246300468029573
2025-01-09,aws-ondemand,A100-80GB,5.120719,posted-ondemand,,756597950.15307246300468029573
2025-01-09,aws-ondemand,H100-80GB,12.29,posted-ondemand,,756597950.15307246300468029573
2025-01-10,aws-ondemand,A100-40GB,4.096575,posted-ondemand,,778934451.93736923325883878024
2025-01-10,aws-ondemand,A100-80GB,5.120719,posted-ondemand,,778934451.93736923325883878024
2025-01-10,aws-ondemand,H100-80GB,12.29,posted-ondemand,,778934451.93736923325883878024
2025-01-11,aws-ondemand,A100-40GB,4.096575,posted-ondemand,,766523511.62400606651259880497
2025-01-11,aws-ondemand,A100-80GB,5.120719,posted-ondemand,,766523511.62400606651259880497
2025-01-11,aws-ondemand,H100-80GB,12.29,posted-ondemand,,766523511.62400606651259880497
2025-01-12,aws-ondemand,A100-40GB,4.096575,posted-ondemand,,747375554.94285791719786286749
2025-01-12,aws-ondemand,A100-80GB,5.120719,posted-ondemand,,747375554.94285791719786286749
2025-01-12,aws-ondemand,H100-80GB,12.29,posted-ondemand,,747375554.94285791719786286749
2025-01-13,aws-ondemand,A100-40GB,4.096575,posted-ondemand,,718116874.2796449533629311633
2025-01-13,aws-ondemand,A100-80GB,5.120719,posted-ondemand,,718116874.2796449533629311633
2025-01-13,aws-ondemand,H100-80GB,12.29,posted-ondemand,,718116874.2796449533629311633
2025-01-14,aws-ondemand,A100-40GB,4.096575,posted-ondemand,,745508734.69970415980259371483
2025-01-14,aws-ondemand,A100-80GB,5.120719,posted-ondemand,,745508734.69970415980259371483
2025-01-14,aws-ondemand,H100-80GB,12.29,posted-ondemand,,745508734.69970415980259371483
2025-01-15,aws-ondemand,A100-40GB,4.096575,posted-ondemand,,792623456.15476987791556099007
2025-01-15,aws-ondemand,A100-80GB,5.120719,posted-ondemand,,792623456.15476987791556099007
2025-01-15,aws-ondemand,H100-80GB,12.29,posted-ondemand,,792623456.15476987791556099007
2025-01-16,aws-ondemand,A100-40GB,4.096575,posted-ondemand,,754690306.87088789144795592646
2025-01-16,aws-ondemand,A100-80GB,5.120719,posted-ondemand,,754690306.87088789144795592646
2025-01-16,aws-ondemand,H100-80GB,12.29,posted-ondemand,,754690306.87088789144795592646
2025-01-17,aws-ondemand,A100-40GB,4.096575,posted-ondemand,,814601980.14027221935015898337
2025-01-17,aws-ondemand,A100-80GB,5.120719,posted-ondemand,,814601980.14027221935015898337
2025-01-17,aws-ondemand,H100-80GB,12.29,posted-ondemand,,814601980.14027221935015898337
2025-01-18,aws-ondemand,A100-40GB,4.096575,posted-ondemand,,760285398.82091113165876647074
2025-01-18,aws-ondemand,A100-80GB,5.120719,posted-ondemand,,760285398.82091113165876647074
2025-01-18,aws-ondemand,H100-80GB,12.29,posted-ondemand,,760285398.82091113165876647074
2025-01-19,aws-ondemand,A100-40GB,4.096575,posted-ondemand,,693198388.14037253577030237615
2025-01-19,aws-ondemand,A100-80GB,5.120719,posted-ondemand,,693198388.14037253577030237615
2025-01-19,aws-ondemand,H100-80GB,12.29,posted-ondemand,,693198388.14037253577030237615
2025-01-20,aws-ondemand,A100-40GB,4.096575,posted-ondemand,,706914614.88839775941668802309
2025-01-20,aws-ondemand,A100-80GB,5.120719,posted-ondemand,,706914614.88839775941668802309
2025-01-20,aws-ondemand,H100-80GB,12.29,posted-ondemand,,706914614.88839775941668802309
2025-01-21,aws-ondemand,A100-40GB,4.096575,posted-ondemand,,732649215.17245861981953458083
2025-01-21,aws-ondemand,A100-80GB,5.120719,posted-ondemand,,732649215.17245861981953458083
2025-01-21,aws-ondemand,H100-80GB,12.29,posted-ondemand,,732649215.17245861981953458083
2025-01-22,aws-ondemand,A100-40GB,4.096575,posted-ondemand,,698360433.52961715979560583627
2025-01-22,aws-ondemand,A100-80GB,5.120719,posted-ondemand,,698360433.52961715979560583627
2025-01-22,aws-ondemand,H100-80GB,12.29,posted-ondemand,,698360433.52961715979560583627
2025-01-23,aws-ondemand,A100-40GB,4.096575,posted-ondemand,,690882053.43972137991267378233
2025-01-23,aws-ondemand,A100-80GB,5.120719,posted-ondemand,,690882053.43972137991267378233
2025-01-23,aws-ondemand,H100-80GB,12.29,posted-ondemand,,690882053.43972137991267378233
2025-01-24,aws-ondemand,A100-40GB,4.096575,posted-ondemand,,674742291.02022832691026419722
2025-01-24,aws-ondemand,A100-80GB,5.120719,posted-ondemand,,674742291.02022832691026419722
2025-01-24,aws-ondemand,H100-80GB,12.29,posted-ondemand,,674742291.02022832691026419722
2025-01-25,aws-ondemand,A100-40GB,4.096575,posted-ondemand,,682901614.89997462930383361256
2025-01-25,aws-ondemand,A100-80GB,5.120719,posted-ondemand,,682901614.89997462930383361256
2025-01-25,aws-ondemand,H100-80GB,12.29,posted-ondemand,,682901614.89997462930383361256
2025-01-26,aws-ondemand,A100-40GB,4.096575,posted-ondemand,,676168774.50854742742695422732
2025-01-26,aws-ondemand,A100-80GB,5.120719,posted-ondemand,,676168774.50854742742695422732
2025-01-26,aws-ondemand,H100-80GB,12.29,posted-ondemand,,676168774.50854742742695422732
2025-01-27,aws-ondemand,A100-40GB,4.096575,posted-ondemand,,621866992.40915820278203339116
2025-01-27,aws-ondemand,A100-80GB,5.120719,posted-ondemand,,621866992.40915820278203339116
2025-01-27,aws-ondemand,H100-80GB,12.29,posted-ondemand,,621866992.40915820278203339116
2025-01-28,aws-ondemand,A100-40GB,4.096575,posted-ondemand,,601359239.24371103204851163254
2025-01-28,aws-ondemand,A100-80GB,5.120719,posted-ondemand,,601359239.24371103204851163254
2025-01-28,aws-ondemand,H100-80GB,12.29,posted-ondemand,,601359239.24371103204851163254
2025-01-29,aws-ondemand,A100-40GB,4.096575,posted-ondemand,,623703929.5152962058371462399
2025-01-29,aws-ondemand,A100-80GB,5.120719,posted-ondemand,,623703929.5152962058371462399
2025-01-29,aws-ondemand,H100-80GB,12.29,posted-ondemand,,623703929.5152962058371462399
2025-01-30,aws-ondemand,A100-40GB,4.096575,posted-ondemand,,640277079.35060581301999387888
2025-01-30,aws-ondemand,A100-80GB,5.120719,posted-ondemand,,640277079.35060581301999387888
2025-01-30,aws-ondemand,H100-80GB,12.29,posted-ondemand,,640277079.35060581301999387888
2025-01-31,aws-ondemand,A100-40GB,4.096575,posted-ondemand,,646739569.95331232621160366278
2025-01-31,aws-ondemand,A100-80GB,5.120719,posted-ondemand,,646739569.95331232621160366278
2025-01-31,aws-ondemand,H100-80GB,12.29,posted-ondemand,,646739569.95331232621160366278
2025-02-01,aws-ondemand,A100-40GB,4.096575,posted-ondemand,,580580507.66491025299342622238
2025-02-01,aws-ondemand,A100-80GB,5.120719,posted-ondemand,,580580507.66491025299342622238
2025-02-01,aws-ondemand,H100-80GB,12.29,posted-ondemand,,580580507.66491025299342622238
2025-02-02,aws-ondemand,A100-40GB,4.096575,posted-ondemand,,503466982.89688616919322870287
2025-02-02,aws-ondemand,A100-80GB,5.120719,posted-ondemand,,503466982.89688616919322870287
2025-02-02,aws-ondemand,H100-80GB,12.29,posted-ondemand,,503466982.89688616919322870287
2025-02-03,aws-ondemand,A100-40GB,4.096575,posted-ondemand,,568838672.02647602845354986268
2025-02-03,aws-ondemand,A100-80GB,5.120719,posted-ondemand,,568838672.02647602845354986268
2025-02-03,aws-ondemand,H100-80GB,12.29,posted-ondemand,,568838672.02647602845354986268
2025-02-04,aws-ondemand,A100-40GB,4.096575,posted-ondemand,,527230583.06082150338531710258
2025-02-04,aws-ondemand,A100-80GB,5.120719,posted-ondemand,,527230583.06082150338531710258
2025-02-04,aws-ondemand,H100-80GB,12.29,posted-ondemand,,527230583.06082150338531710258
2025-02-05,aws-ondemand,A100-40GB,4.096575,posted-ondemand,,491052628.99632844666606685295
2025-02-05,aws-ondemand,A100-80GB,5.120719,posted-ondemand,,491052628.99632844666606685295
2025-02-05,aws-ondemand,H100-80GB,12.29,posted-ondemand,,491052628.99632844666606685295
2025-02-06,aws-ondemand,A100-40GB,4.096575,posted-ondemand,,461105040.02206490471744517125
2025-02-06,aws-ondemand,A100-80GB,5.120719,posted-ondemand,,461105040.02206490471744517125
2025-02-06,aws-ondemand,H100-80GB,12.29,posted-ondemand,,461105040.02206490471744517125
2025-02-07,aws-ondemand,A100-40GB,4.096575,posted-ondemand,,475733664.63462437581372729522
2025-02-07,aws-ondemand,A100-80GB,5.120719,posted-ondemand,,475733664.63462437581372729522
2025-02-07,aws-ondemand,H100-80GB,12.29,posted-ondemand,,475733664.63462437581372729522
2025-02-08,aws-ondemand,A100-40GB,4.096575,posted-ondemand,,484921896.13238243690205812515
2025-02-08,aws-ondemand,A100-80GB,5.120719,posted-ondemand,,484921896.13238243690205812515
2025-02-08,aws-ondemand,H100-80GB,12.29,posted-ondemand,,484921896.13238243690205812515
2025-02-09,aws-ondemand,A100-40GB,4.096575,posted-ondemand,,468270079.4752870963504418897
2025-02-09,aws-ondemand,A100-80GB,5.120719,posted-ondemand,,468270079.4752870963504418897
2025-02-09,aws-ondemand,H100-80GB,12.29,posted-ondemand,,468270079.4752870963504418897
2025-02-10,aws-ondemand,A100-40GB,4.096575,posted-ondemand,,481083221.60375312277185455712
2025-02-10,aws-ondemand,A100-80GB,5.120719,posted-ondemand,,481083221.60375312277185455712
2025-02-10,aws-ondemand,H100-80GB,12.29,posted-ondemand,,481083221.60375312277185455712
2025-02-11,aws-ondemand,A100-40GB,4.096575,posted-ondemand,,472241283.69381657690210735885
2025-02-11,aws-ondemand,A100-80GB,5.120719,posted-ondemand,,472241283.69381657690210735885
2025-02-11,aws-ondemand,H100-80GB,12.29,posted-ondemand,,472241283.69381657690210735885
2025-02-12,aws-ondemand,A100-40GB,4.096575,posted-ondemand,,491436681.70679000161813298183
2025-02-12,aws-ondemand,A100-80GB,5.120719,posted-ondemand,,491436681.70679000161813298183
2025-02-12,aws-ondemand,H100-80GB,12.29,posted-ondemand,,491436681.70679000161813298183
2025-02-13,aws-ondemand,A100-40GB,4.096575,posted-ondemand,,471179295.93184848764799294225
2025-02-13,aws-ondemand,A100-80GB,5.120719,posted-ondemand,,471179295.93184848764799294225
2025-02-13,aws-ondemand,H100-80GB,12.29,posted-ondemand,,471179295.93184848764799294225
2025-02-14,aws-ondemand,A100-40GB,4.096575,posted-ondemand,,476531418.94956757851472879917
2025-02-14,aws-ondemand,A100-80GB,5.120719,posted-ondemand,,476531418.94956757851472879917
2025-02-14,aws-ondemand,H100-80GB,12.29,posted-ondemand,,476531418.94956757851472879917
2025-02-15,aws-ondemand,A100-40GB,4.096575,posted-ondemand,,469713401.79138347400675194948
2025-02-15,aws-ondemand,A100-80GB,5.120719,posted-ondemand,,469713401.79138347400675194948
2025-02-15,aws-ondemand,H100-80GB,12.29,posted-ondemand,,469713401.79138347400675194948
2025-02-16,aws-ondemand,A100-40GB,4.096575,posted-ondemand,,467657229.0486529496086820251
2025-02-16,aws-ondemand,A100-80GB,5.120719,posted-ondemand,,467657229.0486529496086820251
2025-02-16,aws-ondemand,H100-80GB,12.29,posted-ondemand,,467657229.0486529496086820251
2025-02-17,aws-ondemand,A100-40GB,4.096575,posted-ondemand,,459611318.0893658974171581232
2025-02-17,aws-ondemand,A100-80GB,5.120719,posted-ondemand,,459611318.0893658974171581232
2025-02-17,aws-ondemand,H100-80GB,12.29,posted-ondemand,,459611318.0893658974171581232
2025-02-18,aws-ondemand,A100-40GB,4.096575,posted-ondemand,,425125217.41014559596317510373
2025-02-18,aws-ondemand,A100-80GB,5.120719,posted-ondemand,,425125217.41014559596317510373
2025-02-18,aws-ondemand,H100-80GB,12.29,posted-ondemand,,425125217.41014559596317510373
2025-02-19,aws-ondemand,A100-40GB,4.096575,posted-ondemand,,428982443.13550841361600905178
2025-02-19,aws-ondemand,A100-80GB,5.120719,posted-ondemand,,428982443.13550841361600905178
2025-02-19,aws-ondemand,H100-80GB,12.29,posted-ondemand,,428982443.13550841361600905178
2025-02-20,aws-ondemand,A100-40GB,4.096575,posted-ondemand,,462724103.55702366557186433514
2025-02-20,aws-ondemand,A100-80GB,5.120719,posted-ondemand,,462724103.55702366557186433514
2025-02-20,aws-ondemand,H100-80GB,12.29,posted-ondemand,,462724103.55702366557186433514
2025-02-21,aws-ondemand,A100-40GB,4.096575,posted-ondemand,,437567702.63364423808107346691
2025-02-21,aws-ondemand,A100-80GB,5.120719,posted-ondemand,,437567702.63364423808107346691
2025-02-21,aws-ondemand,H100-80GB,12.29,posted-ondemand,,437567702.63364423808107346691
2025-02-22,aws-ondemand,A100-40GB,4.096575,posted-ondemand,,451217448.04422603497200078786
2025-02-22,aws-ondemand,A100-80GB,5.120719,posted-ondemand,,451217448.04422603497200078786
2025-02-22,aws-ondemand,H100-80GB,12.29,posted-ondemand,,451217448.04422603497200078786
2025-02-23,aws-ondemand,A100-40GB,4.096575,posted-ondemand,,450600292.26518100065219308087
2025-02-23,aws-ondemand,A100-80GB,5.120719,posted-ondemand,,450600292.26518100065219308087
2025-02-23,aws-ondemand,H100-80GB,12.29,posted-ondemand,,450600292.26518100065219308087
2025-02-24,aws-ondemand,A100-40GB,4.096575,posted-ondemand,,407150485.11591285672243359229
2025-02-24,aws-ondemand,A100-80GB,5.120719,posted-ondemand,,407150485.11591285672243359229
2025-02-24,aws-ondemand,H100-80GB,12.29,posted-ondemand,,407150485.11591285672243359229
2025-02-25,aws-ondemand,A100-40GB,4.096575,posted-ondemand,,395045907.41436436337489081587
2025-02-25,aws-ondemand,A100-80GB,5.120719,posted-ondemand,,395045907.41436436337489081587
2025-02-25,aws-ondemand,H100-80GB,12.29,posted-ondemand,,395045907.41436436337489081587
2025-02-26,aws-ondemand,A100-40GB,4.096575,posted-ondemand,,385640422.00131740304926199377
2025-02-26,aws-ondemand,A100-80GB,5.120719,posted-ondemand,,385640422.00131740304926199377
2025-02-26,aws-ondemand,H100-80GB,12.29,posted-ondemand,,385640422.00131740304926199377
2025-02-27,aws-ondemand,A100-40GB,4.096575,posted-ondemand,,394999745.9027383993543540499
2025-02-27,aws-ondemand,A100-80GB,5.120719,posted-ondemand,,394999745.9027383993543540499
2025-02-27,aws-ondemand,H100-80GB,12.29,posted-ondemand,,394999745.9027383993543540499
2025-02-28,aws-ondemand,A100-40GB,4.096575,posted-ondemand,,401754833.13704637756892057751
2025-02-28,aws-ondemand,A100-80GB,5.120719,posted-ondemand,,401754833.13704637756892057751
2025-02-28,aws-ondemand,H100-80GB,12.29,posted-ondemand,,401754833.13704637756892057751
2025-03-01,aws-ondemand,A100-40GB,4.096575,posted-ondemand,,397752289.870245098989692037
2025-03-01,aws-ondemand,A100-80GB,5.120719,posted-ondemand,,397752289.870245098989692037
2025-03-01,aws-ondemand,H100-80GB,12.29,posted-ondemand,,397752289.870245098989692037
2025-03-01,aws-ondemand,H200,10.6,posted-ondemand,,397752289.870245098989692037
2025-03-02,aws-ondemand,A100-40GB,4.096575,posted-ondemand,,429294019.31616367061108875752
2025-03-02,aws-ondemand,A100-80GB,5.120719,posted-ondemand,,429294019.31616367061108875752
2025-03-02,aws-ondemand,H100-80GB,12.29,posted-ondemand,,429294019.31616367061108875752
2025-03-02,aws-ondemand,H200,10.6,posted-ondemand,,429294019.31616367061108875752
2025-03-03,aws-ondemand,A100-40GB,4.096575,posted-ondemand,,364527150.70189626091027680445
2025-03-03,aws-ondemand,A100-80GB,5.120719,posted-ondemand,,364527150.70189626091027680445
2025-03-03,aws-ondemand,H100-80GB,12.29,posted-ondemand,,364527150.70189626091027680445
2025-03-03,aws-ondemand,H200,10.6,posted-ondemand,,364527150.70189626091027680445
2025-03-04,aws-ondemand,A100-40GB,4.096575,posted-ondemand,,338306842.08151908706992735281
2025-03-04,aws-ondemand,A100-80GB,5.120719,posted-ondemand,,338306842.08151908706992735281
2025-03-04,aws-ondemand,H100-80GB,12.29,posted-ondemand,,338306842.08151908706992735281
2025-03-04,aws-ondemand,H200,10.6,posted-ondemand,,338306842.08151908706992735281
2025-03-05,aws-ondemand,A100-40GB,4.096575,posted-ondemand,,353712594.57188055576724056053
2025-03-05,aws-ondemand,A100-80GB,5.120719,posted-ondemand,,353712594.57188055576724056053
2025-03-05,aws-ondemand,H100-80GB,12.29,posted-ondemand,,353712594.57188055576724056053
2025-03-05,aws-ondemand,H200,10.6,posted-ondemand,,353712594.57188055576724056053
2025-03-06,aws-ondemand,A100-40GB,4.096575,posted-ondemand,,333619088.78907452698878016721
2025-03-06,aws-ondemand,A100-80GB,5.120719,posted-ondemand,,333619088.78907452698878016721
2025-03-06,aws-ondemand,H100-80GB,12.29,posted-ondemand,,333619088.78907452698878016721
2025-03-06,aws-ondemand,H200,10.6,posted-ondemand,,333619088.78907452698878016721
2025-03-07,aws-ondemand,A100-40GB,4.096575,posted-ondemand,,332898072.45768012275504395955
2025-03-07,aws-ondemand,A100-80GB,5.120719,posted-ondemand,,332898072.45768012275504395955
2025-03-07,aws-ondemand,H100-80GB,12.29,posted-ondemand,,332898072.45768012275504395955
2025-03-07,aws-ondemand,H200,10.6,posted-ondemand,,332898072.45768012275504395955
2025-03-08,aws-ondemand,A100-40GB,4.096575,posted-ondemand,,322541365.18326337113709715778
2025-03-08,aws-ondemand,A100-80GB,5.120719,posted-ondemand,,322541365.18326337113709715778
2025-03-08,aws-ondemand,H100-80GB,12.29,posted-ondemand,,322541365.18326337113709715778
2025-03-08,aws-ondemand,H200,10.6,posted-ondemand,,322541365.18326337113709715778
2025-03-09,aws-ondemand,A100-40GB,4.096575,posted-ondemand,,271334932.74552244006814046842
2025-03-09,aws-ondemand,A100-80GB,5.120719,posted-ondemand,,271334932.74552244006814046842
2025-03-09,aws-ondemand,H100-80GB,12.29,posted-ondemand,,271334932.74552244006814046842
2025-03-09,aws-ondemand,H200,10.6,posted-ondemand,,271334932.74552244006814046842
2025-03-10,aws-ondemand,A100-40GB,4.096575,posted-ondemand,,264231152.1062029095246556498
2025-03-10,aws-ondemand,A100-80GB,5.120719,posted-ondemand,,264231152.1062029095246556498
2025-03-10,aws-ondemand,H100-80GB,12.29,posted-ondemand,,264231152.1062029095246556498
2025-03-10,aws-ondemand,H200,10.6,posted-ondemand,,264231152.1062029095246556498
2025-03-11,aws-ondemand,A100-40GB,4.096575,posted-ondemand,,295087059.60460927601318563919
2025-03-11,aws-ondemand,A100-80GB,5.120719,posted-ondemand,,295087059.60460927601318563919
2025-03-11,aws-ondemand,H100-80GB,12.29,posted-ondemand,,295087059.60460927601318563919
2025-03-11,aws-ondemand,H200,10.6,posted-ondemand,,295087059.60460927601318563919
2025-03-12,aws-ondemand,A100-40GB,4.096575,posted-ondemand,,328283133.82069358299874713076
2025-03-12,aws-ondemand,A100-80GB,5.120719,posted-ondemand,,328283133.82069358299874713076
2025-03-12,aws-ondemand,H100-80GB,12.29,posted-ondemand,,328283133.82069358299874713076
2025-03-12,aws-ondemand,H200,10.6,posted-ondemand,,328283133.82069358299874713076
2025-03-13,aws-ondemand,A100-40GB,4.096575,posted-ondemand,,343559348.8956114748728547627
2025-03-13,aws-ondemand,A100-80GB,5.120719,posted-ondemand,,343559348.8956114748728547627
2025-03-13,aws-ondemand,H100-80GB,12.29,posted-ondemand,,343559348.8956114748728547627
2025-03-13,aws-ondemand,H200,10.6,posted-ondemand,,343559348.8956114748728547627
2025-03-14,aws-ondemand,A100-40GB,4.096575,posted-ondemand,,340388786.23030053964728139148
2025-03-14,aws-ondemand,A100-80GB,5.120719,posted-ondemand,,340388786.23030053964728139148
2025-03-14,aws-ondemand,H100-80GB,12.29,posted-ondemand,,340388786.23030053964728139148
2025-03-14,aws-ondemand,H200,10.6,posted-ondemand,,340388786.23030053964728139148
2025-03-15,aws-ondemand,A100-40GB,4.096575,posted-ondemand,,336813271.96492164333809099526
2025-03-15,aws-ondemand,A100-80GB,5.120719,posted-ondemand,,336813271.96492164333809099526
2025-03-15,aws-ondemand,H100-80GB,12.29,posted-ondemand,,336813271.96492164333809099526
2025-03-15,aws-ondemand,H200,10.6,posted-ondemand,,336813271.96492164333809099526
2025-03-16,aws-ondemand,A100-40GB,4.096575,posted-ondemand,,320606139.13697359076343128144
2025-03-16,aws-ondemand,A100-80GB,5.120719,posted-ondemand,,320606139.13697359076343128144
2025-03-16,aws-ondemand,H100-80GB,12.29,posted-ondemand,,320606139.13697359076343128144
2025-03-16,aws-ondemand,H200,10.6,posted-ondemand,,320606139.13697359076343128144
2025-03-17,aws-ondemand,A100-40GB,4.096575,posted-ondemand,,327246150.45318351845678322971
2025-03-17,aws-ondemand,A100-80GB,5.120719,posted-ondemand,,327246150.45318351845678322971
2025-03-17,aws-ondemand,H100-80GB,12.29,posted-ondemand,,327246150.45318351845678322971
2025-03-17,aws-ondemand,H200,10.6,posted-ondemand,,327246150.45318351845678322971
2025-03-18,aws-ondemand,A100-40GB,4.096575,posted-ondemand,,312164843.97822694167659400757
2025-03-18,aws-ondemand,A100-80GB,5.120719,posted-ondemand,,312164843.97822694167659400757
2025-03-18,aws-ondemand,H100-80GB,12.29,posted-ondemand,,312164843.97822694167659400757
2025-03-18,aws-ondemand,H200,10.6,posted-ondemand,,312164843.97822694167659400757
2025-03-19,aws-ondemand,A100-40GB,4.096575,posted-ondemand,,306808741.16346470410966841724
2025-03-19,aws-ondemand,A100-80GB,5.120719,posted-ondemand,,306808741.16346470410966841724
2025-03-19,aws-ondemand,H100-80GB,12.29,posted-ondemand,,306808741.16346470410966841724
2025-03-19,aws-ondemand,H200,10.6,posted-ondemand,,306808741.16346470410966841724
2025-03-20,aws-ondemand,A100-40GB,4.096575,posted-ondemand,,294484595.54684094923368306755
2025-03-20,aws-ondemand,A100-80GB,5.120719,posted-ondemand,,294484595.54684094923368306755
2025-03-20,aws-ondemand,H100-80GB,12.29,posted-ondemand,,294484595.54684094923368306755
2025-03-20,aws-ondemand,H200,10.6,posted-ondemand,,294484595.54684094923368306755
2025-03-21,aws-ondemand,A100-40GB,4.096575,posted-ondemand,,300079680.06939999784898055229
2025-03-21,aws-ondemand,A100-80GB,5.120719,posted-ondemand,,300079680.06939999784898055229
2025-03-21,aws-ondemand,H100-80GB,12.29,posted-ondemand,,300079680.06939999784898055229
2025-03-21,aws-ondemand,H200,10.6,posted-ondemand,,300079680.06939999784898055229
2025-03-22,aws-ondemand,A100-40GB,4.096575,posted-ondemand,,335693694.84697848591314483231
2025-03-22,aws-ondemand,A100-80GB,5.120719,posted-ondemand,,335693694.84697848591314483231
2025-03-22,aws-ondemand,H100-80GB,12.29,posted-ondemand,,335693694.84697848591314483231
2025-03-22,aws-ondemand,H200,10.6,posted-ondemand,,335693694.84697848591314483231
2025-03-23,aws-ondemand,A100-40GB,4.096575,posted-ondemand,,329532959.82336548126876994062
2025-03-23,aws-ondemand,A100-80GB,5.120719,posted-ondemand,,329532959.82336548126876994062
2025-03-23,aws-ondemand,H100-80GB,12.29,posted-ondemand,,329532959.82336548126876994062
2025-03-23,aws-ondemand,H200,10.6,posted-ondemand,,329532959.82336548126876994062
2025-03-24,aws-ondemand,A100-40GB,4.096575,posted-ondemand,,357436641.68214375142896439222
2025-03-24,aws-ondemand,A100-80GB,5.120719,posted-ondemand,,357436641.68214375142896439222
2025-03-24,aws-ondemand,H100-80GB,12.29,posted-ondemand,,357436641.68214375142896439222
2025-03-24,aws-ondemand,H200,10.6,posted-ondemand,,357436641.68214375142896439222
2025-03-25,aws-ondemand,A100-40GB,4.096575,posted-ondemand,,352587917.65747116046845635998
2025-03-25,aws-ondemand,A100-80GB,5.120719,posted-ondemand,,352587917.65747116046845635998
2025-03-25,aws-ondemand,H100-80GB,12.29,posted-ondemand,,352587917.65747116046845635998
2025-03-25,aws-ondemand,H200,10.6,posted-ondemand,,352587917.65747116046845635998
2025-03-26,aws-ondemand,A100-40GB,4.096575,posted-ondemand,,339461670.20557542602198505977
2025-03-26,aws-ondemand,A100-80GB,5.120719,posted-ondemand,,339461670.20557542602198505977
2025-03-26,aws-ondemand,H100-80GB,12.29,posted-ondemand,,339461670.20557542602198505977
2025-03-26,aws-ondemand,H200,10.6,posted-ondemand,,339461670.20557542602198505977
2025-03-27,aws-ondemand,A100-40GB,4.096575,posted-ondemand,,351544097.38011713678045713105
2025-03-27,aws-ondemand,A100-80GB,5.120719,posted-ondemand,,351544097.38011713678045713105
2025-03-27,aws-ondemand,H100-80GB,12.29,posted-ondemand,,351544097.38011713678045713105
2025-03-27,aws-ondemand,H200,10.6,posted-ondemand,,351544097.38011713678045713105
2025-03-28,aws-ondemand,A100-40GB,4.096575,posted-ondemand,,317104607.18705345585384592853
2025-03-28,aws-ondemand,A100-80GB,5.120719,posted-ondemand,,317104607.18705345585384592853
2025-03-28,aws-ondemand,H100-80GB,12.29,posted-ondemand,,317104607.18705345585384592853
2025-03-28,aws-ondemand,H200,10.6,posted-ondemand,,317104607.18705345585384592853
2025-03-29,aws-ondemand,A100-40GB,4.096575,posted-ondemand,,294497062.56301046099500804142
2025-03-29,aws-ondemand,A100-80GB,5.120719,posted-ondemand,,294497062.56301046099500804142
2025-03-29,aws-ondemand,H100-80GB,12.29,posted-ondemand,,294497062.56301046099500804142
2025-03-29,aws-ondemand,H200,10.6,posted-ondemand,,294497062.56301046099500804142
2025-03-30,aws-ondemand,A100-40GB,4.096575,posted-ondemand,,296488472.31248693155465139564
2025-03-30,aws-ondemand,A100-80GB,5.120719,posted-ondemand,,296488472.31248693155465139564
2025-03-30,aws-ondemand,H100-80GB,12.29,posted-ondemand,,296488472.31248693155465139564
2025-03-30,aws-ondemand,H200,10.6,posted-ondemand,,296488472.31248693155465139564
2025-03-31,aws-ondemand,A100-40GB,4.096575,posted-ondemand,,288211896.06143765090071503965
2025-03-31,aws-ondemand,A100-80GB,5.120719,posted-ondemand,,288211896.06143765090071503965
2025-03-31,aws-ondemand,H100-80GB,12.29,posted-ondemand,,288211896.06143765090071503965
2025-03-31,aws-ondemand,H200,10.6,posted-ondemand,,288211896.06143765090071503965
2025-04-01,aws-ondemand,A100-40GB,4.096575,posted-ondemand,,299359509.14368017741019273294
2025-04-01,aws-ondemand,A100-80GB,5.120719,posted-ondemand,,299359509.14368017741019273294
2025-04-01,aws-ondemand,H100-80GB,12.29,posted-ondemand,,299359509.14368017741019273294
2025-04-01,aws-ondemand,H200,10.6,posted-ondemand,,299359509.14368017741019273294
2025-04-02,aws-ondemand,A100-40GB,4.096575,posted-ondemand,,277149111.84998815085403749563
2025-04-02,aws-ondemand,A100-80GB,5.120719,posted-ondemand,,277149111.84998815085403749563
2025-04-02,aws-ondemand,H100-80GB,12.29,posted-ondemand,,277149111.84998815085403749563
2025-04-02,aws-ondemand,H200,10.6,posted-ondemand,,277149111.84998815085403749563
2025-04-03,aws-ondemand,A100-40GB,4.096575,posted-ondemand,,283394624.66843645157555606637
2025-04-03,aws-ondemand,A100-80GB,5.120719,posted-ondemand,,283394624.66843645157555606637
2025-04-03,aws-ondemand,H100-80GB,12.29,posted-ondemand,,283394624.66843645157555606637
2025-04-03,aws-ondemand,H200,10.6,posted-ondemand,,283394624.66843645157555606637
2025-04-04,aws-ondemand,A100-40GB,4.096575,posted-ondemand,,276848420.24974211764560361124
2025-04-04,aws-ondemand,A100-80GB,5.120719,posted-ondemand,,276848420.24974211764560361124
2025-04-04,aws-ondemand,H100-80GB,12.29,posted-ondemand,,276848420.24974211764560361124
2025-04-04,aws-ondemand,H200,10.6,posted-ondemand,,276848420.24974211764560361124
2025-04-05,aws-ondemand,A100-40GB,4.096575,posted-ondemand,,268428965.85528060025632288918
2025-04-05,aws-ondemand,A100-80GB,5.120719,posted-ondemand,,268428965.85528060025632288918
2025-04-05,aws-ondemand,H100-80GB,12.29,posted-ondemand,,268428965.85528060025632288918
2025-04-05,aws-ondemand,H200,10.6,posted-ondemand,,268428965.85528060025632288918
2025-04-06,aws-ondemand,A100-40GB,4.096575,posted-ondemand,,236510795.849517343877413096679
2025-04-06,aws-ondemand,A100-80GB,5.120719,posted-ondemand,,236510795.849517343877413096679
2025-04-06,aws-ondemand,H100-80GB,12.29,posted-ondemand,,236510795.849517343877413096679
2025-04-06,aws-ondemand,H200,10.6,posted-ondemand,,236510795.849517343877413096679
2025-04-07,aws-ondemand,A100-40GB,4.096575,posted-ondemand,,239710631.468956306649156362196
2025-04-07,aws-ondemand,A100-80GB,5.120719,posted-ondemand,,239710631.468956306649156362196
2025-04-07,aws-ondemand,H100-80GB,12.29,posted-ondemand,,239710631.468956306649156362196
2025-04-07,aws-ondemand,H200,10.6,posted-ondemand,,239710631.468956306649156362196
2025-04-08,aws-ondemand,A100-40GB,4.096575,posted-ondemand,,223829970.03780944855131572947
2025-04-08,aws-ondemand,A100-80GB,5.120719,posted-ondemand,,223829970.03780944855131572947
2025-04-08,aws-ondemand,H100-80GB,12.29,posted-ondemand,,223829970.03780944855131572947
2025-04-08,aws-ondemand,H200,10.6,posted-ondemand,,223829970.03780944855131572947
2025-04-09,aws-ondemand,A100-40GB,4.096575,posted-ondemand,,255336077.76531087017972915364
2025-04-09,aws-ondemand,A100-80GB,5.120719,posted-ondemand,,255336077.76531087017972915364
2025-04-09,aws-ondemand,H100-80GB,12.29,posted-ondemand,,255336077.76531087017972915364
2025-04-09,aws-ondemand,H200,10.6,posted-ondemand,,255336077.76531087017972915364
2025-04-10,aws-ondemand,A100-40GB,4.096575,posted-ondemand,,246145717.14706840347315738449
2025-04-10,aws-ondemand,A100-80GB,5.120719,posted-ondemand,,246145717.14706840347315738449
2025-04-10,aws-ondemand,H100-80GB,12.29,posted-ondemand,,246145717.14706840347315738449
2025-04-10,aws-ondemand,H200,10.6,posted-ondemand,,246145717.14706840347315738449
2025-04-11,aws-ondemand,A100-40GB,4.096575,posted-ondemand,,264837539.53788599782263491633
2025-04-11,aws-ondemand,A100-80GB,5.120719,posted-ondemand,,264837539.53788599782263491633
2025-04-11,aws-ondemand,H100-80GB,12.29,posted-ondemand,,264837539.53788599782263491633
2025-04-11,aws-ondemand,H200,10.6,posted-ondemand,,264837539.53788599782263491633
2025-04-12,aws-ondemand,A100-40GB,4.096575,posted-ondemand,,288530882.96083657667090584373
2025-04-12,aws-ondemand,A100-80GB,5.120719,posted-ondemand,,288530882.96083657667090584373
2025-04-12,aws-ondemand,H100-80GB,12.29,posted-ondemand,,288530882.96083657667090584373
2025-04-12,aws-ondemand,H200,10.6,posted-ondemand,,288530882.96083657667090584373
2025-04-13,aws-ondemand,A100-40GB,4.096575,posted-ondemand,,260149267.500314352645242121
2025-04-13,aws-ondemand,A100-80GB,5.120719,posted-ondemand,,260149267.500314352645242121
2025-04-13,aws-ondemand,H100-80GB,12.29,posted-ondemand,,260149267.500314352645242121
2025-04-13,aws-ondemand,H200,10.6,posted-ondemand,,260149267.500314352645242121
2025-04-14,aws-ondemand,A100-40GB,4.096575,posted-ondemand,,277866561.91547760044786101763
2025-04-14,aws-ondemand,A100-80GB,5.120719,posted-ondemand,,277866561.91547760044786101763
2025-04-14,aws-ondemand,H100-80GB,12.29,posted-ondemand,,277866561.91547760044786101763
2025-04-14,aws-ondemand,H200,10.6,posted-ondemand,,277866561.91547760044786101763
2025-04-15,aws-ondemand,A100-40GB,4.096575,posted-ondemand,,263064690.36968007312083822345
2025-04-15,aws-ondemand,A100-80GB,5.120719,posted-ondemand,,263064690.36968007312083822345
2025-04-15,aws-ondemand,H100-80GB,12.29,posted-ondemand,,263064690.36968007312083822345
2025-04-15,aws-ondemand,H200,10.6,posted-ondemand,,263064690.36968007312083822345
2025-04-16,aws-ondemand,A100-40GB,4.096575,posted-ondemand,,260639026.92709184735787658303
2025-04-16,aws-ondemand,A100-80GB,5.120719,posted-ondemand,,260639026.92709184735787658303
2025-04-16,aws-ondemand,H100-80GB,12.29,posted-ondemand,,260639026.92709184735787658303
2025-04-16,aws-ondemand,H200,10.6,posted-ondemand,,260639026.92709184735787658303
2025-04-17,aws-ondemand,A100-40GB,4.096575,posted-ondemand,,255191207.06821015811122549418
2025-04-17,aws-ondemand,A100-80GB,5.120719,posted-ondemand,,255191207.06821015811122549418
2025-04-17,aws-ondemand,H100-80GB,12.29,posted-ondemand,,255191207.06821015811122549418
2025-04-17,aws-ondemand,H200,10.6,posted-ondemand,,255191207.06821015811122549418
2025-04-18,aws-ondemand,A100-40GB,4.096575,posted-ondemand,,259870533.34960790044959190659
2025-04-18,aws-ondemand,A100-80GB,5.120719,posted-ondemand,,259870533.34960790044959190659
2025-04-18,aws-ondemand,H100-80GB,12.29,posted-ondemand,,259870533.34960790044959190659
2025-04-18,aws-ondemand,H200,10.6,posted-ondemand,,259870533.34960790044959190659
2025-04-19,aws-ondemand,A100-40GB,4.096575,posted-ondemand,,263121283.05739925880712560443
2025-04-19,aws-ondemand,A100-80GB,5.120719,posted-ondemand,,263121283.05739925880712560443
2025-04-19,aws-ondemand,H100-80GB,12.29,posted-ondemand,,263121283.05739925880712560443
2025-04-19,aws-ondemand,H200,10.6,posted-ondemand,,263121283.05739925880712560443
2025-04-20,aws-ondemand,A100-40GB,4.096575,posted-ondemand,,263395291.12033805800813370235
2025-04-20,aws-ondemand,A100-80GB,5.120719,posted-ondemand,,263395291.12033805800813370235
2025-04-20,aws-ondemand,H100-80GB,12.29,posted-ondemand,,263395291.12033805800813370235
2025-04-20,aws-ondemand,H200,10.6,posted-ondemand,,263395291.12033805800813370235
2025-04-21,aws-ondemand,A100-40GB,4.096575,posted-ondemand,,270918535.18039604647643084067
2025-04-21,aws-ondemand,A100-80GB,5.120719,posted-ondemand,,270918535.18039604647643084067
2025-04-21,aws-ondemand,H100-80GB,12.29,posted-ondemand,,270918535.18039604647643084067
2025-04-21,aws-ondemand,H200,10.6,posted-ondemand,,270918535.18039604647643084067
2025-04-22,aws-ondemand,A100-40GB,4.096575,posted-ondemand,,286734741.15670657884071273176
2025-04-22,aws-ondemand,A100-80GB,5.120719,posted-ondemand,,286734741.15670657884071273176
2025-04-22,aws-ondemand,H100-80GB,12.29,posted-ondemand,,286734741.15670657884071273176
2025-04-22,aws-ondemand,H200,10.6,posted-ondemand,,286734741.15670657884071273176
2025-04-23,aws-ondemand,A100-40GB,4.096575,posted-ondemand,,305290785.92353796649771362877
2025-04-23,aws-ondemand,A100-80GB,5.120719,posted-ondemand,,305290785.92353796649771362877
2025-04-23,aws-ondemand,H100-80GB,12.29,posted-ondemand,,305290785.92353796649771362877
2025-04-23,aws-ondemand,H200,10.6,posted-ondemand,,305290785.92353796649771362877
2025-04-24,aws-ondemand,A100-40GB,4.096575,posted-ondemand,,300551322.90294346873954764721
2025-04-24,aws-ondemand,A100-80GB,5.120719,posted-ondemand,,300551322.90294346873954764721
2025-04-24,aws-ondemand,H100-80GB,12.29,posted-ondemand,,300551322.90294346873954764721
2025-04-24,aws-ondemand,H200,10.6,posted-ondemand,,300551322.90294346873954764721
2025-04-25,aws-ondemand,A100-40GB,4.096575,posted-ondemand,,316431565.7270350141913612349
2025-04-25,aws-ondemand,A100-80GB,5.120719,posted-ondemand,,316431565.7270350141913612349
2025-04-25,aws-ondemand,H100-80GB,12.29,posted-ondemand,,316431565.7270350141913612349
2025-04-25,aws-ondemand,H200,10.6,posted-ondemand,,316431565.7270350141913612349
2025-04-26,aws-ondemand,A100-40GB,4.096575,posted-ondemand,,321357831.57330752779213205417
2025-04-26,aws-ondemand,A100-80GB,5.120719,posted-ondemand,,321357831.57330752779213205417
2025-04-26,aws-ondemand,H100-80GB,12.29,posted-ondemand,,321357831.57330752779213205417
2025-04-26,aws-ondemand,H200,10.6,posted-ondemand,,321357831.57330752779213205417
2025-04-27,aws-ondemand,A100-40GB,4.096575,posted-ondemand,,300703060.85919720289509902607
2025-04-27,aws-ondemand,A100-80GB,5.120719,posted-ondemand,,300703060.85919720289509902607
2025-04-27,aws-ondemand,H100-80GB,12.29,posted-ondemand,,300703060.85919720289509902607
2025-04-27,aws-ondemand,H200,10.6,posted-ondemand,,300703060.85919720289509902607
2025-04-28,aws-ondemand,A100-40GB,4.096575,posted-ondemand,,311695363.30255005888472229599
2025-04-28,aws-ondemand,A100-80GB,5.120719,posted-ondemand,,311695363.30255005888472229599
2025-04-28,aws-ondemand,H100-80GB,12.29,posted-ondemand,,311695363.30255005888472229599
2025-04-28,aws-ondemand,H200,10.6,posted-ondemand,,311695363.30255005888472229599
2025-04-29,aws-ondemand,A100-40GB,4.096575,posted-ondemand,,318123039.84603520722346749656
2025-04-29,aws-ondemand,A100-80GB,5.120719,posted-ondemand,,318123039.84603520722346749656
2025-04-29,aws-ondemand,H100-80GB,12.29,posted-ondemand,,318123039.84603520722346749656
2025-04-29,aws-ondemand,H200,10.6,posted-ondemand,,318123039.84603520722346749656
2025-04-30,aws-ondemand,A100-40GB,4.096575,posted-ondemand,,364627799.50241955648878233603
2025-04-30,aws-ondemand,A100-80GB,5.120719,posted-ondemand,,364627799.50241955648878233603
2025-04-30,aws-ondemand,H100-80GB,12.29,posted-ondemand,,364627799.50241955648878233603
2025-04-30,aws-ondemand,H200,10.6,posted-ondemand,,364627799.50241955648878233603
2025-05-01,aws-ondemand,A100-40GB,4.096575,posted-ondemand,,396932548.19347731669833326379
2025-05-01,aws-ondemand,A100-80GB,5.120719,posted-ondemand,,396932548.19347731669833326379
2025-05-01,aws-ondemand,H100-80GB,12.29,posted-ondemand,,396932548.19347731669833326379
2025-05-01,aws-ondemand,H200,10.6,posted-ondemand,,396932548.19347731669833326379
2025-05-02,aws-ondemand,A100-40GB,4.096575,posted-ondemand,,407003302.09155787305061504487
2025-05-02,aws-ondemand,A100-80GB,5.120719,posted-ondemand,,407003302.09155787305061504487
2025-05-02,aws-ondemand,H100-80GB,12.29,posted-ondemand,,407003302.09155787305061504487
2025-05-02,aws-ondemand,H200,10.6,posted-ondemand,,407003302.09155787305061504487
2025-05-03,aws-ondemand,A100-40GB,4.096575,posted-ondemand,,372693926.89571836743097676892
2025-05-03,aws-ondemand,A100-80GB,5.120719,posted-ondemand,,372693926.89571836743097676892
2025-05-03,aws-ondemand,H100-80GB,12.29,posted-ondemand,,372693926.89571836743097676892
2025-05-03,aws-ondemand,H200,10.6,posted-ondemand,,372693926.89571836743097676892
2025-05-04,aws-ondemand,A100-40GB,4.096575,posted-ondemand,,352814413.34660098323131615775
2025-05-04,aws-ondemand,A100-80GB,5.120719,posted-ondemand,,352814413.34660098323131615775
2025-05-04,aws-ondemand,H100-80GB,12.29,posted-ondemand,,352814413.34660098323131615775
2025-05-04,aws-ondemand,H200,10.6,posted-ondemand,,352814413.34660098323131615775
2025-05-05,aws-ondemand,A100-40GB,4.096575,posted-ondemand,,418549231.50173535326663502764
2025-05-05,aws-ondemand,A100-80GB,5.120719,posted-ondemand,,418549231.50173535326663502764
2025-05-05,aws-ondemand,H100-80GB,12.29,posted-ondemand,,418549231.50173535326663502764
2025-05-05,aws-ondemand,H200,10.6,posted-ondemand,,418549231.50173535326663502764
2025-05-06,aws-ondemand,A100-40GB,4.096575,posted-ondemand,,375846959.02251181232430653226
2025-05-06,aws-ondemand,A100-80GB,5.120719,posted-ondemand,,375846959.02251181232430653226
2025-05-06,aws-ondemand,H100-80GB,12.29,posted-ondemand,,375846959.02251181232430653226
2025-05-06,aws-ondemand,H200,10.6,posted-ondemand,,375846959.02251181232430653226
2025-05-07,aws-ondemand,A100-40GB,4.096575,posted-ondemand,,401115937.25102847480543065874
2025-05-07,aws-ondemand,A100-80GB,5.120719,posted-ondemand,,401115937.25102847480543065874
2025-05-07,aws-ondemand,H100-80GB,12.29,posted-ondemand,,401115937.25102847480543065874
2025-05-07,aws-ondemand,H200,10.6,posted-ondemand,,401115937.25102847480543065874
2025-05-08,aws-ondemand,A100-40GB,4.096575,posted-ondemand,,436496502.37118755778110324253
2025-05-08,aws-ondemand,A100-80GB,5.120719,posted-ondemand,,436496502.37118755778110324253
2025-05-08,aws-ondemand,H100-80GB,12.29,posted-ondemand,,436496502.37118755778110324253
2025-05-08,aws-ondemand,H200,10.6,posted-ondemand,,436496502.37118755778110324253
2025-05-09,aws-ondemand,A100-40GB,4.096575,posted-ondemand,,450753777.78416037542075220271
2025-05-09,aws-ondemand,A100-80GB,5.120719,posted-ondemand,,450753777.78416037542075220271
2025-05-09,aws-ondemand,H100-80GB,12.29,posted-ondemand,,450753777.78416037542075220271
2025-05-09,aws-ondemand,H200,10.6,posted-ondemand,,450753777.78416037542075220271
2025-05-10,aws-ondemand,A100-40GB,4.096575,posted-ondemand,,477359194.27789515388641755125
2025-05-10,aws-ondemand,A100-80GB,5.120719,posted-ondemand,,477359194.27789515388641755125
2025-05-10,aws-ondemand,H100-80GB,12.29,posted-ondemand,,477359194.27789515388641755125
2025-05-10,aws-ondemand,H200,10.6,posted-ondemand,,477359194.27789515388641755125
2025-05-11,aws-ondemand,A100-40GB,4.096575,posted-ondemand,,449836814.54446655783339662094
2025-05-11,aws-ondemand,A100-80GB,5.120719,posted-ondemand,,449836814.54446655783339662094
2025-05-11,aws-ondemand,H100-80GB,12.29,posted-ondemand,,449836814.54446655783339662094
2025-05-11,aws-ondemand,H200,10.6,posted-ondemand,,449836814.54446655783339662094
2025-05-12,aws-ondemand,A100-40GB,4.096575,posted-ondemand,,443087039.66624057878154008863
2025-05-12,aws-ondemand,A100-80GB,5.120719,posted-ondemand,,443087039.66624057878154008863
2025-05-12,aws-ondemand,H100-80GB,12.29,posted-ondemand,,443087039.66624057878154008863
2025-05-12,aws-ondemand,H200,10.6,posted-ondemand,,443087039.66624057878154008863
2025-05-13,aws-ondemand,A100-40GB,4.096575,posted-ondemand,,449986517.14595163381537893425
2025-05-13,aws-ondemand,A100-80GB,5.120719,posted-ondemand,,449986517.14595163381537893425
2025-05-13,aws-ondemand,H100-80GB,12.29,posted-ondemand,,449986517.14595163381537893425
2025-05-13,aws-ondemand,H200,10.6,posted-ondemand,,449986517.14595163381537893425
2025-05-14,aws-ondemand,A100-40GB,4.096575,posted-ondemand,,421968817.8226500303526257328
2025-05-14,aws-ondemand,A100-80GB,5.120719,posted-ondemand,,421968817.8226500303526257328
2025-05-14,aws-ondemand,H100-80GB,12.29,posted-ondemand,,421968817.8226500303526257328
2025-05-14,aws-ondemand,H200,10.6,posted-ondemand,,421968817.8226500303526257328
2025-05-15,aws-ondemand,A100-40GB,4.096575,posted-ondemand,,392314108.03674665218776040271
2025-05-15,aws-ondemand,A100-80GB,5.120719,posted-ondemand,,392314108.03674665218776040271
2025-05-15,aws-ondemand,H100-80GB,12.29,posted-ondemand,,392314108.03674665218776040271
2025-05-15,aws-ondemand,H200,10.6,posted-ondemand,,392314108.03674665218776040271
2025-05-16,aws-ondemand,A100-40GB,4.096575,posted-ondemand,,388360481.54035093492489285691
2025-05-16,aws-ondemand,A100-80GB,5.120719,posted-ondemand,,388360481.54035093492489285691
2025-05-16,aws-ondemand,H100-80GB,12.29,posted-ondemand,,388360481.54035093492489285691
2025-05-16,aws-ondemand,H200,10.6,posted-ondemand,,388360481.54035093492489285691
2025-05-17,aws-ondemand,A100-40GB,4.096575,posted-ondemand,,369605457.14630153089947943561
2025-05-17,aws-ondemand,A100-80GB,5.120719,posted-ondemand,,369605457.14630153089947943561
2025-05-17,aws-ondemand,H100-80GB,12.29,posted-ondemand,,369605457.14630153089947943561
2025-05-17,aws-ondemand,H200,10.6,posted-ondemand,,369605457.14630153089947943561
2025-05-18,aws-ondemand,A100-40GB,4.096575,posted-ondemand,,386805097.36750585888044308903
2025-05-18,aws-ondemand,A100-80GB,5.120719,posted-ondemand,,386805097.36750585888044308903
2025-05-18,aws-ondemand,H100-80GB,12.29,posted-ondemand,,386805097.36750585888044308903
2025-05-18,aws-ondemand,H200,10.6,posted-ondemand,,386805097.36750585888044308903
2025-05-19,aws-ondemand,A100-40GB,4.096575,posted-ondemand,,380201490.17736268343541505925
2025-05-19,aws-ondemand,A100-80GB,5.120719,posted-ondemand,,380201490.17736268343541505925
2025-05-19,aws-ondemand,H100-80GB,12.29,posted-ondemand,,380201490.17736268343541505925
2025-05-19,aws-ondemand,H200,10.6,posted-ondemand,,380201490.17736268343541505925
2025-05-20,aws-ondemand,A100-40GB,4.096575,posted-ondemand,,375377633.91855822735500304626
2025-05-20,aws-ondemand,A100-80GB,5.120719,posted-ondemand,,375377633.91855822735500304626
2025-05-20,aws-ondemand,H100-80GB,12.29,posted-ondemand,,375377633.91855822735500304626
2025-05-20,aws-ondemand,H200,10.6,posted-ondemand,,375377633.91855822735500304626
2025-05-21,aws-ondemand,A100-40GB,4.096575,posted-ondemand,,374550298.75427095152760411509
2025-05-21,aws-ondemand,A100-80GB,5.120719,posted-ondemand,,374550298.75427095152760411509
2025-05-21,aws-ondemand,H100-80GB,12.29,posted-ondemand,,374550298.75427095152760411509
2025-05-21,aws-ondemand,H200,10.6,posted-ondemand,,374550298.75427095152760411509
2025-05-22,aws-ondemand,A100-40GB,4.096575,posted-ondemand,,447353243.5094575733045851838
2025-05-22,aws-ondemand,A100-80GB,5.120719,posted-ondemand,,447353243.5094575733045851838
2025-05-22,aws-ondemand,H100-80GB,12.29,posted-ondemand,,447353243.5094575733045851838
2025-05-22,aws-ondemand,H200,10.6,posted-ondemand,,447353243.5094575733045851838
2025-05-23,aws-ondemand,A100-40GB,4.096575,posted-ondemand,,410982226.82281135383754953152
2025-05-23,aws-ondemand,A100-80GB,5.120719,posted-ondemand,,410982226.82281135383754953152
2025-05-23,aws-ondemand,H100-80GB,12.29,posted-ondemand,,410982226.82281135383754953152
2025-05-23,aws-ondemand,H200,10.6,posted-ondemand,,410982226.82281135383754953152
2025-05-24,aws-ondemand,A100-40GB,4.096575,posted-ondemand,,419805588.41422590130988854504
2025-05-24,aws-ondemand,A100-80GB,5.120719,posted-ondemand,,419805588.41422590130988854504
2025-05-24,aws-ondemand,H100-80GB,12.29,posted-ondemand,,419805588.41422590130988854504
2025-05-24,aws-ondemand,H200,10.6,posted-ondemand,,419805588.41422590130988854504
2025-05-25,aws-ondemand,A100-40GB,4.096575,posted-ondemand,,414782149.60409997566043907176
2025-05-25,aws-ondemand,A100-80GB,5.120719,posted-ondemand,,414782149.60409997566043907176
2025-05-25,aws-ondemand,H100-80GB,12.29,posted-ondemand,,414782149.60409997566043907176
2025-05-25,aws-ondemand,H200,10.6,posted-ondemand,,414782149.60409997566043907176
2025-05-26,aws-ondemand,A100-40GB,4.096575,posted-ondemand,,411707904.27718094886020045988
2025-05-26,aws-ondemand,A100-80GB,5.120719,posted-ondemand,,411707904.27718094886020045988
2025-05-26,aws-ondemand,H100-80GB,12.29,posted-ondemand,,411707904.27718094886020045988
2025-05-26,aws-ondemand,H200,10.6,posted-ondemand,,411707904.27718094886020045988
2025-05-27,aws-ondemand,A100-40GB,4.096575,posted-ondemand,,420733705.14544510253965058024
2025-05-27,aws-ondemand,A100-80GB,5.120719,posted-ondemand,,420733705.14544510253965058024
2025-05-27,aws-ondemand,H100-80GB,12.29,posted-ondemand,,420733705.14544510253965058024
2025-05-27,aws-ondemand,H200,10.6,posted-ondemand,,420733705.14544510253965058024
2025-05-28,aws-ondemand,A100-40GB,4.096575,posted-ondemand,,399991657.31227035759312414748
2025-05-28,aws-ondemand,A100-80GB,5.120719,posted-ondemand,,399991657.31227035759312414748
2025-05-28,aws-ondemand,H100-80GB,12.29,posted-ondemand,,399991657.31227035759312414748
2025-05-28,aws-ondemand,H200,10.6,posted-ondemand,,399991657.31227035759312414748
2025-05-29,aws-ondemand,A100-40GB,4.096575,posted-ondemand,,381053663.14594604969257838795
2025-05-29,aws-ondemand,A100-80GB,5.120719,posted-ondemand,,381053663.14594604969257838795
2025-05-29,aws-ondemand,H100-80GB,12.29,posted-ondemand,,381053663.14594604969257838795
2025-05-29,aws-ondemand,H200,10.6,posted-ondemand,,381053663.14594604969257838795
2025-05-30,aws-ondemand,A100-40GB,4.096575,posted-ondemand,,340878057.13972925818417533236
2025-05-30,aws-ondemand,A100-80GB,5.120719,posted-ondemand,,340878057.13972925818417533236
2025-05-30,aws-ondemand,H100-80GB,12.29,posted-ondemand,,340878057.13972925818417533236
2025-05-30,aws-ondemand,H200,10.6,posted-ondemand,,340878057.13972925818417533236
2025-05-31,aws-ondemand,A100-40GB,4.096575,posted-ondemand,,347857326.23058316252355523053
2025-05-31,aws-ondemand,A100-80GB,5.120719,posted-ondemand,,347857326.23058316252355523053
2025-05-31,aws-ondemand,H100-80GB,12.29,posted-ondemand,,347857326.23058316252355523053
2025-05-31,aws-ondemand,H200,10.6,posted-ondemand,,347857326.23058316252355523053
2025-06-01,aws-ondemand,A100-40GB,2.744705,posted-ondemand,,351860420.46601946423543072115
2025-06-01,aws-ondemand,A100-80GB,3.430881,posted-ondemand,,351860420.46601946423543072115
2025-06-01,aws-ondemand,H100-80GB,6.88,posted-ondemand,,351860420.46601946423543072115
2025-06-01,aws-ondemand,H200,7.912,posted-ondemand,,351860420.46601946423543072115
2025-06-02,aws-ondemand,A100-40GB,2.744705,posted-ondemand,,355804412.82379025793643229565
2025-06-02,aws-ondemand,A100-80GB,3.430881,posted-ondemand,,355804412.82379025793643229565
2025-06-02,aws-ondemand,H100-80GB,6.88,posted-ondemand,,355804412.82379025793643229565
2025-06-02,aws-ondemand,H200,7.912,posted-ondemand,,355804412.82379025793643229565
2025-06-03,aws-ondemand,A100-40GB,2.744705,posted-ondemand,,375760856.69505841781867357395
2025-06-03,aws-ondemand,A100-80GB,3.430881,posted-ondemand,,375760856.69505841781867357395
2025-06-03,aws-ondemand,H100-80GB,6.88,posted-ondemand,,375760856.69505841781867357395
2025-06-03,aws-ondemand,H200,7.912,posted-ondemand,,375760856.69505841781867357395
2025-06-04,aws-ondemand,A100-40GB,2.744705,posted-ondemand,,356465450.61722603307063826062
2025-06-04,aws-ondemand,A100-80GB,3.430881,posted-ondemand,,356465450.61722603307063826062
2025-06-04,aws-ondemand,H100-80GB,6.88,posted-ondemand,,356465450.61722603307063826062
2025-06-04,aws-ondemand,H200,7.912,posted-ondemand,,356465450.61722603307063826062
2025-06-05,aws-ondemand,A100-40GB,2.744705,posted-ondemand,,327083572.16866577988470961944
2025-06-05,aws-ondemand,A100-80GB,3.430881,posted-ondemand,,327083572.16866577988470961944
2025-06-05,aws-ondemand,H100-80GB,6.88,posted-ondemand,,327083572.16866577988470961944
2025-06-05,aws-ondemand,H200,7.912,posted-ondemand,,327083572.16866577988470961944
2025-06-06,aws-ondemand,A100-40GB,2.744705,posted-ondemand,,331692734.399109733353821897
2025-06-06,aws-ondemand,A100-80GB,3.430881,posted-ondemand,,331692734.399109733353821897
2025-06-06,aws-ondemand,H100-80GB,6.88,posted-ondemand,,331692734.399109733353821897
2025-06-06,aws-ondemand,H200,7.912,posted-ondemand,,331692734.399109733353821897
2025-06-07,aws-ondemand,A100-40GB,2.744705,posted-ondemand,,350113408.82979837318987012256
2025-06-07,aws-ondemand,A100-80GB,3.430881,posted-ondemand,,350113408.82979837318987012256
2025-06-07,aws-ondemand,H100-80GB,6.88,posted-ondemand,,350113408.82979837318987012256
2025-06-07,aws-ondemand,H200,7.912,posted-ondemand,,350113408.82979837318987012256
2025-06-08,aws-ondemand,A100-40GB,2.744705,posted-ondemand,,341858614.0127526351932028183
2025-06-08,aws-ondemand,A100-80GB,3.430881,posted-ondemand,,341858614.0127526351932028183
2025-06-08,aws-ondemand,H100-80GB,6.88,posted-ondemand,,341858614.0127526351932028183
2025-06-08,aws-ondemand,H200,7.912,posted-ondemand,,341858614.0127526351932028183
2025-06-09,aws-ondemand,A100-40GB,2.744705,posted-ondemand,,364906896.27903473570910362857
2025-06-09,aws-ondemand,A100-80GB,3.430881,posted-ondemand,,364906896.27903473570910362857
2025-06-09,aws-ondemand,H100-80GB,6.88,posted-ondemand,,364906896.27903473570910362857
2025-06-09,aws-ondemand,H200,7.912,posted-ondemand,,364906896.27903473570910362857
2025-06-10,aws-ondemand,A100-40GB,2.744705,posted-ondemand,,388946406.75653605883639422453
2025-06-10,aws-ondemand,A100-80GB,3.430881,posted-ondemand,,388946406.75653605883639422453
2025-06-10,aws-ondemand,H100-80GB,6.88,posted-ondemand,,388946406.75653605883639422453
2025-06-10,aws-ondemand,H200,7.912,posted-ondemand,,388946406.75653605883639422453
2025-06-11,aws-ondemand,A100-40GB,2.744705,posted-ondemand,,365905541.9578699119970323829
2025-06-11,aws-ondemand,A100-80GB,3.430881,posted-ondemand,,365905541.9578699119970323829
2025-06-11,aws-ondemand,H100-80GB,6.88,posted-ondemand,,365905541.9578699119970323829
2025-06-11,aws-ondemand,H200,7.912,posted-ondemand,,365905541.9578699119970323829
2025-06-12,aws-ondemand,A100-40GB,2.744705,posted-ondemand,,345603891.15459192632868168959
2025-06-12,aws-ondemand,A100-80GB,3.430881,posted-ondemand,,345603891.15459192632868168959
2025-06-12,aws-ondemand,H100-80GB,6.88,posted-ondemand,,345603891.15459192632868168959
2025-06-12,aws-ondemand,H200,7.912,posted-ondemand,,345603891.15459192632868168959
2025-06-13,aws-ondemand,A100-40GB,2.744705,posted-ondemand,,333322982.6093588432485568754
2025-06-13,aws-ondemand,A100-80GB,3.430881,posted-ondemand,,333322982.6093588432485568754
2025-06-13,aws-ondemand,H100-80GB,6.88,posted-ondemand,,333322982.6093588432485568754
2025-06-13,aws-ondemand,H200,7.912,posted-ondemand,,333322982.6093588432485568754
2025-06-14,aws-ondemand,A100-40GB,2.744705,posted-ondemand,,330724245.83948689732486426849
2025-06-14,aws-ondemand,A100-80GB,3.430881,posted-ondemand,,330724245.83948689732486426849
2025-06-14,aws-ondemand,H100-80GB,6.88,posted-ondemand,,330724245.83948689732486426849
2025-06-14,aws-ondemand,H200,7.912,posted-ondemand,,330724245.83948689732486426849
2025-06-15,aws-ondemand,A100-40GB,2.744705,posted-ondemand,,332678032.41746022813647984472
2025-06-15,aws-ondemand,A100-80GB,3.430881,posted-ondemand,,332678032.41746022813647984472
2025-06-15,aws-ondemand,H100-80GB,6.88,posted-ondemand,,332678032.41746022813647984472
2025-06-15,aws-ondemand,H200,7.912,posted-ondemand,,332678032.41746022813647984472
2025-06-16,aws-ondemand,A100-40GB,2.744705,posted-ondemand,,327380794.78091664373566366859
2025-06-16,aws-ondemand,A100-80GB,3.430881,posted-ondemand,,327380794.78091664373566366859
2025-06-16,aws-ondemand,H100-80GB,6.88,posted-ondemand,,327380794.78091664373566366859
2025-06-16,aws-ondemand,H200,7.912,posted-ondemand,,327380794.78091664373566366859
2025-06-17,aws-ondemand,A100-40GB,2.744705,posted-ondemand,,301921971.05072762732785461291
2025-06-17,aws-ondemand,A100-80GB,3.430881,posted-ondemand,,301921971.05072762732785461291
2025-06-17,aws-ondemand,H100-80GB,6.88,posted-ondemand,,301921971.05072762732785461291
2025-06-17,aws-ondemand,H200,7.912,posted-ondemand,,301921971.05072762732785461291
2025-06-18,aws-ondemand,A100-40GB,2.744705,posted-ondemand,,309189931.76949217193958566061
2025-06-18,aws-ondemand,A100-80GB,3.430881,posted-ondemand,,309189931.76949217193958566061
2025-06-18,aws-ondemand,H100-80GB,6.88,posted-ondemand,,309189931.76949217193958566061
2025-06-18,aws-ondemand,H200,7.912,posted-ondemand,,309189931.76949217193958566061
2025-06-19,aws-ondemand,A100-40GB,2.744705,posted-ondemand,,306174814.20550168520788927488
2025-06-19,aws-ondemand,A100-80GB,3.430881,posted-ondemand,,306174814.20550168520788927488
2025-06-19,aws-ondemand,H100-80GB,6.88,posted-ondemand,,306174814.20550168520788927488
2025-06-19,aws-ondemand,H200,7.912,posted-ondemand,,306174814.20550168520788927488
2025-06-20,aws-ondemand,A100-40GB,2.744705,posted-ondemand,,289223593.54612938415907338424
2025-06-20,aws-ondemand,A100-80GB,3.430881,posted-ondemand,,289223593.54612938415907338424
2025-06-20,aws-ondemand,H100-80GB,6.88,posted-ondemand,,289223593.54612938415907338424
2025-06-20,aws-ondemand,H200,7.912,posted-ondemand,,289223593.54612938415907338424
2025-06-21,aws-ondemand,A100-40GB,2.744705,posted-ondemand,,274136626.62580111282724575509
2025-06-21,aws-ondemand,A100-80GB,3.430881,posted-ondemand,,274136626.62580111282724575509
2025-06-21,aws-ondemand,H100-80GB,6.88,posted-ondemand,,274136626.62580111282724575509
2025-06-21,aws-ondemand,H200,7.912,posted-ondemand,,274136626.62580111282724575509
2025-06-22,aws-ondemand,A100-40GB,2.744705,posted-ondemand,,261430880.866372751411382559257
2025-06-22,aws-ondemand,A100-80GB,3.430881,posted-ondemand,,261430880.866372751411382559257
2025-06-22,aws-ondemand,H100-80GB,6.88,posted-ondemand,,261430880.866372751411382559257
2025-06-22,aws-ondemand,H200,7.912,posted-ondemand,,261430880.866372751411382559257
2025-06-23,aws-ondemand,A100-40GB,2.744705,posted-ondemand,,296461562.64593366431609509289
2025-06-23,aws-ondemand,A100-80GB,3.430881,posted-ondemand,,296461562.64593366431609509289
2025-06-23,aws-ondemand,H100-80GB,6.88,posted-ondemand,,296461562.64593366431609509289
2025-06-23,aws-ondemand,H200,7.912,posted-ondemand,,296461562.64593366431609509289
2025-06-24,aws-ondemand,A100-40GB,2.744705,posted-ondemand,,300796054.3075828587672624747
2025-06-24,aws-ondemand,A100-80GB,3.430881,posted-ondemand,,300796054.3075828587672624747
2025-06-24,aws-ondemand,H100-80GB,6.88,posted-ondemand,,300796054.3075828587672624747
2025-06-24,aws-ondemand,H200,7.912,posted-ondemand,,300796054.3075828587672624747
2025-06-25,aws-ondemand,A100-40GB,2.744705,posted-ondemand,,291527531.0994759817632119098
2025-06-25,aws-ondemand,A100-80GB,3.430881,posted-ondemand,,291527531.0994759817632119098
2025-06-25,aws-ondemand,H100-80GB,6.88,posted-ondemand,,291527531.0994759817632119098
2025-06-25,aws-ondemand,H200,7.912,posted-ondemand,,291527531.0994759817632119098
2025-06-26,aws-ondemand,A100-40GB,2.744705,posted-ondemand,,283501027.47610639490005009875
2025-06-26,aws-ondemand,A100-80GB,3.430881,posted-ondemand,,283501027.47610639490005009875
2025-06-26,aws-ondemand,H100-80GB,6.88,posted-ondemand,,283501027.47610639490005009875
2025-06-26,aws-ondemand,H200,7.912,posted-ondemand,,283501027.47610639490005009875
2025-06-27,aws-ondemand,A100-40GB,2.744705,posted-ondemand,,290113205.83299409732809723766
2025-06-27,aws-ondemand,A100-80GB,3.430881,posted-ondemand,,290113205.83299409732809723766
2025-06-27,aws-ondemand,H100-80GB,6.88,posted-ondemand,,290113205.83299409732809723766
2025-06-27,aws-ondemand,H200,7.912,posted-ondemand,,290113205.83299409732809723766
2025-06-28,aws-ondemand,A100-40GB,2.744705,posted-ondemand,,295842915.23793998809785845721
2025-06-28,aws-ondemand,A100-80GB,3.430881,posted-ondemand,,295842915.23793998809785845721
2025-06-28,aws-ondemand,H100-80GB,6.88,posted-ondemand,,295842915.23793998809785845721
2025-06-28,aws-ondemand,H200,7.912,posted-ondemand,,295842915.23793998809785845721
2025-06-29,aws-ondemand,A100-40GB,2.744705,posted-ondemand,,303058197.35142645797757907009
2025-06-29,aws-ondemand,A100-80GB,3.430881,posted-ondemand,,303058197.35142645797757907009
2025-06-29,aws-ondemand,H100-80GB,6.88,posted-ondemand,,303058197.35142645797757907009
2025-06-29,aws-ondemand,H200,7.912,posted-ondemand,,303058197.35142645797757907009
2025-06-30,aws-ondemand,A100-40GB,2.744705,posted-ondemand,,283683622.77946273515764060612
2025-06-30,aws-ondemand,A100-80GB,3.430881,posted-ondemand,,283683622.77946273515764060612
2025-06-30,aws-ondemand,H100-80GB,6.88,posted-ondemand,,283683622.77946273515764060612
2025-06-30,aws-ondemand,H200,7.912,posted-ondemand,,283683622.77946273515764060612
2025-07-01,aws-ondemand,A100-40GB,2.744705,posted-ondemand,,268109560.833493516245223206579
2025-07-01,aws-ondemand,A100-80GB,3.430881,posted-ondemand,,268109560.833493516245223206579
2025-07-01,aws-ondemand,B200,14.2416,posted-ondemand,,268109560.833493516245223206579
2025-07-01,aws-ondemand,H100-80GB,6.88,posted-ondemand,,268109560.833493516245223206579
2025-07-01,aws-ondemand,H200,7.912,posted-ondemand,,268109560.833493516245223206579
2025-07-02,aws-ondemand,A100-40GB,2.744705,posted-ondemand,,287131901.46747136518871436247
2025-07-02,aws-ondemand,A100-80GB,3.430881,posted-ondemand,,287131901.46747136518871436247
2025-07-02,aws-ondemand,B200,14.2416,posted-ondemand,,287131901.46747136518871436247
2025-07-02,aws-ondemand,H100-80GB,6.88,posted-ondemand,,287131901.46747136518871436247
2025-07-02,aws-ondemand,H200,7.912,posted-ondemand,,287131901.46747136518871436247
2025-07-03,aws-ondemand,A100-40GB,2.744705,posted-ondemand,,286988672.59636057454272241828
2025-07-03,aws-ondemand,A100-80GB,3.430881,posted-ondemand,,286988672.59636057454272241828
2025-07-03,aws-ondemand,B200,14.2416,posted-ondemand,,286988672.59636057454272241828
2025-07-03,aws-ondemand,H100-80GB,6.88,posted-ondemand,,286988672.59636057454272241828
2025-07-03,aws-ondemand,H200,7.912,posted-ondemand,,286988672.59636057454272241828
2025-07-04,aws-ondemand,A100-40GB,2.744705,posted-ondemand,,293956348.44309374844414307531
2025-07-04,aws-ondemand,A100-80GB,3.430881,posted-ondemand,,293956348.44309374844414307531
2025-07-04,aws-ondemand,B200,14.2416,posted-ondemand,,293956348.44309374844414307531
2025-07-04,aws-ondemand,H100-80GB,6.88,posted-ondemand,,293956348.44309374844414307531
2025-07-04,aws-ondemand,H200,7.912,posted-ondemand,,293956348.44309374844414307531
2025-07-05,aws-ondemand,A100-40GB,2.744705,posted-ondemand,,295721053.68569898755731062715
2025-07-05,aws-ondemand,A100-80GB,3.430881,posted-ondemand,,295721053.68569898755731062715
2025-07-05,aws-ondemand,B200,14.2416,posted-ondemand,,295721053.68569898755731062715
2025-07-05,aws-ondemand,H100-80GB,6.88,posted-ondemand,,295721053.68569898755731062715
2025-07-05,aws-ondemand,H200,7.912,posted-ondemand,,295721053.68569898755731062715
2025-07-06,aws-ondemand,A100-40GB,2.744705,posted-ondemand,,291084771.07499500635046853396
2025-07-06,aws-ondemand,A100-80GB,3.430881,posted-ondemand,,291084771.07499500635046853396
2025-07-06,aws-ondemand,B200,14.2416,posted-ondemand,,291084771.07499500635046853396
2025-07-06,aws-ondemand,H100-80GB,6.88,posted-ondemand,,291084771.07499500635046853396
2025-07-06,aws-ondemand,H200,7.912,posted-ondemand,,291084771.07499500635046853396
2025-07-07,aws-ondemand,A100-40GB,2.744705,posted-ondemand,,286692956.9115027885019495943
2025-07-07,aws-ondemand,A100-80GB,3.430881,posted-ondemand,,286692956.9115027885019495943
2025-07-07,aws-ondemand,B200,14.2416,posted-ondemand,,286692956.9115027885019495943
2025-07-07,aws-ondemand,H100-80GB,6.88,posted-ondemand,,286692956.9115027885019495943
2025-07-07,aws-ondemand,H200,7.912,posted-ondemand,,286692956.9115027885019495943
2025-07-08,aws-ondemand,A100-40GB,2.744705,posted-ondemand,,290966930.1536692490195828642
2025-07-08,aws-ondemand,A100-80GB,3.430881,posted-ondemand,,290966930.1536692490195828642
2025-07-08,aws-ondemand,B200,14.2416,posted-ondemand,,290966930.1536692490195828642
2025-07-08,aws-ondemand,H100-80GB,6.88,posted-ondemand,,290966930.1536692490195828642
2025-07-08,aws-ondemand,H200,7.912,posted-ondemand,,290966930.1536692490195828642
2025-07-09,aws-ondemand,A100-40GB,2.744705,posted-ondemand,,307332553.020112687932582167
2025-07-09,aws-ondemand,A100-80GB,3.430881,posted-ondemand,,307332553.020112687932582167
2025-07-09,aws-ondemand,B200,14.2416,posted-ondemand,,307332553.020112687932582167
2025-07-09,aws-ondemand,H100-80GB,6.88,posted-ondemand,,307332553.020112687932582167
2025-07-09,aws-ondemand,H200,7.912,posted-ondemand,,307332553.020112687932582167
2025-07-10,aws-ondemand,A100-40GB,2.744705,posted-ondemand,,332186867.78240753262885792264
2025-07-10,aws-ondemand,A100-80GB,3.430881,posted-ondemand,,332186867.78240753262885792264
2025-07-10,aws-ondemand,B200,14.2416,posted-ondemand,,332186867.78240753262885792264
2025-07-10,aws-ondemand,H100-80GB,6.88,posted-ondemand,,332186867.78240753262885792264
2025-07-10,aws-ondemand,H200,7.912,posted-ondemand,,332186867.78240753262885792264
2025-07-11,aws-ondemand,A100-40GB,2.744705,posted-ondemand,,328826150.11969387203206940744
2025-07-11,aws-ondemand,A100-80GB,3.430881,posted-ondemand,,328826150.11969387203206940744
2025-07-11,aws-ondemand,B200,14.2416,posted-ondemand,,328826150.11969387203206940744
2025-07-11,aws-ondemand,H100-80GB,6.88,posted-ondemand,,328826150.11969387203206940744
2025-07-11,aws-ondemand,H200,7.912,posted-ondemand,,328826150.11969387203206940744
2025-07-12,aws-ondemand,A100-40GB,2.744705,posted-ondemand,,357149146.23035917491722375856
2025-07-12,aws-ondemand,A100-80GB,3.430881,posted-ondemand,,357149146.23035917491722375856
2025-07-12,aws-ondemand,B200,14.2416,posted-ondemand,,357149146.23035917491722375856
2025-07-12,aws-ondemand,H100-80GB,6.88,posted-ondemand,,357149146.23035917491722375856
2025-07-12,aws-ondemand,H200,7.912,posted-ondemand,,357149146.23035917491722375856
2025-07-13,aws-ondemand,A100-40GB,2.744705,posted-ondemand,,370415154.5394097937247198438
2025-07-13,aws-ondemand,A100-80GB,3.430881,posted-ondemand,,370415154.5394097937247198438
2025-07-13,aws-ondemand,B200,14.2416,posted-ondemand,,370415154.5394097937247198438
2025-07-13,aws-ondemand,H100-80GB,6.88,posted-ondemand,,370415154.5394097937247198438
2025-07-13,aws-ondemand,H200,7.912,posted-ondemand,,370415154.5394097937247198438
2025-07-14,aws-ondemand,A100-40GB,2.744705,posted-ondemand,,377175712.51072250379321264412
2025-07-14,aws-ondemand,A100-80GB,3.430881,posted-ondemand,,377175712.51072250379321264412
2025-07-14,aws-ondemand,B200,14.2416,posted-ondemand,,377175712.51072250379321264412
2025-07-14,aws-ondemand,H100-80GB,6.88,posted-ondemand,,377175712.51072250379321264412
2025-07-14,aws-ondemand,H200,7.912,posted-ondemand,,377175712.51072250379321264412
2025-07-15,aws-ondemand,A100-40GB,2.744705,posted-ondemand,,379966722.41630035325879921988
2025-07-15,aws-ondemand,A100-80GB,3.430881,posted-ondemand,,379966722.41630035325879921988
2025-07-15,aws-ondemand,B200,14.2416,posted-ondemand,,379966722.41630035325879921988
2025-07-15,aws-ondemand,H100-80GB,6.88,posted-ondemand,,379966722.41630035325879921988
2025-07-15,aws-ondemand,H200,7.912,posted-ondemand,,379966722.41630035325879921988
2025-07-16,aws-ondemand,A100-40GB,2.744705,posted-ondemand,,383188583.69427078064764633364
2025-07-16,aws-ondemand,A100-80GB,3.430881,posted-ondemand,,383188583.69427078064764633364
2025-07-16,aws-ondemand,B200,14.2416,posted-ondemand,,383188583.69427078064764633364
2025-07-16,aws-ondemand,H100-80GB,6.88,posted-ondemand,,383188583.69427078064764633364
2025-07-16,aws-ondemand,H200,7.912,posted-ondemand,,383188583.69427078064764633364
2025-07-17,aws-ondemand,A100-40GB,2.744705,posted-ondemand,,379964285.16847299108649061236
2025-07-17,aws-ondemand,A100-80GB,3.430881,posted-ondemand,,379964285.16847299108649061236
2025-07-17,aws-ondemand,B200,14.2416,posted-ondemand,,379964285.16847299108649061236
2025-07-17,aws-ondemand,H100-80GB,6.88,posted-ondemand,,379964285.16847299108649061236
2025-07-17,aws-ondemand,H200,7.912,posted-ondemand,,379964285.16847299108649061236
2025-07-18,aws-ondemand,A100-40GB,2.744705,posted-ondemand,,375791911.0391054002760062902
2025-07-18,aws-ondemand,A100-80GB,3.430881,posted-ondemand,,375791911.0391054002760062902
2025-07-18,aws-ondemand,B200,14.2416,posted-ondemand,,375791911.0391054002760062902
2025-07-18,aws-ondemand,H100-80GB,6.88,posted-ondemand,,375791911.0391054002760062902
2025-07-18,aws-ondemand,H200,7.912,posted-ondemand,,375791911.0391054002760062902
2025-07-19,aws-ondemand,A100-40GB,2.744705,posted-ondemand,,377851613.03408492100586525484
2025-07-19,aws-ondemand,A100-80GB,3.430881,posted-ondemand,,377851613.03408492100586525484
2025-07-19,aws-ondemand,B200,14.2416,posted-ondemand,,377851613.03408492100586525484
2025-07-19,aws-ondemand,H100-80GB,6.88,posted-ondemand,,377851613.03408492100586525484
2025-07-19,aws-ondemand,H200,7.912,posted-ondemand,,377851613.03408492100586525484
2025-07-20,aws-ondemand,A100-40GB,2.744705,posted-ondemand,,410597141.30476251754318219364
2025-07-20,aws-ondemand,A100-80GB,3.430881,posted-ondemand,,410597141.30476251754318219364
2025-07-20,aws-ondemand,B200,14.2416,posted-ondemand,,410597141.30476251754318219364
2025-07-20,aws-ondemand,H100-80GB,6.88,posted-ondemand,,410597141.30476251754318219364
2025-07-20,aws-ondemand,H200,7.912,posted-ondemand,,410597141.30476251754318219364
2025-07-21,aws-ondemand,A100-40GB,2.744705,posted-ondemand,,422388119.32859902735003124196
2025-07-21,aws-ondemand,A100-80GB,3.430881,posted-ondemand,,422388119.32859902735003124196
2025-07-21,aws-ondemand,B200,14.2416,posted-ondemand,,422388119.32859902735003124196
2025-07-21,aws-ondemand,H100-80GB,6.88,posted-ondemand,,422388119.32859902735003124196
2025-07-21,aws-ondemand,H200,7.912,posted-ondemand,,422388119.32859902735003124196
2025-07-22,aws-ondemand,A100-40GB,2.744705,posted-ondemand,,410486065.72467515101446476456
2025-07-22,aws-ondemand,A100-80GB,3.430881,posted-ondemand,,410486065.72467515101446476456
2025-07-22,aws-ondemand,B200,14.2416,posted-ondemand,,410486065.72467515101446476456
2025-07-22,aws-ondemand,H100-80GB,6.88,posted-ondemand,,410486065.72467515101446476456
2025-07-22,aws-ondemand,H200,7.912,posted-ondemand,,410486065.72467515101446476456
2025-07-23,aws-ondemand,A100-40GB,2.744705,posted-ondemand,,375970810.46466381872969895408
2025-07-23,aws-ondemand,A100-80GB,3.430881,posted-ondemand,,375970810.46466381872969895408
2025-07-23,aws-ondemand,B200,14.2416,posted-ondemand,,375970810.46466381872969895408
2025-07-23,aws-ondemand,H100-80GB,6.88,posted-ondemand,,375970810.46466381872969895408
2025-07-23,aws-ondemand,H200,7.912,posted-ondemand,,375970810.46466381872969895408
2025-07-24,aws-ondemand,A100-40GB,2.744705,posted-ondemand,,371367284.40089014639083550948
2025-07-24,aws-ondemand,A100-80GB,3.430881,posted-ondemand,,371367284.40089014639083550948
2025-07-24,aws-ondemand,B200,14.2416,posted-ondemand,,371367284.40089014639083550948
2025-07-24,aws-ondemand,H100-80GB,6.88,posted-ondemand,,371367284.40089014639083550948
2025-07-24,aws-ondemand,H200,7.912,posted-ondemand,,371367284.40089014639083550948
2025-07-25,aws-ondemand,A100-40GB,2.744705,posted-ondemand,,374476426.76303404900644551384
2025-07-25,aws-ondemand,A100-80GB,3.430881,posted-ondemand,,374476426.76303404900644551384
2025-07-25,aws-ondemand,B200,14.2416,posted-ondemand,,374476426.76303404900644551384
2025-07-25,aws-ondemand,H100-80GB,6.88,posted-ondemand,,374476426.76303404900644551384
2025-07-25,aws-ondemand,H200,7.912,posted-ondemand,,374476426.76303404900644551384
2025-07-26,aws-ondemand,A100-40GB,2.744705,posted-ondemand,,378601016.0276941625935140016
2025-07-26,aws-ondemand,A100-80GB,3.430881,posted-ondemand,,378601016.0276941625935140016
2025-07-26,aws-ondemand,B200,14.2416,posted-ondemand,,378601016.0276941625935140016
2025-07-26,aws-ondemand,H100-80GB,6.88,posted-ondemand,,378601016.0276941625935140016
2025-07-26,aws-ondemand,H200,7.912,posted-ondemand,,378601016.0276941625935140016
2025-07-27,aws-ondemand,A100-40GB,2.744705,posted-ondemand,,391545552.69100537329729881744
2025-07-27,aws-ondemand,A100-80GB,3.430881,posted-ondemand,,391545552.69100537329729881744
2025-07-27,aws-ondemand,B200,14.2416,posted-ondemand,,391545552.69100537329729881744
2025-07-27,aws-ondemand,H100-80GB,6.88,posted-ondemand,,391545552.69100537329729881744
2025-07-27,aws-ondemand,H200,7.912,posted-ondemand,,391545552.69100537329729881744
2025-07-28,aws-ondemand,A100-40GB,2.744705,posted-ondemand,,360876735.02765100885393475836
2025-07-28,aws-ondemand,A100-80GB,3.430881,posted-ondemand,,360876735.02765100885393475836
2025-07-28,aws-ondemand,B200,14.2416,posted-ondemand,,360876735.02765100885393475836
2025-07-28,aws-ondemand,H100-80GB,6.88,posted-ondemand,,360876735.02765100885393475836
2025-07-28,aws-ondemand,H200,7.912,posted-ondemand,,360876735.02765100885393475836
2025-07-29,aws-ondemand,A100-40GB,2.744705,posted-ondemand,,357738078.4378488569085833232
2025-07-29,aws-ondemand,A100-80GB,3.430881,posted-ondemand,,357738078.4378488569085833232
2025-07-29,aws-ondemand,B200,14.2416,posted-ondemand,,357738078.4378488569085833232
2025-07-29,aws-ondemand,H100-80GB,6.88,posted-ondemand,,357738078.4378488569085833232
2025-07-29,aws-ondemand,H200,7.912,posted-ondemand,,357738078.4378488569085833232
2025-07-30,aws-ondemand,A100-40GB,2.744705,posted-ondemand,,344685158.898383039938452468
2025-07-30,aws-ondemand,A100-80GB,3.430881,posted-ondemand,,344685158.898383039938452468
2025-07-30,aws-ondemand,B200,14.2416,posted-ondemand,,344685158.898383039938452468
2025-07-30,aws-ondemand,H100-80GB,6.88,posted-ondemand,,344685158.898383039938452468
2025-07-30,aws-ondemand,H200,7.912,posted-ondemand,,344685158.898383039938452468
2025-07-31,aws-ondemand,A100-40GB,2.744705,posted-ondemand,,331792584.16018091871613045024
2025-07-31,aws-ondemand,A100-80GB,3.430881,posted-ondemand,,331792584.16018091871613045024
2025-07-31,aws-ondemand,B200,14.2416,posted-ondemand,,331792584.16018091871613045024
2025-07-31,aws-ondemand,H100-80GB,6.88,posted-ondemand,,331792584.16018091871613045024
2025-07-31,aws-ondemand,H200,7.912,posted-ondemand,,331792584.16018091871613045024
2025-08-01,aws-ondemand,A100-40GB,2.744705,posted-ondemand,,321939945.33186509766432555392
2025-08-01,aws-ondemand,A100-80GB,3.430881,posted-ondemand,,321939945.33186509766432555392
2025-08-01,aws-ondemand,B200,14.2416,posted-ondemand,,321939945.33186509766432555392
2025-08-01,aws-ondemand,H100-80GB,6.88,posted-ondemand,,321939945.33186509766432555392
2025-08-01,aws-ondemand,H200,7.912,posted-ondemand,,321939945.33186509766432555392
2025-08-02,aws-ondemand,A100-40GB,2.744705,posted-ondemand,,312517260.89962065141775922928
2025-08-02,aws-ondemand,A100-80GB,3.430881,posted-ondemand,,312517260.89962065141775922928
2025-08-02,aws-ondemand,B200,14.2416,posted-ondemand,,312517260.89962065141775922928
2025-08-02,aws-ondemand,H100-80GB,6.88,posted-ondemand,,312517260.89962065141775922928
2025-08-02,aws-ondemand,H200,7.912,posted-ondemand,,312517260.89962065141775922928
2025-08-03,aws-ondemand,A100-40GB,2.744705,posted-ondemand,,324317173.14805713235882265744
2025-08-03,aws-ondemand,A100-80GB,3.430881,posted-ondemand,,324317173.14805713235882265744
2025-08-03,aws-ondemand,B200,14.2416,posted-ondemand,,324317173.14805713235882265744
2025-08-03,aws-ondemand,H100-80GB,6.88,posted-ondemand,,324317173.14805713235882265744
2025-08-03,aws-ondemand,H200,7.912,posted-ondemand,,324317173.14805713235882265744
2025-08-04,aws-ondemand,A100-40GB,2.744705,posted-ondemand,,332565264.78165826416456825056
2025-08-04,aws-ondemand,A100-80GB,3.430881,posted-ondemand,,332565264.78165826416456825056
2025-08-04,aws-ondemand,B200,14.2416,posted-ondemand,,332565264.78165826416456825056
2025-08-04,aws-ondemand,H100-80GB,6.88,posted-ondemand,,332565264.78165826416456825056
2025-08-04,aws-ondemand,H200,7.912,posted-ondemand,,332565264.78165826416456825056
2025-08-05,aws-ondemand,A100-40GB,2.744705,posted-ondemand,,316950322.24418774458412148944
2025-08-05,aws-ondemand,A100-80GB,3.430881,posted-ondemand,,316950322.24418774458412148944
2025-08-05,aws-ondemand,B200,14.2416,posted-ondemand,,316950322.24418774458412148944
2025-08-05,aws-ondemand,H100-80GB,6.88,posted-ondemand,,316950322.24418774458412148944
2025-08-05,aws-ondemand,H200,7.912,posted-ondemand,,316950322.24418774458412148944
2025-08-06,aws-ondemand,A100-40GB,2.744705,posted-ondemand,,320044189.53408799799499740784
2025-08-06,aws-ondemand,A100-80GB,3.430881,posted-ondemand,,320044189.53408799799499740784
2025-08-06,aws-ondemand,B200,14.2416,posted-ondemand,,320044189.53408799799499740784
2025-08-06,aws-ondemand,H100-80GB,6.88,posted-ondemand,,320044189.53408799799499740784
2025-08-06,aws-ondemand,H200,7.912,posted-ondemand,,320044189.53408799799499740784
2025-08-07,aws-ondemand,A100-40GB,2.744705,posted-ondemand,,331549856.99566431202974084896
2025-08-07,aws-ondemand,A100-80GB,3.430881,posted-ondemand,,331549856.99566431202974084896
2025-08-07,aws-ondemand,B200,14.2416,posted-ondemand,,331549856.99566431202974084896
2025-08-07,aws-ondemand,H100-80GB,6.88,posted-ondemand,,331549856.99566431202974084896
2025-08-07,aws-ondemand,H200,7.912,posted-ondemand,,331549856.99566431202974084896
2025-08-08,aws-ondemand,A100-40GB,2.744705,posted-ondemand,,351100690.24289578404676919216
2025-08-08,aws-ondemand,A100-80GB,3.430881,posted-ondemand,,351100690.24289578404676919216
2025-08-08,aws-ondemand,B200,14.2416,posted-ondemand,,351100690.24289578404676919216
2025-08-08,aws-ondemand,H100-80GB,6.88,posted-ondemand,,351100690.24289578404676919216
2025-08-08,aws-ondemand,H200,7.912,posted-ondemand,,351100690.24289578404676919216
2025-08-09,aws-ondemand,A100-40GB,2.744705,posted-ondemand,,357070151.98407896491754088904
2025-08-09,aws-ondemand,A100-80GB,3.430881,posted-ondemand,,357070151.98407896491754088904
2025-08-09,aws-ondemand,B200,14.2416,posted-ondemand,,357070151.98407896491754088904
2025-08-09,aws-ondemand,H100-80GB,6.88,posted-ondemand,,357070151.98407896491754088904
2025-08-09,aws-ondemand,H200,7.912,posted-ondemand,,357070151.98407896491754088904
2025-08-10,aws-ondemand,A100-40GB,2.744705,posted-ondemand,,354178893.0589110384664048839
2025-08-10,aws-ondemand,A100-80GB,3.430881,posted-ondemand,,354178893.0589110384664048839
2025-08-10,aws-ondemand,B200,14.2416,posted-ondemand,,354178893.0589110384664048839
2025-08-10,aws-ondemand,H100-80GB,6.88,posted-ondemand,,354178893.0589110384664048839
2025-08-10,aws-ondemand,H200,7.912,posted-ondemand,,354178893.0589110384664048839
2025-08-11,aws-ondemand,A100-40GB,2.744705,posted-ondemand,,343746042.61592867388870346326
2025-08-11,aws-ondemand,A100-80GB,3.430881,posted-ondemand,,343746042.61592867388870346326
2025-08-11,aws-ondemand,B200,14.2416,posted-ondemand,,343746042.61592867388870346326
2025-08-11,aws-ondemand,H100-80GB,6.88,posted-ondemand,,343746042.61592867388870346326
2025-08-11,aws-ondemand,H200,7.912,posted-ondemand,,343746042.61592867388870346326
2025-08-12,aws-ondemand,A100-40GB,2.744705,posted-ondemand,,357329089.2318449731963160159
2025-08-12,aws-ondemand,A100-80GB,3.430881,posted-ondemand,,357329089.2318449731963160159
2025-08-12,aws-ondemand,B200,14.2416,posted-ondemand,,357329089.2318449731963160159
2025-08-12,aws-ondemand,H100-80GB,6.88,posted-ondemand,,357329089.2318449731963160159
2025-08-12,aws-ondemand,H200,7.912,posted-ondemand,,357329089.2318449731963160159
2025-08-13,aws-ondemand,A100-40GB,2.744705,posted-ondemand,,371496329.14362442919548391656
2025-08-13,aws-ondemand,A100-80GB,3.430881,posted-ondemand,,371496329.14362442919548391656
2025-08-13,aws-ondemand,B200,14.2416,posted-ondemand,,371496329.14362442919548391656
2025-08-13,aws-ondemand,H100-80GB,6.88,posted-ondemand,,371496329.14362442919548391656
2025-08-13,aws-ondemand,H200,7.912,posted-ondemand,,371496329.14362442919548391656
2025-08-14,aws-ondemand,A100-40GB,2.744705,posted-ondemand,,359018791.42122649288507762242
2025-08-14,aws-ondemand,A100-80GB,3.430881,posted-ondemand,,359018791.42122649288507762242
2025-08-14,aws-ondemand,B200,14.2416,posted-ondemand,,359018791.42122649288507762242
2025-08-14,aws-ondemand,H100-80GB,6.88,posted-ondemand,,359018791.42122649288507762242
2025-08-14,aws-ondemand,H200,7.912,posted-ondemand,,359018791.42122649288507762242
2025-08-15,aws-ondemand,A100-40GB,2.744705,posted-ondemand,,355329568.57024664306465910416
2025-08-15,aws-ondemand,A100-80GB,3.430881,posted-ondemand,,355329568.57024664306465910416
2025-08-15,aws-ondemand,B200,14.2416,posted-ondemand,,355329568.57024664306465910416
2025-08-15,aws-ondemand,H100-80GB,6.88,posted-ondemand,,355329568.57024664306465910416
2025-08-15,aws-ondemand,H200,7.912,posted-ondemand,,355329568.57024664306465910416
2025-08-16,aws-ondemand,A100-40GB,2.744705,posted-ondemand,,361986608.17790073137867662572
2025-08-16,aws-ondemand,A100-80GB,3.430881,posted-ondemand,,361986608.17790073137867662572
2025-08-16,aws-ondemand,B200,14.2416,posted-ondemand,,361986608.17790073137867662572
2025-08-16,aws-ondemand,H100-80GB,6.88,posted-ondemand,,361986608.17790073137867662572
2025-08-16,aws-ondemand,H200,7.912,posted-ondemand,,361986608.17790073137867662572
2025-08-17,aws-ondemand,A100-40GB,2.744705,posted-ondemand,,363220871.6598935182160611427
2025-08-17,aws-ondemand,A100-80GB,3.430881,posted-ondemand,,363220871.6598935182160611427
2025-08-17,aws-ondemand,B200,14.2416,posted-ondemand,,363220871.6598935182160611427
2025-08-17,aws-ondemand,H100-80GB,6.88,posted-ondemand,,363220871.6598935182160611427
2025-08-17,aws-ondemand,H200,7.912,posted-ondemand,,363220871.6598935182160611427
2025-08-18,aws-ondemand,A100-40GB,2.744705,posted-ondemand,,344022490.08987979967940985092
2025-08-18,aws-ondemand,A100-80GB,3.430881,posted-ondemand,,344022490.08987979967940985092
2025-08-18,aws-ondemand,B200,14.2416,posted-ondemand,,344022490.08987979967940985092
2025-08-18,aws-ondemand,H100-80GB,6.88,posted-ondemand,,344022490.08987979967940985092
2025-08-18,aws-ondemand,H200,7.912,posted-ondemand,,344022490.08987979967940985092
2025-08-19,aws-ondemand,A100-40GB,2.744705,posted-ondemand,,323653724.54848637299291146432
2025-08-19,aws-ondemand,A100-80GB,3.430881,posted-ondemand,,323653724.54848637299291146432
2025-08-19,aws-ondemand,B200,14.2416,posted-ondemand,,323653724.54848637299291146432
2025-08-19,aws-ondemand,H100-80GB,6.88,posted-ondemand,,323653724.54848637299291146432
2025-08-19,aws-ondemand,H200,7.912,posted-ondemand,,323653724.54848637299291146432
2025-08-20,aws-ondemand,A100-40GB,2.744705,posted-ondemand,,338447657.09225067322685760018
2025-08-20,aws-ondemand,A100-80GB,3.430881,posted-ondemand,,338447657.09225067322685760018
2025-08-20,aws-ondemand,B200,14.2416,posted-ondemand,,338447657.09225067322685760018
2025-08-20,aws-ondemand,H100-80GB,6.88,posted-ondemand,,338447657.09225067322685760018
2025-08-20,aws-ondemand,H200,7.912,posted-ondemand,,338447657.09225067322685760018
2025-08-21,aws-ondemand,A100-40GB,2.744705,posted-ondemand,,323006705.7319402554858863175
2025-08-21,aws-ondemand,A100-80GB,3.430881,posted-ondemand,,323006705.7319402554858863175
2025-08-21,aws-ondemand,B200,14.2416,posted-ondemand,,323006705.7319402554858863175
2025-08-21,aws-ondemand,H100-80GB,6.88,posted-ondemand,,323006705.7319402554858863175
2025-08-21,aws-ondemand,H200,7.912,posted-ondemand,,323006705.7319402554858863175
2025-08-22,aws-ondemand,A100-40GB,2.744705,posted-ondemand,,341589122.72736265012042048812
2025-08-22,aws-ondemand,A100-80GB,3.430881,posted-ondemand,,341589122.72736265012042048812
2025-08-22,aws-ondemand,B200,14.2416,posted-ondemand,,341589122.72736265012042048812
2025-08-22,aws-ondemand,H100-80GB,6.88,posted-ondemand,,341589122.72736265012042048812
2025-08-22,aws-ondemand,H200,7.912,posted-ondemand,,341589122.72736265012042048812
2025-08-23,aws-ondemand,A100-40GB,2.744705,posted-ondemand,,335376362.23403564644029560022
2025-08-23,aws-ondemand,A100-80GB,3.430881,posted-ondemand,,335376362.23403564644029560022
2025-08-23,aws-ondemand,B200,14.2416,posted-ondemand,,335376362.23403564644029560022
2025-08-23,aws-ondemand,H100-80GB,6.88,posted-ondemand,,335376362.23403564644029560022
2025-08-23,aws-ondemand,H200,7.912,posted-ondemand,,335376362.23403564644029560022
2025-08-24,aws-ondemand,A100-40GB,2.744705,posted-ondemand,,330800145.80323504558165780626
2025-08-24,aws-ondemand,A100-80GB,3.430881,posted-ondemand,,330800145.80323504558165780626
2025-08-24,aws-ondemand,B200,14.2416,posted-ondemand,,330800145.80323504558165780626
2025-08-24,aws-ondemand,H100-80GB,6.88,posted-ondemand,,330800145.80323504558165780626
2025-08-24,aws-ondemand,H200,7.912,posted-ondemand,,330800145.80323504558165780626
2025-08-25,aws-ondemand,A100-40GB,2.744705,posted-ondemand,,305959899.71447996633631551003
2025-08-25,aws-ondemand,A100-80GB,3.430881,posted-ondemand,,305959899.71447996633631551003
2025-08-25,aws-ondemand,B200,14.2416,posted-ondemand,,305959899.71447996633631551003
2025-08-25,aws-ondemand,H100-80GB,6.88,posted-ondemand,,305959899.71447996633631551003
2025-08-25,aws-ondemand,H200,7.912,posted-ondemand,,305959899.71447996633631551003
2025-08-26,aws-ondemand,A100-40GB,2.744705,posted-ondemand,,321196287.51539568623744202752
2025-08-26,aws-ondemand,A100-80GB,3.430881,posted-ondemand,,321196287.51539568623744202752
2025-08-26,aws-ondemand,B200,14.2416,posted-ondemand,,321196287.51539568623744202752
2025-08-26,aws-ondemand,H100-80GB,6.88,posted-ondemand,,321196287.51539568623744202752
2025-08-26,aws-ondemand,H200,7.912,posted-ondemand,,321196287.51539568623744202752
2025-08-27,aws-ondemand,A100-40GB,2.744705,posted-ondemand,,330084399.17050176116771774268
2025-08-27,aws-ondemand,A100-80GB,3.430881,posted-ondemand,,330084399.17050176116771774268
2025-08-27,aws-ondemand,B200,14.2416,posted-ondemand,,330084399.17050176116771774268
2025-08-27,aws-ondemand,H100-80GB,6.88,posted-ondemand,,330084399.17050176116771774268
2025-08-27,aws-ondemand,H200,7.912,posted-ondemand,,330084399.17050176116771774268
2025-08-28,aws-ondemand,A100-40GB,2.744705,posted-ondemand,,335247929.93256050156794636539
2025-08-28,aws-ondemand,A100-80GB,3.430881,posted-ondemand,,335247929.93256050156794636539
2025-08-28,aws-ondemand,B200,14.2416,posted-ondemand,,335247929.93256050156794636539
2025-08-28,aws-ondemand,H100-80GB,6.88,posted-ondemand,,335247929.93256050156794636539
2025-08-28,aws-ondemand,H200,7.912,posted-ondemand,,335247929.93256050156794636539
2025-08-29,aws-ondemand,A100-40GB,2.744705,posted-ondemand,,315598119.80162802373632378563
2025-08-29,aws-ondemand,A100-80GB,3.430881,posted-ondemand,,315598119.80162802373632378563
2025-08-29,aws-ondemand,B200,14.2416,posted-ondemand,,315598119.80162802373632378563
2025-08-29,aws-ondemand,H100-80GB,6.88,posted-ondemand,,315598119.80162802373632378563
2025-08-29,aws-ondemand,H200,7.912,posted-ondemand,,315598119.80162802373632378563
2025-08-30,aws-ondemand,A100-40GB,2.744705,posted-ondemand,,325684276.28514450181857997896
2025-08-30,aws-ondemand,A100-80GB,3.430881,posted-ondemand,,325684276.28514450181857997896
2025-08-30,aws-ondemand,B200,14.2416,posted-ondemand,,325684276.28514450181857997896
2025-08-30,aws-ondemand,H100-80GB,6.88,posted-ondemand,,325684276.28514450181857997896
2025-08-30,aws-ondemand,H200,7.912,posted-ondemand,,325684276.28514450181857997896
2025-08-31,aws-ondemand,A100-40GB,2.744705,posted-ondemand,,318383877.64231955120960238064
2025-08-31,aws-ondemand,A100-80GB,3.430881,posted-ondemand,,318383877.64231955120960238064
2025-08-31,aws-ondemand,B200,14.2416,posted-ondemand,,318383877.64231955120960238064
2025-08-31,aws-ondemand,H100-80GB,6.88,posted-ondemand,,318383877.64231955120960238064
2025-08-31,aws-ondemand,H200,7.912,posted-ondemand,,318383877.64231955120960238064
2025-09-01,aws-ondemand,A100-40GB,2.744705,posted-ondemand,,301905508.67612415426667578993
2025-09-01,aws-ondemand,A100-80GB,3.430881,posted-ondemand,,301905508.67612415426667578993
2025-09-01,aws-ondemand,B200,14.2416,posted-ondemand,,301905508.67612415426667578993
2025-09-01,aws-ondemand,H100-80GB,6.88,posted-ondemand,,301905508.67612415426667578993
2025-09-01,aws-ondemand,H200,7.912,posted-ondemand,,301905508.67612415426667578993
2025-09-02,aws-ondemand,A100-40GB,2.744705,posted-ondemand,,307639473.7204915444311634056
2025-09-02,aws-ondemand,A100-80GB,3.430881,posted-ondemand,,307639473.7204915444311634056
2025-09-02,aws-ondemand,B200,14.2416,posted-ondemand,,307639473.7204915444311634056
2025-09-02,aws-ondemand,H100-80GB,6.88,posted-ondemand,,307639473.7204915444311634056
2025-09-02,aws-ondemand,H200,7.912,posted-ondemand,,307639473.7204915444311634056
2025-09-03,aws-ondemand,A100-40GB,2.744705,posted-ondemand,,310502577.15582343673049927702
2025-09-03,aws-ondemand,A100-80GB,3.430881,posted-ondemand,,310502577.15582343673049927702
2025-09-03,aws-ondemand,B200,14.2416,posted-ondemand,,310502577.15582343673049927702
2025-09-03,aws-ondemand,H100-80GB,6.88,posted-ondemand,,310502577.15582343673049927702
2025-09-03,aws-ondemand,H200,7.912,posted-ondemand,,310502577.15582343673049927702
2025-09-04,aws-ondemand,A100-40GB,2.744705,posted-ondemand,,300859029.68355686950475261505
2025-09-04,aws-ondemand,A100-80GB,3.430881,posted-ondemand,,300859029.68355686950475261505
2025-09-04,aws-ondemand,B200,14.2416,posted-ondemand,,300859029.68355686950475261505
2025-09-04,aws-ondemand,H100-80GB,6.88,posted-ondemand,,300859029.68355686950475261505
2025-09-04,aws-ondemand,H200,7.912,posted-ondemand,,300859029.68355686950475261505
2025-09-05,aws-ondemand,A100-40GB,2.744705,posted-ondemand,,308418362.29885358640737022417
2025-09-05,aws-ondemand,A100-80GB,3.430881,posted-ondemand,,308418362.29885358640737022417
2025-09-05,aws-ondemand,B200,14.2416,posted-ondemand,,308418362.29885358640737022417
2025-09-05,aws-ondemand,H100-80GB,6.88,posted-ondemand,,308418362.29885358640737022417
2025-09-05,aws-ondemand,H200,7.912,posted-ondemand,,308418362.29885358640737022417
2025-09-06,aws-ondemand,A100-40GB,2.744705,posted-ondemand,,302379845.79437731794780843098
2025-09-06,aws-ondemand,A100-80GB,3.430881,posted-ondemand,,302379845.79437731794780843098
2025-09-06,aws-ondemand,B200,14.2416,posted-ondemand,,302379845.79437731794780843098
2025-09-06,aws-ondemand,H100-80GB,6.88,posted-ondemand,,302379845.79437731794780843098
2025-09-06,aws-ondemand,H200,7.912,posted-ondemand,,302379845.79437731794780843098
2025-09-07,aws-ondemand,A100-40GB,2.744705,posted-ondemand,,303976195.53326623121976533965
2025-09-07,aws-ondemand,A100-80GB,3.430881,posted-ondemand,,303976195.53326623121976533965
2025-09-07,aws-ondemand,B200,14.2416,posted-ondemand,,303976195.53326623121976533965
2025-09-07,aws-ondemand,H100-80GB,6.88,posted-ondemand,,303976195.53326623121976533965
2025-09-07,aws-ondemand,H200,7.912,posted-ondemand,,303976195.53326623121976533965
2025-09-08,aws-ondemand,A100-40GB,2.744705,posted-ondemand,,320698269.65400828075888505518
2025-09-08,aws-ondemand,A100-80GB,3.430881,posted-ondemand,,320698269.65400828075888505518
2025-09-08,aws-ondemand,B200,14.2416,posted-ondemand,,320698269.65400828075888505518
2025-09-08,aws-ondemand,H100-80GB,6.88,posted-ondemand,,320698269.65400828075888505518
2025-09-08,aws-ondemand,H200,7.912,posted-ondemand,,320698269.65400828075888505518
2025-09-09,aws-ondemand,A100-40GB,2.744705,posted-ondemand,,319027724.68406397172261500667
2025-09-09,aws-ondemand,A100-80GB,3.430881,posted-ondemand,,319027724.68406397172261500667
2025-09-09,aws-ondemand,B200,14.2416,posted-ondemand,,319027724.68406397172261500667
2025-09-09,aws-ondemand,H100-80GB,6.88,posted-ondemand,,319027724.68406397172261500667
2025-09-09,aws-ondemand,H200,7.912,posted-ondemand,,319027724.68406397172261500667
2025-09-10,aws-ondemand,A100-40GB,2.744705,posted-ondemand,,324706585.18456508971364682198
2025-09-10,aws-ondemand,A100-80GB,3.430881,posted-ondemand,,324706585.18456508971364682198
2025-09-10,aws-ondemand,B200,14.2416,posted-ondemand,,324706585.18456508971364682198
2025-09-10,aws-ondemand,H100-80GB,6.88,posted-ondemand,,324706585.18456508971364682198
2025-09-10,aws-ondemand,H200,7.912,posted-ondemand,,324706585.18456508971364682198
2025-09-11,aws-ondemand,A100-40GB,2.744705,posted-ondemand,,330950015.5826647787950204488
2025-09-11,aws-ondemand,A100-80GB,3.430881,posted-ondemand,,330950015.5826647787950204488
2025-09-11,aws-ondemand,B200,14.2416,posted-ondemand,,330950015.5826647787950204488
2025-09-11,aws-ondemand,H100-80GB,6.88,posted-ondemand,,330950015.5826647787950204488
2025-09-11,aws-ondemand,H200,7.912,posted-ondemand,,330950015.5826647787950204488
2025-09-12,aws-ondemand,A100-40GB,2.744705,posted-ondemand,,336583382.80308341047560116304
2025-09-12,aws-ondemand,A100-80GB,3.430881,posted-ondemand,,336583382.80308341047560116304
2025-09-12,aws-ondemand,B200,14.2416,posted-ondemand,,336583382.80308341047560116304
2025-09-12,aws-ondemand,H100-80GB,6.88,posted-ondemand,,336583382.80308341047560116304
2025-09-12,aws-ondemand,H200,7.912,posted-ondemand,,336583382.80308341047560116304
2025-09-13,aws-ondemand,A100-40GB,2.744705,posted-ondemand,,337586721.79563332949883957605
2025-09-13,aws-ondemand,A100-80GB,3.430881,posted-ondemand,,337586721.79563332949883957605
2025-09-13,aws-ondemand,B200,14.2416,posted-ondemand,,337586721.79563332949883957605
2025-09-13,aws-ondemand,H100-80GB,6.88,posted-ondemand,,337586721.79563332949883957605
2025-09-13,aws-ondemand,H200,7.912,posted-ondemand,,337586721.79563332949883957605
2025-09-14,aws-ondemand,A100-40GB,2.744705,posted-ondemand,,326183467.83388798436522990925
2025-09-14,aws-ondemand,A100-80GB,3.430881,posted-ondemand,,326183467.83388798436522990925
2025-09-14,aws-ondemand,B200,14.2416,posted-ondemand,,326183467.83388798436522990925
2025-09-14,aws-ondemand,H100-80GB,6.88,posted-ondemand,,326183467.83388798436522990925
2025-09-14,aws-ondemand,H200,7.912,posted-ondemand,,326183467.83388798436522990925
2025-09-15,aws-ondemand,A100-40GB,2.744705,posted-ondemand,,319195496.12994619456577321964
2025-09-15,aws-ondemand,A100-80GB,3.430881,posted-ondemand,,319195496.12994619456577321964
2025-09-15,aws-ondemand,B200,14.2416,posted-ondemand,,319195496.12994619456577321964
2025-09-15,aws-ondemand,H100-80GB,6.88,posted-ondemand,,319195496.12994619456577321964
2025-09-15,aws-ondemand,H200,7.912,posted-ondemand,,319195496.12994619456577321964
2025-09-16,aws-ondemand,A100-40GB,2.744705,posted-ondemand,,318756742.83845730721698822984
2025-09-16,aws-ondemand,A100-80GB,3.430881,posted-ondemand,,318756742.83845730721698822984
2025-09-16,aws-ondemand,B200,14.2416,posted-ondemand,,318756742.83845730721698822984
2025-09-16,aws-ondemand,H100-80GB,6.88,posted-ondemand,,318756742.83845730721698822984
2025-09-16,aws-ondemand,H200,7.912,posted-ondemand,,318756742.83845730721698822984
2025-09-17,aws-ondemand,A100-40GB,2.744705,posted-ondemand,,325619171.06568931441770616728
2025-09-17,aws-ondemand,A100-80GB,3.430881,posted-ondemand,,325619171.06568931441770616728
2025-09-17,aws-ondemand,B200,14.2416,posted-ondemand,,325619171.06568931441770616728
2025-09-17,aws-ondemand,H100-80GB,6.88,posted-ondemand,,325619171.06568931441770616728
2025-09-17,aws-ondemand,H200,7.912,posted-ondemand,,325619171.06568931441770616728
2025-09-18,aws-ondemand,A100-40GB,2.744705,posted-ondemand,,326603479.35444096170859971502
2025-09-18,aws-ondemand,A100-80GB,3.430881,posted-ondemand,,326603479.35444096170859971502
2025-09-18,aws-ondemand,B200,14.2416,posted-ondemand,,326603479.35444096170859971502
2025-09-18,aws-ondemand,H100-80GB,6.88,posted-ondemand,,326603479.35444096170859971502
2025-09-18,aws-ondemand,H200,7.912,posted-ondemand,,326603479.35444096170859971502
2025-09-19,aws-ondemand,A100-40GB,2.744705,posted-ondemand,,310279693.59138820328423818848
2025-09-19,aws-ondemand,A100-80GB,3.430881,posted-ondemand,,310279693.59138820328423818848
2025-09-19,aws-ondemand,B200,14.2416,posted-ondemand,,310279693.59138820328423818848
2025-09-19,aws-ondemand,H100-80GB,6.88,posted-ondemand,,310279693.59138820328423818848
2025-09-19,aws-ondemand,H200,7.912,posted-ondemand,,310279693.59138820328423818848
2025-09-20,aws-ondemand,A100-40GB,2.744705,posted-ondemand,,316779815.40376551072489179139
2025-09-20,aws-ondemand,A100-80GB,3.430881,posted-ondemand,,316779815.40376551072489179139
2025-09-20,aws-ondemand,B200,14.2416,posted-ondemand,,316779815.40376551072489179139
2025-09-20,aws-ondemand,H100-80GB,6.88,posted-ondemand,,316779815.40376551072489179139
2025-09-20,aws-ondemand,H200,7.912,posted-ondemand,,316779815.40376551072489179139
2025-09-21,aws-ondemand,A100-40GB,2.744705,posted-ondemand,,310524407.56901496113199250512
2025-09-21,aws-ondemand,A100-80GB,3.430881,posted-ondemand,,310524407.56901496113199250512
2025-09-21,aws-ondemand,B200,14.2416,posted-ondemand,,310524407.56901496113199250512
2025-09-21,aws-ondemand,H100-80GB,6.88,posted-ondemand,,310524407.56901496113199250512
2025-09-21,aws-ondemand,H200,7.912,posted-ondemand,,310524407.56901496113199250512
2025-09-22,aws-ondemand,A100-40GB,2.744705,posted-ondemand,,287448899.0021034331733454003
2025-09-22,aws-ondemand,A100-80GB,3.430881,posted-ondemand,,287448899.0021034331733454003
2025-09-22,aws-ondemand,B200,14.2416,posted-ondemand,,287448899.0021034331733454003
2025-09-22,aws-ondemand,H100-80GB,6.88,posted-ondemand,,287448899.0021034331733454003
2025-09-22,aws-ondemand,H200,7.912,posted-ondemand,,287448899.0021034331733454003
2025-09-23,aws-ondemand,A100-40GB,2.744705,posted-ondemand,,284463103.41591837466519505682
2025-09-23,aws-ondemand,A100-80GB,3.430881,posted-ondemand,,284463103.41591837466519505682
2025-09-23,aws-ondemand,B200,14.2416,posted-ondemand,,284463103.41591837466519505682
2025-09-23,aws-ondemand,H100-80GB,6.88,posted-ondemand,,284463103.41591837466519505682
2025-09-23,aws-ondemand,H200,7.912,posted-ondemand,,284463103.41591837466519505682
2025-09-24,aws-ondemand,A100-40GB,2.744705,posted-ondemand,,283485649.93492382023723401126
2025-09-24,aws-ondemand,A100-80GB,3.430881,posted-ondemand,,283485649.93492382023723401126
2025-09-24,aws-ondemand,B200,14.2416,posted-ondemand,,283485649.93492382023723401126
2025-09-24,aws-ondemand,H100-80GB,6.88,posted-ondemand,,283485649.93492382023723401126
2025-09-24,aws-ondemand,H200,7.912,posted-ondemand,,283485649.93492382023723401126
2025-09-25,aws-ondemand,A100-40GB,2.744705,posted-ondemand,,269375270.834658581114697857187
2025-09-25,aws-ondemand,A100-80GB,3.430881,posted-ondemand,,269375270.834658581114697857187
2025-09-25,aws-ondemand,B200,14.2416,posted-ondemand,,269375270.834658581114697857187
2025-09-25,aws-ondemand,H100-80GB,6.88,posted-ondemand,,269375270.834658581114697857187
2025-09-25,aws-ondemand,H200,7.912,posted-ondemand,,269375270.834658581114697857187
2025-09-26,aws-ondemand,A100-40GB,2.744705,posted-ondemand,,280485449.82635710117059914343
2025-09-26,aws-ondemand,A100-80GB,3.430881,posted-ondemand,,280485449.82635710117059914343
2025-09-26,aws-ondemand,B200,14.2416,posted-ondemand,,280485449.82635710117059914343
2025-09-26,aws-ondemand,H100-80GB,6.88,posted-ondemand,,280485449.82635710117059914343
2025-09-26,aws-ondemand,H200,7.912,posted-ondemand,,280485449.82635710117059914343
2025-09-27,aws-ondemand,A100-40GB,2.744705,posted-ondemand,,279756682.13988854062225290042
2025-09-27,aws-ondemand,A100-80GB,3.430881,posted-ondemand,,279756682.13988854062225290042
2025-09-27,aws-ondemand,B200,14.2416,posted-ondemand,,279756682.13988854062225290042
2025-09-27,aws-ondemand,H100-80GB,6.88,posted-ondemand,,279756682.13988854062225290042
2025-09-27,aws-ondemand,H200,7.912,posted-ondemand,,279756682.13988854062225290042
2025-09-28,aws-ondemand,A100-40GB,2.744705,posted-ondemand,,282128133.55728402039794974407
2025-09-28,aws-ondemand,A100-80GB,3.430881,posted-ondemand,,282128133.55728402039794974407
2025-09-28,aws-ondemand,B200,14.2416,posted-ondemand,,282128133.55728402039794974407
2025-09-28,aws-ondemand,H100-80GB,6.88,posted-ondemand,,282128133.55728402039794974407
2025-09-28,aws-ondemand,H200,7.912,posted-ondemand,,282128133.55728402039794974407
2025-09-29,aws-ondemand,A100-40GB,2.744705,posted-ondemand,,287674512.2279718485386941234
2025-09-29,aws-ondemand,A100-80GB,3.430881,posted-ondemand,,287674512.2279718485386941234
2025-09-29,aws-ondemand,B200,14.2416,posted-ondemand,,287674512.2279718485386941234
2025-09-29,aws-ondemand,H100-80GB,6.88,posted-ondemand,,287674512.2279718485386941234
2025-09-29,aws-ondemand,H200,7.912,posted-ondemand,,287674512.2279718485386941234
2025-09-30,aws-ondemand,A100-40GB,2.744705,posted-ondemand,,280387748.51436721237726775094
2025-09-30,aws-ondemand,A100-80GB,3.430881,posted-ondemand,,280387748.51436721237726775094
2025-09-30,aws-ondemand,B200,14.2416,posted-ondemand,,280387748.51436721237726775094
2025-09-30,aws-ondemand,H100-80GB,6.88,posted-ondemand,,280387748.51436721237726775094
2025-09-30,aws-ondemand,H200,7.912,posted-ondemand,,280387748.51436721237726775094
2025-10-01,aws-ondemand,A100-40GB,2.744705,posted-ondemand,,285678421.81137394377760044138
2025-10-01,aws-ondemand,A100-80GB,3.430881,posted-ondemand,,285678421.81137394377760044138
2025-10-01,aws-ondemand,B200,14.2416,posted-ondemand,,285678421.81137394377760044138
2025-10-01,aws-ondemand,H100-80GB,6.88,posted-ondemand,,285678421.81137394377760044138
2025-10-01,aws-ondemand,H200,7.912,posted-ondemand,,285678421.81137394377760044138
2025-10-02,aws-ondemand,A100-40GB,2.744705,posted-ondemand,,293325348.06417117542009679429
2025-10-02,aws-ondemand,A100-80GB,3.430881,posted-ondemand,,293325348.06417117542009679429
2025-10-02,aws-ondemand,B200,14.2416,posted-ondemand,,293325348.06417117542009679429
2025-10-02,aws-ondemand,H100-80GB,6.88,posted-ondemand,,293325348.06417117542009679429
2025-10-02,aws-ondemand,H200,7.912,posted-ondemand,,293325348.06417117542009679429
2025-10-03,aws-ondemand,A100-40GB,2.744705,posted-ondemand,,299166573.26420823407516939582
2025-10-03,aws-ondemand,A100-80GB,3.430881,posted-ondemand,,299166573.26420823407516939582
2025-10-03,aws-ondemand,B200,14.2416,posted-ondemand,,299166573.26420823407516939582
2025-10-03,aws-ondemand,H100-80GB,6.88,posted-ondemand,,299166573.26420823407516939582
2025-10-03,aws-ondemand,H200,7.912,posted-ondemand,,299166573.26420823407516939582
2025-10-04,aws-ondemand,A100-40GB,2.744705,posted-ondemand,,291267877.10575143873846252712
2025-10-04,aws-ondemand,A100-80GB,3.430881,posted-ondemand,,291267877.10575143873846252712
2025-10-04,aws-ondemand,B200,14.2416,posted-ondemand,,291267877.10575143873846252712
2025-10-04,aws-ondemand,H100-80GB,6.88,posted-ondemand,,291267877.10575143873846252712
2025-10-04,aws-ondemand,H200,7.912,posted-ondemand,,291267877.10575143873846252712
2025-10-05,aws-ondemand,A100-40GB,2.744705,posted-ondemand,,287969583.4502026940509856256
2025-10-05,aws-ondemand,A100-80GB,3.430881,posted-ondemand,,287969583.4502026940509856256
2025-10-05,aws-ondemand,B200,14.2416,posted-ondemand,,287969583.4502026940509856256
2025-10-05,aws-ondemand,H100-80GB,6.88,posted-ondemand,,287969583.4502026940509856256
2025-10-05,aws-ondemand,H200,7.912,posted-ondemand,,287969583.4502026940509856256
2025-10-06,aws-ondemand,A100-40GB,2.744705,posted-ondemand,,297247506.10505178685863381504
2025-10-06,aws-ondemand,A100-80GB,3.430881,posted-ondemand,,297247506.10505178685863381504
2025-10-06,aws-ondemand,B200,14.2416,posted-ondemand,,297247506.10505178685863381504
2025-10-06,aws-ondemand,H100-80GB,6.88,posted-ondemand,,297247506.10505178685863381504
2025-10-06,aws-ondemand,H200,7.912,posted-ondemand,,297247506.10505178685863381504
2025-10-07,aws-ondemand,A100-40GB,2.744705,posted-ondemand,,283138868.74117812336732685824
2025-10-07,aws-ondemand,A100-80GB,3.430881,posted-ondemand,,283138868.74117812336732685824
2025-10-07,aws-ondemand,B200,14.2416,posted-ondemand,,283138868.74117812336732685824
2025-10-07,aws-ondemand,H100-80GB,6.88,posted-ondemand,,283138868.74117812336732685824
2025-10-07,aws-ondemand,H200,7.912,posted-ondemand,,283138868.74117812336732685824
2025-10-08,aws-ondemand,A100-40GB,2.744705,posted-ondemand,,284128119.77042944462207673856
2025-10-08,aws-ondemand,A100-80GB,3.430881,posted-ondemand,,284128119.77042944462207673856
2025-10-08,aws-ondemand,B200,14.2416,posted-ondemand,,284128119.77042944462207673856
2025-10-08,aws-ondemand,H100-80GB,6.88,posted-ondemand,,284128119.77042944462207673856
2025-10-08,aws-ondemand,H200,7.912,posted-ondemand,,284128119.77042944462207673856
2025-10-09,aws-ondemand,A100-40GB,2.744705,posted-ondemand,,276315310.662487930202741458944
2025-10-09,aws-ondemand,A100-80GB,3.430881,posted-ondemand,,276315310.662487930202741458944
2025-10-09,aws-ondemand,B200,14.2416,posted-ondemand,,276315310.662487930202741458944
2025-10-09,aws-ondemand,H100-80GB,6.88,posted-ondemand,,276315310.662487930202741458944
2025-10-09,aws-ondemand,H200,7.912,posted-ondemand,,276315310.662487930202741458944
2025-10-10,aws-ondemand,A100-40GB,2.744705,posted-ondemand,,210340837.207156297709566742058
2025-10-10,aws-ondemand,A100-80GB,3.430881,posted-ondemand,,210340837.207156297709566742058
2025-10-10,aws-ondemand,B200,14.2416,posted-ondemand,,210340837.207156297709566742058
2025-10-10,aws-ondemand,H100-80GB,6.88,posted-ondemand,,210340837.207156297709566742058
2025-10-10,aws-ondemand,H200,7.912,posted-ondemand,,210340837.207156297709566742058
2025-10-11,aws-ondemand,A100-40GB,2.744705,posted-ondemand,,205481940.893191640525531355972
2025-10-11,aws-ondemand,A100-80GB,3.430881,posted-ondemand,,205481940.893191640525531355972
2025-10-11,aws-ondemand,B200,14.2416,posted-ondemand,,205481940.893191640525531355972
2025-10-11,aws-ondemand,H100-80GB,6.88,posted-ondemand,,205481940.893191640525531355972
2025-10-11,aws-ondemand,H200,7.912,posted-ondemand,,205481940.893191640525531355972
2025-10-12,aws-ondemand,A100-40GB,2.744705,posted-ondemand,,222215765.359083499559277214499
2025-10-12,aws-ondemand,A100-80GB,3.430881,posted-ondemand,,222215765.359083499559277214499
2025-10-12,aws-ondemand,B200,14.2416,posted-ondemand,,222215765.359083499559277214499
2025-10-12,aws-ondemand,H100-80GB,6.88,posted-ondemand,,222215765.359083499559277214499
2025-10-12,aws-ondemand,H200,7.912,posted-ondemand,,222215765.359083499559277214499
2025-10-13,aws-ondemand,A100-40GB,2.744705,posted-ondemand,,236721981.775222827273438464274
2025-10-13,aws-ondemand,A100-80GB,3.430881,posted-ondemand,,236721981.775222827273438464274
2025-10-13,aws-ondemand,B200,14.2416,posted-ondemand,,236721981.775222827273438464274
2025-10-13,aws-ondemand,H100-80GB,6.88,posted-ondemand,,236721981.775222827273438464274
2025-10-13,aws-ondemand,H200,7.912,posted-ondemand,,236721981.775222827273438464274
2025-10-14,aws-ondemand,A100-40GB,2.744705,posted-ondemand,,224967476.642144555177735401525
2025-10-14,aws-ondemand,A100-80GB,3.430881,posted-ondemand,,224967476.642144555177735401525
2025-10-14,aws-ondemand,B200,14.2416,posted-ondemand,,224967476.642144555177735401525
2025-10-14,aws-ondemand,H100-80GB,6.88,posted-ondemand,,224967476.642144555177735401525
2025-10-14,aws-ondemand,H200,7.912,posted-ondemand,,224967476.642144555177735401525
2025-10-15,aws-ondemand,A100-40GB,2.744705,posted-ondemand,,209533889.213651789351672190088
2025-10-15,aws-ondemand,A100-80GB,3.430881,posted-ondemand,,209533889.213651789351672190088
2025-10-15,aws-ondemand,B200,14.2416,posted-ondemand,,209533889.213651789351672190088
2025-10-15,aws-ondemand,H100-80GB,6.88,posted-ondemand,,209533889.213651789351672190088
2025-10-15,aws-ondemand,H200,7.912,posted-ondemand,,209533889.213651789351672190088
2025-10-16,aws-ondemand,A100-40GB,2.744705,posted-ondemand,,199158855.760594738279688179424
2025-10-16,aws-ondemand,A100-80GB,3.430881,posted-ondemand,,199158855.760594738279688179424
2025-10-16,aws-ondemand,B200,14.2416,posted-ondemand,,199158855.760594738279688179424
2025-10-16,aws-ondemand,H100-80GB,6.88,posted-ondemand,,199158855.760594738279688179424
2025-10-16,aws-ondemand,H200,7.912,posted-ondemand,,199158855.760594738279688179424
2025-10-17,aws-ondemand,A100-40GB,2.744705,posted-ondemand,,188675306.300481031774849654236
2025-10-17,aws-ondemand,A100-80GB,3.430881,posted-ondemand,,188675306.300481031774849654236
2025-10-17,aws-ondemand,B200,14.2416,posted-ondemand,,188675306.300481031774849654236
2025-10-17,aws-ondemand,H100-80GB,6.88,posted-ondemand,,188675306.300481031774849654236
2025-10-17,aws-ondemand,H200,7.912,posted-ondemand,,188675306.300481031774849654236
2025-10-18,aws-ondemand,A100-40GB,2.744705,posted-ondemand,,188256601.042552955852264937924
2025-10-18,aws-ondemand,A100-80GB,3.430881,posted-ondemand,,188256601.042552955852264937924
2025-10-18,aws-ondemand,B200,14.2416,posted-ondemand,,188256601.042552955852264937924
2025-10-18,aws-ondemand,H100-80GB,6.88,posted-ondemand,,188256601.042552955852264937924
2025-10-18,aws-ondemand,H200,7.912,posted-ondemand,,188256601.042552955852264937924
2025-10-19,aws-ondemand,A100-40GB,2.744705,posted-ondemand,,193513468.620149695356833380068
2025-10-19,aws-ondemand,A100-80GB,3.430881,posted-ondemand,,193513468.620149695356833380068
2025-10-19,aws-ondemand,B200,14.2416,posted-ondemand,,193513468.620149695356833380068
2025-10-19,aws-ondemand,H100-80GB,6.88,posted-ondemand,,193513468.620149695356833380068
2025-10-19,aws-ondemand,H200,7.912,posted-ondemand,,193513468.620149695356833380068
2025-10-20,aws-ondemand,A100-40GB,2.744705,posted-ondemand,,193742769.839475096161542541232
2025-10-20,aws-ondemand,A100-80GB,3.430881,posted-ondemand,,193742769.839475096161542541232
2025-10-20,aws-ondemand,B200,14.2416,posted-ondemand,,193742769.839475096161542541232
2025-10-20,aws-ondemand,H100-80GB,6.88,posted-ondemand,,193742769.839475096161542541232
2025-10-20,aws-ondemand,H200,7.912,posted-ondemand,,193742769.839475096161542541232
2025-10-21,aws-ondemand,A100-40GB,2.744705,posted-ondemand,,187833381.170286395200211000784
2025-10-21,aws-ondemand,A100-80GB,3.430881,posted-ondemand,,187833381.170286395200211000784
2025-10-21,aws-ondemand,B200,14.2416,posted-ondemand,,187833381.170286395200211000784
2025-10-21,aws-ondemand,H100-80GB,6.88,posted-ondemand,,187833381.170286395200211000784
2025-10-21,aws-ondemand,H200,7.912,posted-ondemand,,187833381.170286395200211000784
2025-10-22,aws-ondemand,A100-40GB,2.744705,posted-ondemand,,173255474.672043194711391283068
2025-10-22,aws-ondemand,A100-80GB,3.430881,posted-ondemand,,173255474.672043194711391283068
2025-10-22,aws-ondemand,B200,14.2416,posted-ondemand,,173255474.672043194711391283068
2025-10-22,aws-ondemand,H100-80GB,6.88,posted-ondemand,,173255474.672043194711391283068
2025-10-22,aws-ondemand,H200,7.912,posted-ondemand,,173255474.672043194711391283068
2025-10-23,aws-ondemand,A100-40GB,2.744705,posted-ondemand,,177166651.360545896352082549692
2025-10-23,aws-ondemand,A100-80GB,3.430881,posted-ondemand,,177166651.360545896352082549692
2025-10-23,aws-ondemand,B200,14.2416,posted-ondemand,,177166651.360545896352082549692
2025-10-23,aws-ondemand,H100-80GB,6.88,posted-ondemand,,177166651.360545896352082549692
2025-10-23,aws-ondemand,H200,7.912,posted-ondemand,,177166651.360545896352082549692
2025-10-24,aws-ondemand,A100-40GB,2.744705,posted-ondemand,,180356758.784757714920672613735
2025-10-24,aws-ondemand,A100-80GB,3.430881,posted-ondemand,,180356758.784757714920672613735
2025-10-24,aws-ondemand,B200,14.2416,posted-ondemand,,180356758.784757714920672613735
2025-10-24,aws-ondemand,H100-80GB,6.88,posted-ondemand,,180356758.784757714920672613735
2025-10-24,aws-ondemand,H200,7.912,posted-ondemand,,180356758.784757714920672613735
2025-10-25,aws-ondemand,A100-40GB,2.744705,posted-ondemand,,179893702.422547669758453344038
2025-10-25,aws-ondemand,A100-80GB,3.430881,posted-ondemand,,179893702.422547669758453344038
2025-10-25,aws-ondemand,B200,14.2416,posted-ondemand,,179893702.422547669758453344038
2025-10-25,aws-ondemand,H100-80GB,6.88,posted-ondemand,,179893702.422547669758453344038
2025-10-25,aws-ondemand,H200,7.912,posted-ondemand,,179893702.422547669758453344038
2025-10-26,aws-ondemand,A100-40GB,2.744705,posted-ondemand,,235699667.549683027139385005267
2025-10-26,aws-ondemand,A100-80GB,3.430881,posted-ondemand,,235699667.549683027139385005267
2025-10-26,aws-ondemand,B200,14.2416,posted-ondemand,,235699667.549683027139385005267
2025-10-26,aws-ondemand,H100-80GB,6.88,posted-ondemand,,235699667.549683027139385005267
2025-10-26,aws-ondemand,H200,7.912,posted-ondemand,,235699667.549683027139385005267
2025-10-27,aws-ondemand,A100-40GB,2.744705,posted-ondemand,,215500071.507325648133706599775
2025-10-27,aws-ondemand,A100-80GB,3.430881,posted-ondemand,,215500071.507325648133706599775
2025-10-27,aws-ondemand,B200,14.2416,posted-ondemand,,215500071.507325648133706599775
2025-10-27,aws-ondemand,H100-80GB,6.88,posted-ondemand,,215500071.507325648133706599775
2025-10-27,aws-ondemand,H200,7.912,posted-ondemand,,215500071.507325648133706599775
2025-10-28,aws-ondemand,A100-40GB,2.744705,posted-ondemand,,226346851.799111684617642207366
2025-10-28,aws-ondemand,A100-80GB,3.430881,posted-ondemand,,226346851.799111684617642207366
2025-10-28,aws-ondemand,B200,14.2416,posted-ondemand,,226346851.799111684617642207366
2025-10-28,aws-ondemand,H100-80GB,6.88,posted-ondemand,,226346851.799111684617642207366
2025-10-28,aws-ondemand,H200,7.912,posted-ondemand,,226346851.799111684617642207366
2025-10-29,aws-ondemand,A100-40GB,2.744705,posted-ondemand,,223381818.46694035012069459777
2025-10-29,aws-ondemand,A100-80GB,3.430881,posted-ondemand,,223381818.46694035012069459777
2025-10-29,aws-ondemand,B200,14.2416,posted-ondemand,,223381818.46694035012069459777
2025-10-29,aws-ondemand,H100-80GB,6.88,posted-ondemand,,223381818.46694035012069459777
2025-10-29,aws-ondemand,H200,7.912,posted-ondemand,,223381818.46694035012069459777
2025-10-30,aws-ondemand,A100-40GB,2.744705,posted-ondemand,,200023567.86569857744098549104
2025-10-30,aws-ondemand,A100-80GB,3.430881,posted-ondemand,,200023567.86569857744098549104
2025-10-30,aws-ondemand,B200,14.2416,posted-ondemand,,200023567.86569857744098549104
2025-10-30,aws-ondemand,H100-80GB,6.88,posted-ondemand,,200023567.86569857744098549104
2025-10-30,aws-ondemand,H200,7.912,posted-ondemand,,200023567.86569857744098549104
2025-10-31,aws-ondemand,A100-40GB,2.744705,posted-ondemand,,201438223.15719087910246893099
2025-10-31,aws-ondemand,A100-80GB,3.430881,posted-ondemand,,201438223.15719087910246893099
2025-10-31,aws-ondemand,B200,14.2416,posted-ondemand,,201438223.15719087910246893099
2025-10-31,aws-ondemand,H100-80GB,6.88,posted-ondemand,,201438223.15719087910246893099
2025-10-31,aws-ondemand,H200,7.912,posted-ondemand,,201438223.15719087910246893099
2025-11-01,aws-ondemand,A100-40GB,2.744705,posted-ondemand,,205013172.14631357271134226362
2025-11-01,aws-ondemand,A100-80GB,3.430881,posted-ondemand,,205013172.14631357271134226362
2025-11-01,aws-ondemand,B200,14.2416,posted-ondemand,,205013172.14631357271134226362
2025-11-01,aws-ondemand,H100-80GB,6.88,posted-ondemand,,205013172.14631357271134226362
2025-11-01,aws-ondemand,H200,7.912,posted-ondemand,,205013172.14631357271134226362
2025-11-02,aws-ondemand,A100-40GB,2.744705,posted-ondemand,,198653801.67121293097625908245
2025-11-02,aws-ondemand,A100-80GB,3.430881,posted-ondemand,,198653801.67121293097625908245
2025-11-02,aws-ondemand,B200,14.2416,posted-ondemand,,198653801.67121293097625908245
2025-11-02,aws-ondemand,H100-80GB,6.88,posted-ondemand,,198653801.67121293097625908245
2025-11-02,aws-ondemand,H200,7.912,posted-ondemand,,198653801.67121293097625908245
2025-11-03,aws-ondemand,A100-40GB,2.744705,posted-ondemand,,171879730.16959244973798919789
2025-11-03,aws-ondemand,A100-80GB,3.430881,posted-ondemand,,171879730.16959244973798919789
2025-11-03,aws-ondemand,B200,14.2416,posted-ondemand,,171879730.16959244973798919789
2025-11-03,aws-ondemand,H100-80GB,6.88,posted-ondemand,,171879730.16959244973798919789
2025-11-03,aws-ondemand,H200,7.912,posted-ondemand,,171879730.16959244973798919789
2025-11-04,aws-ondemand,A100-40GB,2.744705,posted-ondemand,,160622367.26586499662312485242
2025-11-04,aws-ondemand,A100-80GB,3.430881,posted-ondemand,,160622367.26586499662312485242
2025-11-04,aws-ondemand,B200,14.2416,posted-ondemand,,160622367.26586499662312485242
2025-11-04,aws-ondemand,H100-80GB,6.88,posted-ondemand,,160622367.26586499662312485242
2025-11-04,aws-ondemand,H200,7.912,posted-ondemand,,160622367.26586499662312485242
2025-11-05,aws-ondemand,A100-40GB,2.744705,posted-ondemand,,165225212.36352504904856171686
2025-11-05,aws-ondemand,A100-80GB,3.430881,posted-ondemand,,165225212.36352504904856171686
2025-11-05,aws-ondemand,B200,14.2416,posted-ondemand,,165225212.36352504904856171686
2025-11-05,aws-ondemand,H100-80GB,6.88,posted-ondemand,,165225212.36352504904856171686
2025-11-05,aws-ondemand,H200,7.912,posted-ondemand,,165225212.36352504904856171686
2025-11-06,aws-ondemand,A100-40GB,2.744705,posted-ondemand,,158014156.23905538051724473413
2025-11-06,aws-ondemand,A100-80GB,3.430881,posted-ondemand,,158014156.23905538051724473413
2025-11-06,aws-ondemand,B200,14.2416,posted-ondemand,,158014156.23905538051724473413
2025-11-06,aws-ondemand,H100-80GB,6.88,posted-ondemand,,158014156.23905538051724473413
2025-11-06,aws-ondemand,H200,7.912,posted-ondemand,,158014156.23905538051724473413
2025-11-07,aws-ondemand,A100-40GB,2.744705,posted-ondemand,,194214540.10052919980107319524
2025-11-07,aws-ondemand,A100-80GB,3.430881,posted-ondemand,,194214540.10052919980107319524
2025-11-07,aws-ondemand,B200,14.2416,posted-ondemand,,194214540.10052919980107319524
2025-11-07,aws-ondemand,H100-80GB,6.88,posted-ondemand,,194214540.10052919980107319524
2025-11-07,aws-ondemand,H200,7.912,posted-ondemand,,194214540.10052919980107319524
2025-11-08,aws-ondemand,A100-40GB,2.744705,posted-ondemand,,180075450.56782558489200935148
2025-11-08,aws-ondemand,A100-80GB,3.430881,posted-ondemand,,180075450.56782558489200935148
2025-11-08,aws-ondemand,B200,14.2416,posted-ondemand,,180075450.56782558489200935148
2025-11-08,aws-ondemand,H100-80GB,6.88,posted-ondemand,,180075450.56782558489200935148
2025-11-08,aws-ondemand,H200,7.912,posted-ondemand,,180075450.56782558489200935148
2025-11-09,aws-ondemand,A100-40GB,2.744705,posted-ondemand,,182111092.23785124586233998927
2025-11-09,aws-ondemand,A100-80GB,3.430881,posted-ondemand,,182111092.23785124586233998927
2025-11-09,aws-ondemand,B200,14.2416,posted-ondemand,,182111092.23785124586233998927
2025-11-09,aws-ondemand,H100-80GB,6.88,posted-ondemand,,182111092.23785124586233998927
2025-11-09,aws-ondemand,H200,7.912,posted-ondemand,,182111092.23785124586233998927
2025-11-10,aws-ondemand,A100-40GB,2.744705,posted-ondemand,,195576709.60858321311895289734
2025-11-10,aws-ondemand,A100-80GB,3.430881,posted-ondemand,,195576709.60858321311895289734
2025-11-10,aws-ondemand,B200,14.2416,posted-ondemand,,195576709.60858321311895289734
2025-11-10,aws-ondemand,H100-80GB,6.88,posted-ondemand,,195576709.60858321311895289734
2025-11-10,aws-ondemand,H200,7.912,posted-ondemand,,195576709.60858321311895289734
2025-11-11,aws-ondemand,A100-40GB,2.744705,posted-ondemand,,179219366.42920837063814155916
2025-11-11,aws-ondemand,A100-80GB,3.430881,posted-ondemand,,179219366.42920837063814155916
2025-11-11,aws-ondemand,B200,14.2416,posted-ondemand,,179219366.42920837063814155916
2025-11-11,aws-ondemand,H100-80GB,6.88,posted-ondemand,,179219366.42920837063814155916
2025-11-11,aws-ondemand,H200,7.912,posted-ondemand,,179219366.42920837063814155916
2025-11-12,aws-ondemand,A100-40GB,2.744705,posted-ondemand,,172298464.883416060430714679546
2025-11-12,aws-ondemand,A100-80GB,3.430881,posted-ondemand,,172298464.883416060430714679546
2025-11-12,aws-ondemand,B200,14.2416,posted-ondemand,,172298464.883416060430714679546
2025-11-12,aws-ondemand,H100-80GB,6.88,posted-ondemand,,172298464.883416060430714679546
2025-11-12,aws-ondemand,H200,7.912,posted-ondemand,,172298464.883416060430714679546
2025-11-13,aws-ondemand,A100-40GB,2.744705,posted-ondemand,,165336663.809739250581438433474
2025-11-13,aws-ondemand,A100-80GB,3.430881,posted-ondemand,,165336663.809739250581438433474
2025-11-13,aws-ondemand,B200,14.2416,posted-ondemand,,165336663.809739250581438433474
2025-11-13,aws-ondemand,H100-80GB,6.88,posted-ondemand,,165336663.809739250581438433474
2025-11-13,aws-ondemand,H200,7.912,posted-ondemand,,165336663.809739250581438433474
2025-11-14,aws-ondemand,A100-40GB,2.744705,posted-ondemand,,158568557.61868392901623837703
2025-11-14,aws-ondemand,A100-80GB,3.430881,posted-ondemand,,158568557.61868392901623837703
2025-11-14,aws-ondemand,B200,14.2416,posted-ondemand,,158568557.61868392901623837703
2025-11-14,aws-ondemand,H100-80GB,6.88,posted-ondemand,,158568557.61868392901623837703
2025-11-14,aws-ondemand,H200,7.912,posted-ondemand,,158568557.61868392901623837703
2025-11-15,aws-ondemand,A100-40GB,2.744705,posted-ondemand,,162152278.622381085269039465616
2025-11-15,aws-ondemand,A100-80GB,3.430881,posted-ondemand,,162152278.622381085269039465616
2025-11-15,aws-ondemand,B200,14.2416,posted-ondemand,,162152278.622381085269039465616
2025-11-15,aws-ondemand,H100-80GB,6.88,posted-ondemand,,162152278.622381085269039465616
2025-11-15,aws-ondemand,H200,7.912,posted-ondemand,,162152278.622381085269039465616
2025-11-16,aws-ondemand,A100-40GB,2.744705,posted-ondemand,,155941583.402457856647762031366
2025-11-16,aws-ondemand,A100-80GB,3.430881,posted-ondemand,,155941583.402457856647762031366
2025-11-16,aws-ondemand,B200,14.2416,posted-ondemand,,155941583.402457856647762031366
2025-11-16,aws-ondemand,H100-80GB,6.88,posted-ondemand,,155941583.402457856647762031366
2025-11-16,aws-ondemand,H200,7.912,posted-ondemand,,155941583.402457856647762031366
2025-11-17,aws-ondemand,A100-40GB,2.744705,posted-ondemand,,149115814.465885753152046300748
2025-11-17,aws-ondemand,A100-80GB,3.430881,posted-ondemand,,149115814.465885753152046300748
2025-11-17,aws-ondemand,B200,14.2416,posted-ondemand,,149115814.465885753152046300748
2025-11-17,aws-ondemand,H100-80GB,6.88,posted-ondemand,,149115814.465885753152046300748
2025-11-17,aws-ondemand,H200,7.912,posted-ondemand,,149115814.465885753152046300748
2025-11-18,aws-ondemand,A100-40GB,2.744705,posted-ondemand,,152259044.318020881724565744218
2025-11-18,aws-ondemand,A100-80GB,3.430881,posted-ondemand,,152259044.318020881724565744218
2025-11-18,aws-ondemand,B200,14.2416,posted-ondemand,,152259044.318020881724565744218
2025-11-18,aws-ondemand,H100-80GB,6.88,posted-ondemand,,152259044.318020881724565744218
2025-11-18,aws-ondemand,H200,7.912,posted-ondemand,,152259044.318020881724565744218
2025-11-19,aws-ondemand,A100-40GB,2.744705,posted-ondemand,,149284223.669572398630339540459
2025-11-19,aws-ondemand,A100-80GB,3.430881,posted-ondemand,,149284223.669572398630339540459
2025-11-19,aws-ondemand,B200,14.2416,posted-ondemand,,149284223.669572398630339540459
2025-11-19,aws-ondemand,H100-80GB,6.88,posted-ondemand,,149284223.669572398630339540459
2025-11-19,aws-ondemand,H200,7.912,posted-ondemand,,149284223.669572398630339540459
2025-11-20,aws-ondemand,A100-40GB,2.744705,posted-ondemand,,144628411.559598671505327001965
2025-11-20,aws-ondemand,A100-80GB,3.430881,posted-ondemand,,144628411.559598671505327001965
2025-11-20,aws-ondemand,B200,14.2416,posted-ondemand,,144628411.559598671505327001965
2025-11-20,aws-ondemand,H100-80GB,6.88,posted-ondemand,,144628411.559598671505327001965
2025-11-20,aws-ondemand,H200,7.912,posted-ondemand,,144628411.559598671505327001965
2025-11-21,aws-ondemand,A100-40GB,2.744705,posted-ondemand,,132016790.941341601085686312298
2025-11-21,aws-ondemand,A100-80GB,3.430881,posted-ondemand,,132016790.941341601085686312298
2025-11-21,aws-ondemand,B200,14.2416,posted-ondemand,,132016790.941341601085686312298
2025-11-21,aws-ondemand,H100-80GB,6.88,posted-ondemand,,132016790.941341601085686312298
2025-11-21,aws-ondemand,H200,7.912,posted-ondemand,,132016790.941341601085686312298
2025-11-22,aws-ondemand,A100-40GB,2.744705,posted-ondemand,,136091097.84563876943491163704
2025-11-22,aws-ondemand,A100-80GB,3.430881,posted-ondemand,,136091097.84563876943491163704
2025-11-22,aws-ondemand,B200,14.2416,posted-ondemand,,136091097.84563876943491163704
2025-11-22,aws-ondemand,H100-80GB,6.88,posted-ondemand,,136091097.84563876943491163704
2025-11-22,aws-ondemand,H200,7.912,posted-ondemand,,136091097.84563876943491163704
2025-11-23,aws-ondemand,A100-40GB,2.744705,posted-ondemand,,135721465.475156630144146620955
2025-11-23,aws-ondemand,A100-80GB,3.430881,posted-ondemand,,135721465.475156630144146620955
2025-11-23,aws-ondemand,B200,14.2416,posted-ondemand,,135721465.475156630144146620955
2025-11-23,aws-ondemand,H100-80GB,6.88,posted-ondemand,,135721465.475156630144146620955
2025-11-23,aws-ondemand,H200,7.912,posted-ondemand,,135721465.475156630144146620955
2025-11-24,aws-ondemand,A100-40GB,2.744705,posted-ondemand,,140307663.311648857356482931928
2025-11-24,aws-ondemand,A100-80GB,3.430881,posted-ondemand,,140307663.311648857356482931928
2025-11-24,aws-ondemand,B200,14.2416,posted-ondemand,,140307663.311648857356482931928
2025-11-24,aws-ondemand,H100-80GB,6.88,posted-ondemand,,140307663.311648857356482931928
2025-11-24,aws-ondemand,H200,7.912,posted-ondemand,,140307663.311648857356482931928
2025-11-25,aws-ondemand,A100-40GB,2.744705,posted-ondemand,,144669322.628362550470160145171
2025-11-25,aws-ondemand,A100-80GB,3.430881,posted-ondemand,,144669322.628362550470160145171
2025-11-25,aws-ondemand,B200,14.2416,posted-ondemand,,144669322.628362550470160145171
2025-11-25,aws-ondemand,H100-80GB,6.88,posted-ondemand,,144669322.628362550470160145171
2025-11-25,aws-ondemand,H200,7.912,posted-ondemand,,144669322.628362550470160145171
2025-11-26,aws-ondemand,A100-40GB,2.744705,posted-ondemand,,146034892.707031601150434742766
2025-11-26,aws-ondemand,A100-80GB,3.430881,posted-ondemand,,146034892.707031601150434742766
2025-11-26,aws-ondemand,B200,14.2416,posted-ondemand,,146034892.707031601150434742766
2025-11-26,aws-ondemand,H100-80GB,6.88,posted-ondemand,,146034892.707031601150434742766
2025-11-26,aws-ondemand,H200,7.912,posted-ondemand,,146034892.707031601150434742766
2025-11-27,aws-ondemand,A100-40GB,2.744705,posted-ondemand,,150055887.96497627960519069525
2025-11-27,aws-ondemand,A100-80GB,3.430881,posted-ondemand,,150055887.96497627960519069525
2025-11-27,aws-ondemand,B200,14.2416,posted-ondemand,,150055887.96497627960519069525
2025-11-27,aws-ondemand,H100-80GB,6.88,posted-ondemand,,150055887.96497627960519069525
2025-11-27,aws-ondemand,H200,7.912,posted-ondemand,,150055887.96497627960519069525
2025-11-28,aws-ondemand,A100-40GB,2.744705,posted-ondemand,,144075776.459023335732252683684
2025-11-28,aws-ondemand,A100-80GB,3.430881,posted-ondemand,,144075776.459023335732252683684
2025-11-28,aws-ondemand,B200,14.2416,posted-ondemand,,144075776.459023335732252683684
2025-11-28,aws-ondemand,H100-80GB,6.88,posted-ondemand,,144075776.459023335732252683684
2025-11-28,aws-ondemand,H200,7.912,posted-ondemand,,144075776.459023335732252683684
2025-11-29,aws-ondemand,A100-40GB,2.744705,posted-ondemand,,139877655.116486393476061860826
2025-11-29,aws-ondemand,A100-80GB,3.430881,posted-ondemand,,139877655.116486393476061860826
2025-11-29,aws-ondemand,B200,14.2416,posted-ondemand,,139877655.116486393476061860826
2025-11-29,aws-ondemand,H100-80GB,6.88,posted-ondemand,,139877655.116486393476061860826
2025-11-29,aws-ondemand,H200,7.912,posted-ondemand,,139877655.116486393476061860826
2025-11-30,aws-ondemand,A100-40GB,2.744705,posted-ondemand,,142414134.890619330263980699811
2025-11-30,aws-ondemand,A100-80GB,3.430881,posted-ondemand,,142414134.890619330263980699811
2025-11-30,aws-ondemand,B200,14.2416,posted-ondemand,,142414134.890619330263980699811
2025-11-30,aws-ondemand,H100-80GB,6.88,posted-ondemand,,142414134.890619330263980699811
2025-11-30,aws-ondemand,H200,7.912,posted-ondemand,,142414134.890619330263980699811
2025-12-01,aws-ondemand,A100-40GB,2.744705,posted-ondemand,,127129204.288456213881213001161
2025-12-01,aws-ondemand,A100-80GB,3.430881,posted-ondemand,,127129204.288456213881213001161
2025-12-01,aws-ondemand,B200,14.2416,posted-ondemand,,127129204.288456213881213001161
2025-12-01,aws-ondemand,H100-80GB,6.88,posted-ondemand,,127129204.288456213881213001161
2025-12-01,aws-ondemand,H200,7.912,posted-ondemand,,127129204.288456213881213001161
2025-12-02,aws-ondemand,A100-40GB,2.744705,posted-ondemand,,134753844.562991917654630533133
2025-12-02,aws-ondemand,A100-80GB,3.430881,posted-ondemand,,134753844.562991917654630533133
2025-12-02,aws-ondemand,B200,14.2416,posted-ondemand,,134753844.562991917654630533133
2025-12-02,aws-ondemand,H100-80GB,6.88,posted-ondemand,,134753844.562991917654630533133
2025-12-02,aws-ondemand,H200,7.912,posted-ondemand,,134753844.562991917654630533133
2025-12-03,aws-ondemand,A100-40GB,2.744705,posted-ondemand,,136245536.51433033321579658063
2025-12-03,aws-ondemand,A100-80GB,3.430881,posted-ondemand,,136245536.51433033321579658063
2025-12-03,aws-ondemand,B200,14.2416,posted-ondemand,,136245536.51433033321579658063
2025-12-03,aws-ondemand,H100-80GB,6.88,posted-ondemand,,136245536.51433033321579658063
2025-12-03,aws-ondemand,H200,7.912,posted-ondemand,,136245536.51433033321579658063
2025-12-04,aws-ondemand,A100-40GB,2.744705,posted-ondemand,,130571898.912837768203051935414
2025-12-04,aws-ondemand,A100-80GB,3.430881,posted-ondemand,,130571898.912837768203051935414
2025-12-04,aws-ondemand,B200,14.2416,posted-ondemand,,130571898.912837768203051935414
2025-12-04,aws-ondemand,H100-80GB,6.88,posted-ondemand,,130571898.912837768203051935414
2025-12-04,aws-ondemand,H200,7.912,posted-ondemand,,130571898.912837768203051935414
2025-12-05,aws-ondemand,A100-40GB,2.744705,posted-ondemand,,123915491.881467121478824838118
2025-12-05,aws-ondemand,A100-80GB,3.430881,posted-ondemand,,123915491.881467121478824838118
2025-12-05,aws-ondemand,B200,14.2416,posted-ondemand,,123915491.881467121478824838118
2025-12-05,aws-ondemand,H100-80GB,6.88,posted-ondemand,,123915491.881467121478824838118
2025-12-05,aws-ondemand,H200,7.912,posted-ondemand,,123915491.881467121478824838118
2025-12-06,aws-ondemand,A100-40GB,2.744705,posted-ondemand,,124780727.117491180537601626421
2025-12-06,aws-ondemand,A100-80GB,3.430881,posted-ondemand,,124780727.117491180537601626421
2025-12-06,aws-ondemand,B200,14.2416,posted-ondemand,,124780727.117491180537601626421
2025-12-06,aws-ondemand,H100-80GB,6.88,posted-ondemand,,124780727.117491180537601626421
2025-12-06,aws-ondemand,H200,7.912,posted-ondemand,,124780727.117491180537601626421
2025-12-07,aws-ondemand,A100-40GB,2.744705,posted-ondemand,,121616936.228578098951231391439
2025-12-07,aws-ondemand,A100-80GB,3.430881,posted-ondemand,,121616936.228578098951231391439
2025-12-07,aws-ondemand,B200,14.2416,posted-ondemand,,121616936.228578098951231391439
2025-12-07,aws-ondemand,H100-80GB,6.88,posted-ondemand,,121616936.228578098951231391439
2025-12-07,aws-ondemand,H200,7.912,posted-ondemand,,121616936.228578098951231391439
2025-12-08,aws-ondemand,A100-40GB,2.744705,posted-ondemand,,124702900.274533707778579153569
2025-12-08,aws-ondemand,A100-80GB,3.430881,posted-ondemand,,124702900.274533707778579153569
2025-12-08,aws-ondemand,B200,14.2416,posted-ondemand,,124702900.274533707778579153569
2025-12-08,aws-ondemand,H100-80GB,6.88,posted-ondemand,,124702900.274533707778579153569
2025-12-08,aws-ondemand,H200,7.912,posted-ondemand,,124702900.274533707778579153569
2025-12-09,aws-ondemand,A100-40GB,2.744705,posted-ondemand,,128487923.567158299550478196369
2025-12-09,aws-ondemand,A100-80GB,3.430881,posted-ondemand,,128487923.567158299550478196369
2025-12-09,aws-ondemand,B200,14.2416,posted-ondemand,,128487923.567158299550478196369
2025-12-09,aws-ondemand,H100-80GB,6.88,posted-ondemand,,128487923.567158299550478196369
2025-12-09,aws-ondemand,H200,7.912,posted-ondemand,,128487923.567158299550478196369
2025-12-10,aws-ondemand,A100-40GB,2.744705,posted-ondemand,,124449521.85407484773349462997
2025-12-10,aws-ondemand,A100-80GB,3.430881,posted-ondemand,,124449521.85407484773349462997
2025-12-10,aws-ondemand,B200,14.2416,posted-ondemand,,124449521.85407484773349462997
2025-12-10,aws-ondemand,H100-80GB,6.88,posted-ondemand,,124449521.85407484773349462997
2025-12-10,aws-ondemand,H200,7.912,posted-ondemand,,124449521.85407484773349462997
2025-12-11,aws-ondemand,A100-40GB,2.744705,posted-ondemand,,124470861.824555780677225323535
2025-12-11,aws-ondemand,A100-80GB,3.430881,posted-ondemand,,124470861.824555780677225323535
2025-12-11,aws-ondemand,B200,14.2416,posted-ondemand,,124470861.824555780677225323535
2025-12-11,aws-ondemand,H100-80GB,6.88,posted-ondemand,,124470861.824555780677225323535
2025-12-11,aws-ondemand,H200,7.912,posted-ondemand,,124470861.824555780677225323535
2025-12-12,aws-ondemand,A100-40GB,2.744705,posted-ondemand,,126002177.550933081250412297612
2025-12-12,aws-ondemand,A100-80GB,3.430881,posted-ondemand,,126002177.550933081250412297612
2025-12-12,aws-ondemand,B200,14.2416,posted-ondemand,,126002177.550933081250412297612
2025-12-12,aws-ondemand,H100-80GB,6.88,posted-ondemand,,126002177.550933081250412297612
2025-12-12,aws-ondemand,H200,7.912,posted-ondemand,,126002177.550933081250412297612
2025-12-13,aws-ondemand,A100-40GB,2.744705,posted-ondemand,,127158816.231229512480294202036
2025-12-13,aws-ondemand,A100-80GB,3.430881,posted-ondemand,,127158816.231229512480294202036
2025-12-13,aws-ondemand,B200,14.2416,posted-ondemand,,127158816.231229512480294202036
2025-12-13,aws-ondemand,H100-80GB,6.88,posted-ondemand,,127158816.231229512480294202036
2025-12-13,aws-ondemand,H200,7.912,posted-ondemand,,127158816.231229512480294202036
2025-12-14,aws-ondemand,A100-40GB,2.744705,posted-ondemand,,122705167.543779540188827170967
2025-12-14,aws-ondemand,A100-80GB,3.430881,posted-ondemand,,122705167.543779540188827170967
2025-12-14,aws-ondemand,B200,14.2416,posted-ondemand,,122705167.543779540188827170967
2025-12-14,aws-ondemand,H100-80GB,6.88,posted-ondemand,,122705167.543779540188827170967
2025-12-14,aws-ondemand,H200,7.912,posted-ondemand,,122705167.543779540188827170967
2025-12-15,aws-ondemand,A100-40GB,2.744705,posted-ondemand,,114818617.95768628901752193043
2025-12-15,aws-ondemand,A100-80GB,3.430881,posted-ondemand,,114818617.95768628901752193043
2025-12-15,aws-ondemand,B200,14.2416,posted-ondemand,,114818617.95768628901752193043
2025-12-15,aws-ondemand,H100-80GB,6.88,posted-ondemand,,114818617.95768628901752193043
2025-12-15,aws-ondemand,H200,7.912,posted-ondemand,,114818617.95768628901752193043
2025-12-16,aws-ondemand,A100-40GB,2.744705,posted-ondemand,,114697080.577734730521379340323
2025-12-16,aws-ondemand,A100-80GB,3.430881,posted-ondemand,,114697080.577734730521379340323
2025-12-16,aws-ondemand,B200,14.2416,posted-ondemand,,114697080.577734730521379340323
2025-12-16,aws-ondemand,H100-80GB,6.88,posted-ondemand,,114697080.577734730521379340323
2025-12-16,aws-ondemand,H200,7.912,posted-ondemand,,114697080.577734730521379340323
2025-12-17,aws-ondemand,A100-40GB,2.744705,posted-ondemand,,108708684.48518396303735937019
2025-12-17,aws-ondemand,A100-80GB,3.430881,posted-ondemand,,108708684.48518396303735937019
2025-12-17,aws-ondemand,B200,14.2416,posted-ondemand,,108708684.48518396303735937019
2025-12-17,aws-ondemand,H100-80GB,6.88,posted-ondemand,,108708684.48518396303735937019
2025-12-17,aws-ondemand,H200,7.912,posted-ondemand,,108708684.48518396303735937019
2025-12-18,aws-ondemand,A100-40GB,2.744705,posted-ondemand,,100183525.618958194695341753001
2025-12-18,aws-ondemand,A100-80GB,3.430881,posted-ondemand,,100183525.618958194695341753001
2025-12-18,aws-ondemand,B200,14.2416,posted-ondemand,,100183525.618958194695341753001
2025-12-18,aws-ondemand,H100-80GB,6.88,posted-ondemand,,100183525.618958194695341753001
2025-12-18,aws-ondemand,H200,7.912,posted-ondemand,,100183525.618958194695341753001
2025-12-19,aws-ondemand,A100-40GB,2.744705,posted-ondemand,,107456309.125302353095722368743
2025-12-19,aws-ondemand,A100-80GB,3.430881,posted-ondemand,,107456309.125302353095722368743
2025-12-19,aws-ondemand,B200,14.2416,posted-ondemand,,107456309.125302353095722368743
2025-12-19,aws-ondemand,H100-80GB,6.88,posted-ondemand,,107456309.125302353095722368743
2025-12-19,aws-ondemand,H200,7.912,posted-ondemand,,107456309.125302353095722368743
2025-12-20,aws-ondemand,A100-40GB,2.744705,posted-ondemand,,106214264.957547481396136251511
2025-12-20,aws-ondemand,A100-80GB,3.430881,posted-ondemand,,106214264.957547481396136251511
2025-12-20,aws-ondemand,B200,14.2416,posted-ondemand,,106214264.957547481396136251511
2025-12-20,aws-ondemand,H100-80GB,6.88,posted-ondemand,,106214264.957547481396136251511
2025-12-20,aws-ondemand,H200,7.912,posted-ondemand,,106214264.957547481396136251511
2025-12-21,aws-ondemand,A100-40GB,2.744705,posted-ondemand,,103437407.195413759025706165934
2025-12-21,aws-ondemand,A100-80GB,3.430881,posted-ondemand,,103437407.195413759025706165934
2025-12-21,aws-ondemand,B200,14.2416,posted-ondemand,,103437407.195413759025706165934
2025-12-21,aws-ondemand,H100-80GB,6.88,posted-ondemand,,103437407.195413759025706165934
2025-12-21,aws-ondemand,H200,7.912,posted-ondemand,,103437407.195413759025706165934
2025-12-22,aws-ondemand,A100-40GB,2.744705,posted-ondemand,,105866647.524381652423140648085
2025-12-22,aws-ondemand,A100-80GB,3.430881,posted-ondemand,,105866647.524381652423140648085
2025-12-22,aws-ondemand,B200,14.2416,posted-ondemand,,105866647.524381652423140648085
2025-12-22,aws-ondemand,H100-80GB,6.88,posted-ondemand,,105866647.524381652423140648085
2025-12-22,aws-ondemand,H200,7.912,posted-ondemand,,105866647.524381652423140648085
2025-12-23,aws-ondemand,A100-40GB,2.744705,posted-ondemand,,105160156.240988885678625182906
2025-12-23,aws-ondemand,A100-80GB,3.430881,posted-ondemand,,105160156.240988885678625182906
2025-12-23,aws-ondemand,B200,14.2416,posted-ondemand,,105160156.240988885678625182906
2025-12-23,aws-ondemand,H100-80GB,6.88,posted-ondemand,,105160156.240988885678625182906
2025-12-23,aws-ondemand,H200,7.912,posted-ondemand,,105160156.240988885678625182906
2025-12-24,aws-ondemand,A100-40GB,2.744705,posted-ondemand,,104360732.823015058708985153207
2025-12-24,aws-ondemand,A100-80GB,3.430881,posted-ondemand,,104360732.823015058708985153207
2025-12-24,aws-ondemand,B200,14.2416,posted-ondemand,,104360732.823015058708985153207
2025-12-24,aws-ondemand,H100-80GB,6.88,posted-ondemand,,104360732.823015058708985153207
2025-12-24,aws-ondemand,H200,7.912,posted-ondemand,,104360732.823015058708985153207
2025-12-25,aws-ondemand,A100-40GB,2.744705,posted-ondemand,,103748262.024116502858265690553
2025-12-25,aws-ondemand,A100-80GB,3.430881,posted-ondemand,,103748262.024116502858265690553
2025-12-25,aws-ondemand,B200,14.2416,posted-ondemand,,103748262.024116502858265690553
2025-12-25,aws-ondemand,H100-80GB,6.88,posted-ondemand,,103748262.024116502858265690553
2025-12-25,aws-ondemand,H200,7.912,posted-ondemand,,103748262.024116502858265690553
2025-12-26,aws-ondemand,A100-40GB,2.744705,posted-ondemand,,104005708.404482460766497350265
2025-12-26,aws-ondemand,A100-80GB,3.430881,posted-ondemand,,104005708.404482460766497350265
2025-12-26,aws-ondemand,B200,14.2416,posted-ondemand,,104005708.404482460766497350265
2025-12-26,aws-ondemand,H100-80GB,6.88,posted-ondemand,,104005708.404482460766497350265
2025-12-26,aws-ondemand,H200,7.912,posted-ondemand,,104005708.404482460766497350265
2025-12-27,aws-ondemand,A100-40GB,2.744705,posted-ondemand,,107704882.835501655684453688584
2025-12-27,aws-ondemand,A100-80GB,3.430881,posted-ondemand,,107704882.835501655684453688584
2025-12-27,aws-ondemand,B200,14.2416,posted-ondemand,,107704882.835501655684453688584
2025-12-27,aws-ondemand,H100-80GB,6.88,posted-ondemand,,107704882.835501655684453688584
2025-12-27,aws-ondemand,H200,7.912,posted-ondemand,,107704882.835501655684453688584
2025-12-28,aws-ondemand,A100-40GB,2.744705,posted-ondemand,,106187235.102035745063708764919
2025-12-28,aws-ondemand,A100-80GB,3.430881,posted-ondemand,,106187235.102035745063708764919
2025-12-28,aws-ondemand,B200,14.2416,posted-ondemand,,106187235.102035745063708764919
2025-12-28,aws-ondemand,H100-80GB,6.88,posted-ondemand,,106187235.102035745063708764919
2025-12-28,aws-ondemand,H200,7.912,posted-ondemand,,106187235.102035745063708764919
2025-12-29,aws-ondemand,A100-40GB,2.744705,posted-ondemand,,106446067.155831994450320310143
2025-12-29,aws-ondemand,A100-80GB,3.430881,posted-ondemand,,106446067.155831994450320310143
2025-12-29,aws-ondemand,B200,14.2416,posted-ondemand,,106446067.155831994450320310143
2025-12-29,aws-ondemand,H100-80GB,6.88,posted-ondemand,,106446067.155831994450320310143
2025-12-29,aws-ondemand,H200,7.912,posted-ondemand,,106446067.155831994450320310143
2025-12-30,aws-ondemand,A100-40GB,2.744705,posted-ondemand,,105724089.02178655335635731812
2025-12-30,aws-ondemand,A100-80GB,3.430881,posted-ondemand,,105724089.02178655335635731812
2025-12-30,aws-ondemand,B200,14.2416,posted-ondemand,,105724089.02178655335635731812
2025-12-30,aws-ondemand,H100-80GB,6.88,posted-ondemand,,105724089.02178655335635731812
2025-12-30,aws-ondemand,H200,7.912,posted-ondemand,,105724089.02178655335635731812
2025-12-31,aws-ondemand,A100-40GB,2.744705,posted-ondemand,,100356817.298918877425377475601
2025-12-31,aws-ondemand,A100-80GB,3.430881,posted-ondemand,,100356817.298918877425377475601
2025-12-31,aws-ondemand,B200,14.2416,posted-ondemand,,100356817.298918877425377475601
2025-12-31,aws-ondemand,H100-80GB,6.88,posted-ondemand,,100356817.298918877425377475601
2025-12-31,aws-ondemand,H200,7.912,posted-ondemand,,100356817.298918877425377475601
2026-01-01,aws-ondemand,A100-40GB,2.744705,posted-ondemand,,105453312.491685870345853038561
2026-01-01,aws-ondemand,A100-80GB,3.430881,posted-ondemand,,105453312.491685870345853038561
2026-01-01,aws-ondemand,B200,14.2416,posted-ondemand,,105453312.491685870345853038561
2026-01-01,aws-ondemand,H100-80GB,6.88,posted-ondemand,,105453312.491685870345853038561
2026-01-01,aws-ondemand,H200,7.912,posted-ondemand,,105453312.491685870345853038561
2026-01-02,aws-ondemand,A100-40GB,2.744705,posted-ondemand,,109952758.668828346129927110282
2026-01-02,aws-ondemand,A100-80GB,3.430881,posted-ondemand,,109952758.668828346129927110282
2026-01-02,aws-ondemand,B200,14.2416,posted-ondemand,,109952758.668828346129927110282
2026-01-02,aws-ondemand,H100-80GB,6.88,posted-ondemand,,109952758.668828346129927110282
2026-01-02,aws-ondemand,H200,7.912,posted-ondemand,,109952758.668828346129927110282
2026-01-03,aws-ondemand,A100-40GB,2.744705,posted-ondemand,,115756116.609684901190425248834
2026-01-03,aws-ondemand,A100-80GB,3.430881,posted-ondemand,,115756116.609684901190425248834
2026-01-03,aws-ondemand,B200,14.2416,posted-ondemand,,115756116.609684901190425248834
2026-01-03,aws-ondemand,H100-80GB,6.88,posted-ondemand,,115756116.609684901190425248834
2026-01-03,aws-ondemand,H200,7.912,posted-ondemand,,115756116.609684901190425248834
2026-01-04,aws-ondemand,A100-40GB,2.744705,posted-ondemand,,121146016.38380376898614304962
2026-01-04,aws-ondemand,A100-80GB,3.430881,posted-ondemand,,121146016.38380376898614304962
2026-01-04,aws-ondemand,B200,14.2416,posted-ondemand,,121146016.38380376898614304962
2026-01-04,aws-ondemand,H100-80GB,6.88,posted-ondemand,,121146016.38380376898614304962
2026-01-04,aws-ondemand,H200,7.912,posted-ondemand,,121146016.38380376898614304962
2026-01-05,aws-ondemand,A100-40GB,2.744705,posted-ondemand,,125675405.428222735480993771164
2026-01-05,aws-ondemand,A100-80GB,3.430881,posted-ondemand,,125675405.428222735480993771164
2026-01-05,aws-ondemand,B200,14.2416,posted-ondemand,,125675405.428222735480993771164
2026-01-05,aws-ondemand,H100-80GB,6.88,posted-ondemand,,125675405.428222735480993771164
2026-01-05,aws-ondemand,H200,7.912,posted-ondemand,,125675405.428222735480993771164
2026-01-06,aws-ondemand,A100-40GB,2.744705,posted-ondemand,,129999433.946902531046680099416
2026-01-06,aws-ondemand,A100-80GB,3.430881,posted-ondemand,,129999433.946902531046680099416
2026-01-06,aws-ondemand,B200,14.2416,posted-ondemand,,129999433.946902531046680099416
2026-01-06,aws-ondemand,H100-80GB,6.88,posted-ondemand,,129999433.946902531046680099416
2026-01-06,aws-ondemand,H200,7.912,posted-ondemand,,129999433.946902531046680099416
2026-01-07,aws-ondemand,A100-40GB,2.744705,posted-ondemand,,120250403.632180639367154969639
2026-01-07,aws-ondemand,A100-80GB,3.430881,posted-ondemand,,120250403.632180639367154969639
2026-01-07,aws-ondemand,B200,14.2416,posted-ondemand,,120250403.632180639367154969639
2026-01-07,aws-ondemand,H100-80GB,6.88,posted-ondemand,,120250403.632180639367154969639
2026-01-07,aws-ondemand,H200,7.912,posted-ondemand,,120250403.632180639367154969639
2026-01-08,aws-ondemand,A100-40GB,2.744705,posted-ondemand,,119202789.019429366464133856991
2026-01-08,aws-ondemand,A100-80GB,3.430881,posted-ondemand,,119202789.019429366464133856991
2026-01-08,aws-ondemand,B200,14.2416,posted-ondemand,,119202789.019429366464133856991
2026-01-08,aws-ondemand,H100-80GB,6.88,posted-ondemand,,119202789.019429366464133856991
2026-01-08,aws-ondemand,H200,7.912,posted-ondemand,,119202789.019429366464133856991
2026-01-09,aws-ondemand,A100-40GB,2.744705,posted-ondemand,,120924694.290786128443454495196
2026-01-09,aws-ondemand,A100-80GB,3.430881,posted-ondemand,,120924694.290786128443454495196
2026-01-09,aws-ondemand,B200,14.2416,posted-ondemand,,120924694.290786128443454495196
2026-01-09,aws-ondemand,H100-80GB,6.88,posted-ondemand,,120924694.290786128443454495196
2026-01-09,aws-ondemand,H200,7.912,posted-ondemand,,120924694.290786128443454495196
2026-01-10,aws-ondemand,A100-40GB,2.744705,posted-ondemand,,135862368.471244661622569540118
2026-01-10,aws-ondemand,A100-80GB,3.430881,posted-ondemand,,135862368.471244661622569540118
2026-01-10,aws-ondemand,B200,14.2416,posted-ondemand,,135862368.471244661622569540118
2026-01-10,aws-ondemand,H100-80GB,6.88,posted-ondemand,,135862368.471244661622569540118
2026-01-10,aws-ondemand,H200,7.912,posted-ondemand,,135862368.471244661622569540118
2026-01-11,aws-ondemand,A100-40GB,2.744705,posted-ondemand,,143313866.072406596278639605333
2026-01-11,aws-ondemand,A100-80GB,3.430881,posted-ondemand,,143313866.072406596278639605333
2026-01-11,aws-ondemand,B200,14.2416,posted-ondemand,,143313866.072406596278639605333
2026-01-11,aws-ondemand,H100-80GB,6.88,posted-ondemand,,143313866.072406596278639605333
2026-01-11,aws-ondemand,H200,7.912,posted-ondemand,,143313866.072406596278639605333
2026-01-12,aws-ondemand,A100-40GB,2.744705,posted-ondemand,,133426021.619481928105005702615
2026-01-12,aws-ondemand,A100-80GB,3.430881,posted-ondemand,,133426021.619481928105005702615
2026-01-12,aws-ondemand,B200,14.2416,posted-ondemand,,133426021.619481928105005702615
2026-01-12,aws-ondemand,H100-80GB,6.88,posted-ondemand,,133426021.619481928105005702615
2026-01-12,aws-ondemand,H200,7.912,posted-ondemand,,133426021.619481928105005702615
2026-01-13,aws-ondemand,A100-40GB,2.744705,posted-ondemand,,158044771.325584028254574520243
2026-01-13,aws-ondemand,A100-80GB,3.430881,posted-ondemand,,158044771.325584028254574520243
2026-01-13,aws-ondemand,B200,14.2416,posted-ondemand,,158044771.325584028254574520243
2026-01-13,aws-ondemand,H100-80GB,6.88,posted-ondemand,,158044771.325584028254574520243
2026-01-13,aws-ondemand,H200,7.912,posted-ondemand,,158044771.325584028254574520243
2026-01-14,aws-ondemand,A100-40GB,2.744705,posted-ondemand,,146558376.262066016885871440964
2026-01-14,aws-ondemand,A100-80GB,3.430881,posted-ondemand,,146558376.262066016885871440964
2026-01-14,aws-ondemand,B200,14.2416,posted-ondemand,,146558376.262066016885871440964
2026-01-14,aws-ondemand,H100-80GB,6.88,posted-ondemand,,146558376.262066016885871440964
2026-01-14,aws-ondemand,H200,7.912,posted-ondemand,,146558376.262066016885871440964
2026-01-15,aws-ondemand,A100-40GB,2.744705,posted-ondemand,,137148711.625820344861348591689
2026-01-15,aws-ondemand,A100-80GB,3.430881,posted-ondemand,,137148711.625820344861348591689
2026-01-15,aws-ondemand,B200,14.2416,posted-ondemand,,137148711.625820344861348591689
2026-01-15,aws-ondemand,H100-80GB,6.88,posted-ondemand,,137148711.625820344861348591689
2026-01-15,aws-ondemand,H200,7.912,posted-ondemand,,137148711.625820344861348591689
2026-01-16,aws-ondemand,A100-40GB,2.744705,posted-ondemand,,131983784.381646629814179172939
2026-01-16,aws-ondemand,A100-80GB,3.430881,posted-ondemand,,131983784.381646629814179172939
2026-01-16,aws-ondemand,B200,14.2416,posted-ondemand,,131983784.381646629814179172939
2026-01-16,aws-ondemand,H100-80GB,6.88,posted-ondemand,,131983784.381646629814179172939
2026-01-16,aws-ondemand,H200,7.912,posted-ondemand,,131983784.381646629814179172939
2026-01-17,aws-ondemand,A100-40GB,2.744705,posted-ondemand,,135868210.099934290404172165962
2026-01-17,aws-ondemand,A100-80GB,3.430881,posted-ondemand,,135868210.099934290404172165962
2026-01-17,aws-ondemand,B200,14.2416,posted-ondemand,,135868210.099934290404172165962
2026-01-17,aws-ondemand,H100-80GB,6.88,posted-ondemand,,135868210.099934290404172165962
2026-01-17,aws-ondemand,H200,7.912,posted-ondemand,,135868210.099934290404172165962
2026-01-18,aws-ondemand,A100-40GB,2.744705,posted-ondemand,,127890843.608544493555385735007
2026-01-18,aws-ondemand,A100-80GB,3.430881,posted-ondemand,,127890843.608544493555385735007
2026-01-18,aws-ondemand,B200,14.2416,posted-ondemand,,127890843.608544493555385735007
2026-01-18,aws-ondemand,H100-80GB,6.88,posted-ondemand,,127890843.608544493555385735007
2026-01-18,aws-ondemand,H200,7.912,posted-ondemand,,127890843.608544493555385735007
2026-01-19,aws-ondemand,A100-40GB,2.744705,posted-ondemand,,123940977.835788330561339938133
2026-01-19,aws-ondemand,A100-80GB,3.430881,posted-ondemand,,123940977.835788330561339938133
2026-01-19,aws-ondemand,B200,14.2416,posted-ondemand,,123940977.835788330561339938133
2026-01-19,aws-ondemand,H100-80GB,6.88,posted-ondemand,,123940977.835788330561339938133
2026-01-19,aws-ondemand,H200,7.912,posted-ondemand,,123940977.835788330561339938133
2026-01-20,aws-ondemand,A100-40GB,2.744705,posted-ondemand,,116048324.387255479778288465628
2026-01-20,aws-ondemand,A100-80GB,3.430881,posted-ondemand,,116048324.387255479778288465628
2026-01-20,aws-ondemand,B200,14.2416,posted-ondemand,,116048324.387255479778288465628
2026-01-20,aws-ondemand,H100-80GB,6.88,posted-ondemand,,116048324.387255479778288465628
2026-01-20,aws-ondemand,H200,7.912,posted-ondemand,,116048324.387255479778288465628
2026-01-21,aws-ondemand,A100-40GB,2.744705,posted-ondemand,,121614175.469039232564946072287
2026-01-21,aws-ondemand,A100-80GB,3.430881,posted-ondemand,,121614175.469039232564946072287
2026-01-21,aws-ondemand,B200,14.2416,posted-ondemand,,121614175.469039232564946072287
2026-01-21,aws-ondemand,H100-80GB,6.88,posted-ondemand,,121614175.469039232564946072287
2026-01-21,aws-ondemand,H200,7.912,posted-ondemand,,121614175.469039232564946072287
2026-01-22,aws-ondemand,A100-40GB,2.744705,posted-ondemand,,120266163.050408603057678110305
2026-01-22,aws-ondemand,A100-80GB,3.430881,posted-ondemand,,120266163.050408603057678110305
2026-01-22,aws-ondemand,B200,14.2416,posted-ondemand,,120266163.050408603057678110305
2026-01-22,aws-ondemand,H100-80GB,6.88,posted-ondemand,,120266163.050408603057678110305
2026-01-22,aws-ondemand,H200,7.912,posted-ondemand,,120266163.050408603057678110305
2026-01-23,aws-ondemand,A100-40GB,2.744705,posted-ondemand,,121929776.520241008581754690279
2026-01-23,aws-ondemand,A100-80GB,3.430881,posted-ondemand,,121929776.520241008581754690279
2026-01-23,aws-ondemand,B200,14.2416,posted-ondemand,,121929776.520241008581754690279
2026-01-23,aws-ondemand,H100-80GB,6.88,posted-ondemand,,121929776.520241008581754690279
2026-01-23,aws-ondemand,H200,7.912,posted-ondemand,,121929776.520241008581754690279
2026-01-24,aws-ondemand,A100-40GB,2.744705,posted-ondemand,,121651401.369331336809068112087
2026-01-24,aws-ondemand,A100-80GB,3.430881,posted-ondemand,,121651401.369331336809068112087
2026-01-24,aws-ondemand,B200,14.2416,posted-ondemand,,121651401.369331336809068112087
2026-01-24,aws-ondemand,H100-80GB,6.88,posted-ondemand,,121651401.369331336809068112087
2026-01-24,aws-ondemand,H200,7.912,posted-ondemand,,121651401.369331336809068112087
2026-01-25,aws-ondemand,A100-40GB,2.744705,posted-ondemand,,116652952.723330225685263814424
2026-01-25,aws-ondemand,A100-80GB,3.430881,posted-ondemand,,116652952.723330225685263814424
2026-01-25,aws-ondemand,B200,14.2416,posted-ondemand,,116652952.723330225685263814424
2026-01-25,aws-ondemand,H100-80GB,6.88,posted-ondemand,,116652952.723330225685263814424
2026-01-25,aws-ondemand,H200,7.912,posted-ondemand,,116652952.723330225685263814424
2026-01-26,aws-ondemand,A100-40GB,2.744705,posted-ondemand,,125629078.579620888639531750836
2026-01-26,aws-ondemand,A100-80GB,3.430881,posted-ondemand,,125629078.579620888639531750836
2026-01-26,aws-ondemand,B200,14.2416,posted-ondemand,,125629078.579620888639531750836
2026-01-26,aws-ondemand,H100-80GB,6.88,posted-ondemand,,125629078.579620888639531750836
2026-01-26,aws-ondemand,H200,7.912,posted-ondemand,,125629078.579620888639531750836
2026-01-27,aws-ondemand,A100-40GB,2.744705,posted-ondemand,,135363366.039790024000665874236
2026-01-27,aws-ondemand,A100-80GB,3.430881,posted-ondemand,,135363366.039790024000665874236
2026-01-27,aws-ondemand,B200,14.2416,posted-ondemand,,135363366.039790024000665874236
2026-01-27,aws-ondemand,H100-80GB,6.88,posted-ondemand,,135363366.039790024000665874236
2026-01-27,aws-ondemand,H200,7.912,posted-ondemand,,135363366.039790024000665874236
2026-01-28,aws-ondemand,A100-40GB,2.744705,posted-ondemand,,134982569.739204449102315541259
2026-01-28,aws-ondemand,A100-80GB,3.430881,posted-ondemand,,134982569.739204449102315541259
2026-01-28,aws-ondemand,B200,14.2416,posted-ondemand,,134982569.739204449102315541259
2026-01-28,aws-ondemand,H100-80GB,6.88,posted-ondemand,,134982569.739204449102315541259
2026-01-28,aws-ondemand,H200,7.912,posted-ondemand,,134982569.739204449102315541259
2026-01-29,aws-ondemand,A100-40GB,2.744705,posted-ondemand,,121498264.476238086171639780867
2026-01-29,aws-ondemand,A100-80GB,3.430881,posted-ondemand,,121498264.476238086171639780867
2026-01-29,aws-ondemand,B200,14.2416,posted-ondemand,,121498264.476238086171639780867
2026-01-29,aws-ondemand,H100-80GB,6.88,posted-ondemand,,121498264.476238086171639780867
2026-01-29,aws-ondemand,H200,7.912,posted-ondemand,,121498264.476238086171639780867
2026-01-30,aws-ondemand,A100-40GB,2.744705,posted-ondemand,,117646287.118011632800258300743
2026-01-30,aws-ondemand,A100-80GB,3.430881,posted-ondemand,,117646287.118011632800258300743
2026-01-30,aws-ondemand,B200,14.2416,posted-ondemand,,117646287.118011632800258300743
2026-01-30,aws-ondemand,H100-80GB,6.88,posted-ondemand,,117646287.118011632800258300743
2026-01-30,aws-ondemand,H200,7.912,posted-ondemand,,117646287.118011632800258300743
2026-01-31,aws-ondemand,A100-40GB,2.744705,posted-ondemand,,105652640.655318761957420644417
2026-01-31,aws-ondemand,A100-80GB,3.430881,posted-ondemand,,105652640.655318761957420644417
2026-01-31,aws-ondemand,B200,14.2416,posted-ondemand,,105652640.655318761957420644417
2026-01-31,aws-ondemand,H100-80GB,6.88,posted-ondemand,,105652640.655318761957420644417
2026-01-31,aws-ondemand,H200,7.912,posted-ondemand,,105652640.655318761957420644417
2026-02-01,aws-ondemand,A100-40GB,2.744705,posted-ondemand,,101644042.066342889227235306019
2026-02-01,aws-ondemand,A100-80GB,3.430881,posted-ondemand,,101644042.066342889227235306019
2026-02-01,aws-ondemand,B200,14.2416,posted-ondemand,,101644042.066342889227235306019
2026-02-01,aws-ondemand,H100-80GB,6.88,posted-ondemand,,101644042.066342889227235306019
2026-02-01,aws-ondemand,H200,7.912,posted-ondemand,,101644042.066342889227235306019
2026-02-02,aws-ondemand,A100-40GB,2.744705,posted-ondemand,,107182427.940171076006072694655
2026-02-02,aws-ondemand,A100-80GB,3.430881,posted-ondemand,,107182427.940171076006072694655
2026-02-02,aws-ondemand,B200,14.2416,posted-ondemand,,107182427.940171076006072694655
2026-02-02,aws-ondemand,H100-80GB,6.88,posted-ondemand,,107182427.940171076006072694655
2026-02-02,aws-ondemand,H200,7.912,posted-ondemand,,107182427.940171076006072694655
2026-02-03,aws-ondemand,A100-40GB,2.744705,posted-ondemand,,103751715.459389263593374909994
2026-02-03,aws-ondemand,A100-80GB,3.430881,posted-ondemand,,103751715.459389263593374909994
2026-02-03,aws-ondemand,B200,14.2416,posted-ondemand,,103751715.459389263593374909994
2026-02-03,aws-ondemand,H100-80GB,6.88,posted-ondemand,,103751715.459389263593374909994
2026-02-03,aws-ondemand,H200,7.912,posted-ondemand,,103751715.459389263593374909994
2026-02-04,aws-ondemand,A100-40GB,2.744705,posted-ondemand,,97034743.947554573105902515612
2026-02-04,aws-ondemand,A100-80GB,3.430881,posted-ondemand,,97034743.947554573105902515612
2026-02-04,aws-ondemand,B200,14.2416,posted-ondemand,,97034743.947554573105902515612
2026-02-04,aws-ondemand,H100-80GB,6.88,posted-ondemand,,97034743.947554573105902515612
2026-02-04,aws-ondemand,H200,7.912,posted-ondemand,,97034743.947554573105902515612
2026-02-05,aws-ondemand,A100-40GB,2.744705,posted-ondemand,,80240301.414955317000335545469
2026-02-05,aws-ondemand,A100-80GB,3.430881,posted-ondemand,,80240301.414955317000335545469
2026-02-05,aws-ondemand,B200,14.2416,posted-ondemand,,80240301.414955317000335545469
2026-02-05,aws-ondemand,H100-80GB,6.88,posted-ondemand,,80240301.414955317000335545469
2026-02-05,aws-ondemand,H200,7.912,posted-ondemand,,80240301.414955317000335545469
2026-02-06,aws-ondemand,A100-40GB,2.744705,posted-ondemand,,95585453.138473156083582050898
2026-02-06,aws-ondemand,A100-80GB,3.430881,posted-ondemand,,95585453.138473156083582050898
2026-02-06,aws-ondemand,B200,14.2416,posted-ondemand,,95585453.138473156083582050898
2026-02-06,aws-ondemand,H100-80GB,6.88,posted-ondemand,,95585453.138473156083582050898
2026-02-06,aws-ondemand,H200,7.912,posted-ondemand,,95585453.138473156083582050898
2026-02-07,aws-ondemand,A100-40GB,2.744705,posted-ondemand,,93962874.277182500506886103181
2026-02-07,aws-ondemand,A100-80GB,3.430881,posted-ondemand,,93962874.277182500506886103181
2026-02-07,aws-ondemand,B200,14.2416,posted-ondemand,,93962874.277182500506886103181
2026-02-07,aws-ondemand,H100-80GB,6.88,posted-ondemand,,93962874.277182500506886103181
2026-02-07,aws-ondemand,H200,7.912,posted-ondemand,,93962874.277182500506886103181
2026-02-08,aws-ondemand,A100-40GB,2.744705,posted-ondemand,,89324806.614080135948813205723
2026-02-08,aws-ondemand,A100-80GB,3.430881,posted-ondemand,,89324806.614080135948813205723
2026-02-08,aws-ondemand,B200,14.2416,posted-ondemand,,89324806.614080135948813205723
2026-02-08,aws-ondemand,H100-80GB,6.88,posted-ondemand,,89324806.614080135948813205723
2026-02-08,aws-ondemand,H200,7.912,posted-ondemand,,89324806.614080135948813205723
2026-02-09,aws-ondemand,A100-40GB,2.744705,posted-ondemand,,94028316.31413949010850153393
2026-02-09,aws-ondemand,A100-80GB,3.430881,posted-ondemand,,94028316.31413949010850153393
2026-02-09,aws-ondemand,B200,14.2416,posted-ondemand,,94028316.31413949010850153393
2026-02-09,aws-ondemand,H100-80GB,6.88,posted-ondemand,,94028316.31413949010850153393
2026-02-09,aws-ondemand,H200,7.912,posted-ondemand,,94028316.31413949010850153393
2026-02-10,aws-ondemand,A100-40GB,2.744705,posted-ondemand,,89389480.125625930136778622782
2026-02-10,aws-ondemand,A100-80GB,3.430881,posted-ondemand,,89389480.125625930136778622782
2026-02-10,aws-ondemand,B200,14.2416,posted-ondemand,,89389480.125625930136778622782
2026-02-10,aws-ondemand,H100-80GB,6.88,posted-ondemand,,89389480.125625930136778622782
2026-02-10,aws-ondemand,H200,7.912,posted-ondemand,,89389480.125625930136778622782
2026-02-11,aws-ondemand,A100-40GB,2.744705,posted-ondemand,,87931815.009941853539875448367
2026-02-11,aws-ondemand,A100-80GB,3.430881,posted-ondemand,,87931815.009941853539875448367
2026-02-11,aws-ondemand,B200,14.2416,posted-ondemand,,87931815.009941853539875448367
2026-02-11,aws-ondemand,H100-80GB,6.88,posted-ondemand,,87931815.009941853539875448367
2026-02-11,aws-ondemand,H200,7.912,posted-ondemand,,87931815.009941853539875448367
2026-02-12,aws-ondemand,A100-40GB,2.744705,posted-ondemand,,89872788.464169694788769446143
2026-02-12,aws-ondemand,A100-80GB,3.430881,posted-ondemand,,89872788.464169694788769446143
2026-02-12,aws-ondemand,B200,14.2416,posted-ondemand,,89872788.464169694788769446143
2026-02-12,aws-ondemand,H100-80GB,6.88,posted-ondemand,,89872788.464169694788769446143
2026-02-12,aws-ondemand,H200,7.912,posted-ondemand,,89872788.464169694788769446143
2026-02-13,aws-ondemand,A100-40GB,2.744705,posted-ondemand,,93250006.639671223922813385739
2026-02-13,aws-ondemand,A100-80GB,3.430881,posted-ondemand,,93250006.639671223922813385739
2026-02-13,aws-ondemand,B200,14.2416,posted-ondemand,,93250006.639671223922813385739
2026-02-13,aws-ondemand,H100-80GB,6.88,posted-ondemand,,93250006.639671223922813385739
2026-02-13,aws-ondemand,H200,7.912,posted-ondemand,,93250006.639671223922813385739
2026-02-14,aws-ondemand,A100-40GB,2.744705,posted-ondemand,,99636370.03739612773181433412
2026-02-14,aws-ondemand,A100-80GB,3.430881,posted-ondemand,,99636370.03739612773181433412
2026-02-14,aws-ondemand,B200,14.2416,posted-ondemand,,99636370.03739612773181433412
2026-02-14,aws-ondemand,H100-80GB,6.88,posted-ondemand,,99636370.03739612773181433412
2026-02-14,aws-ondemand,H200,7.912,posted-ondemand,,99636370.03739612773181433412
2026-02-15,aws-ondemand,A100-40GB,2.744705,posted-ondemand,,94806187.004507832944838153966
2026-02-15,aws-ondemand,A100-80GB,3.430881,posted-ondemand,,94806187.004507832944838153966
2026-02-15,aws-ondemand,B200,14.2416,posted-ondemand,,94806187.004507832944838153966
2026-02-15,aws-ondemand,H100-80GB,6.88,posted-ondemand,,94806187.004507832944838153966
2026-02-15,aws-ondemand,H200,7.912,posted-ondemand,,94806187.004507832944838153966
2026-02-16,aws-ondemand,A100-40GB,2.744705,posted-ondemand,,98260628.494145651783081111384
2026-02-16,aws-ondemand,A100-80GB,3.430881,posted-ondemand,,98260628.494145651783081111384
2026-02-16,aws-ondemand,B200,14.2416,posted-ondemand,,98260628.494145651783081111384
2026-02-16,aws-ondemand,H100-80GB,6.88,posted-ondemand,,98260628.494145651783081111384
2026-02-16,aws-ondemand,H200,7.912,posted-ondemand,,98260628.494145651783081111384
2026-02-17,aws-ondemand,A100-40GB,2.744705,posted-ondemand,,96853993.994645006135238525814
2026-02-17,aws-ondemand,A100-80GB,3.430881,posted-ondemand,,96853993.994645006135238525814
2026-02-17,aws-ondemand,B200,14.2416,posted-ondemand,,96853993.994645006135238525814
2026-02-17,aws-ondemand,H100-80GB,6.88,posted-ondemand,,96853993.994645006135238525814
2026-02-17,aws-ondemand,H200,7.912,posted-ondemand,,96853993.994645006135238525814
2026-02-18,aws-ondemand,A100-40GB,2.744705,posted-ondemand,,91179516.446183326534447011812
2026-02-18,aws-ondemand,A100-80GB,3.430881,posted-ondemand,,91179516.446183326534447011812
2026-02-18,aws-ondemand,B200,14.2416,posted-ondemand,,91179516.446183326534447011812
2026-02-18,aws-ondemand,H100-80GB,6.88,posted-ondemand,,91179516.446183326534447011812
2026-02-18,aws-ondemand,H200,7.912,posted-ondemand,,91179516.446183326534447011812
2026-02-19,aws-ondemand,A100-40GB,2.744705,posted-ondemand,,88746396.90764214109220758665
2026-02-19,aws-ondemand,A100-80GB,3.430881,posted-ondemand,,88746396.90764214109220758665
2026-02-19,aws-ondemand,B200,14.2416,posted-ondemand,,88746396.90764214109220758665
2026-02-19,aws-ondemand,H100-80GB,6.88,posted-ondemand,,88746396.90764214109220758665
2026-02-19,aws-ondemand,H200,7.912,posted-ondemand,,88746396.90764214109220758665
2026-02-20,aws-ondemand,A100-40GB,2.744705,posted-ondemand,,94301650.157785098482522152308
2026-02-20,aws-ondemand,A100-80GB,3.430881,posted-ondemand,,94301650.157785098482522152308
2026-02-20,aws-ondemand,B200,14.2416,posted-ondemand,,94301650.157785098482522152308
2026-02-20,aws-ondemand,H100-80GB,6.88,posted-ondemand,,94301650.157785098482522152308
2026-02-20,aws-ondemand,H200,7.912,posted-ondemand,,94301650.157785098482522152308
2026-02-21,aws-ondemand,A100-40GB,2.744705,posted-ondemand,,91349288.763259658099886304772
2026-02-21,aws-ondemand,A100-80GB,3.430881,posted-ondemand,,91349288.763259658099886304772
2026-02-21,aws-ondemand,B200,14.2416,posted-ondemand,,91349288.763259658099886304772
2026-02-21,aws-ondemand,H100-80GB,6.88,posted-ondemand,,91349288.763259658099886304772
2026-02-21,aws-ondemand,H200,7.912,posted-ondemand,,91349288.763259658099886304772
2026-02-22,aws-ondemand,A100-40GB,2.744705,posted-ondemand,,88874342.847755835345925890878
2026-02-22,aws-ondemand,A100-80GB,3.430881,posted-ondemand,,88874342.847755835345925890878
2026-02-22,aws-ondemand,B200,14.2416,posted-ondemand,,88874342.847755835345925890878
2026-02-22,aws-ondemand,H100-80GB,6.88,posted-ondemand,,88874342.847755835345925890878
2026-02-22,aws-ondemand,H200,7.912,posted-ondemand,,88874342.847755835345925890878
2026-02-23,aws-ondemand,A100-40GB,2.744705,posted-ondemand,,87107348.123820567469807636868
2026-02-23,aws-ondemand,A100-80GB,3.430881,posted-ondemand,,87107348.123820567469807636868
2026-02-23,aws-ondemand,B200,14.2416,posted-ondemand,,87107348.123820567469807636868
2026-02-23,aws-ondemand,H100-80GB,6.88,posted-ondemand,,87107348.123820567469807636868
2026-02-23,aws-ondemand,H200,7.912,posted-ondemand,,87107348.123820567469807636868
2026-02-24,aws-ondemand,A100-40GB,2.744705,posted-ondemand,,85852073.042737926478244030718
2026-02-24,aws-ondemand,A100-80GB,3.430881,posted-ondemand,,85852073.042737926478244030718
2026-02-24,aws-ondemand,B200,14.2416,posted-ondemand,,85852073.042737926478244030718
2026-02-24,aws-ondemand,H100-80GB,6.88,posted-ondemand,,85852073.042737926478244030718
2026-02-24,aws-ondemand,H200,7.912,posted-ondemand,,85852073.042737926478244030718
2026-02-25,aws-ondemand,A100-40GB,2.744705,posted-ondemand,,91635266.487833995288927544518
2026-02-25,aws-ondemand,A100-80GB,3.430881,posted-ondemand,,91635266.487833995288927544518
2026-02-25,aws-ondemand,B200,14.2416,posted-ondemand,,91635266.487833995288927544518
2026-02-25,aws-ondemand,H100-80GB,6.88,posted-ondemand,,91635266.487833995288927544518
2026-02-25,aws-ondemand,H200,7.912,posted-ondemand,,91635266.487833995288927544518
2026-02-26,aws-ondemand,A100-40GB,2.744705,posted-ondemand,,89331913.264903351808339029624
2026-02-26,aws-ondemand,A100-80GB,3.430881,posted-ondemand,,89331913.264903351808339029624
2026-02-26,aws-ondemand,B200,14.2416,posted-ondemand,,89331913.264903351808339029624
2026-02-26,aws-ondemand,H100-80GB,6.88,posted-ondemand,,89331913.264903351808339029624
2026-02-26,aws-ondemand,H200,7.912,posted-ondemand,,89331913.264903351808339029624
2026-02-27,aws-ondemand,A100-40GB,2.744705,posted-ondemand,,88143202.775812545542210592458
2026-02-27,aws-ondemand,A100-80GB,3.430881,posted-ondemand,,88143202.775812545542210592458
2026-02-27,aws-ondemand,B200,14.2416,posted-ondemand,,88143202.775812545542210592458
2026-02-27,aws-ondemand,H100-80GB,6.88,posted-ondemand,,88143202.775812545542210592458
2026-02-27,aws-ondemand,H200,7.912,posted-ondemand,,88143202.775812545542210592458
2026-02-28,aws-ondemand,A100-40GB,2.744705,posted-ondemand,,89534932.988152395790083084208
2026-02-28,aws-ondemand,A100-80GB,3.430881,posted-ondemand,,89534932.988152395790083084208
2026-02-28,aws-ondemand,B200,14.2416,posted-ondemand,,89534932.988152395790083084208
2026-02-28,aws-ondemand,H100-80GB,6.88,posted-ondemand,,89534932.988152395790083084208
2026-02-28,aws-ondemand,H200,7.912,posted-ondemand,,89534932.988152395790083084208
2026-03-01,aws-ondemand,A100-40GB,2.744705,posted-ondemand,,84766624.02839535989243269348
2026-03-01,aws-ondemand,A100-80GB,3.430881,posted-ondemand,,84766624.02839535989243269348
2026-03-01,aws-ondemand,B200,14.2416,posted-ondemand,,84766624.02839535989243269348
2026-03-01,aws-ondemand,H100-80GB,6.88,posted-ondemand,,84766624.02839535989243269348
2026-03-01,aws-ondemand,H200,7.912,posted-ondemand,,84766624.02839535989243269348
2026-03-02,aws-ondemand,A100-40GB,2.744705,posted-ondemand,,87113288.499600653411341211866
2026-03-02,aws-ondemand,A100-80GB,3.430881,posted-ondemand,,87113288.499600653411341211866
2026-03-02,aws-ondemand,B200,14.2416,posted-ondemand,,87113288.499600653411341211866
2026-03-02,aws-ondemand,H100-80GB,6.88,posted-ondemand,,87113288.499600653411341211866
2026-03-02,aws-ondemand,H200,7.912,posted-ondemand,,87113288.499600653411341211866
2026-03-03,aws-ondemand,A100-40GB,2.744705,posted-ondemand,,97315708.527935657213966327046
2026-03-03,aws-ondemand,A100-80GB,3.430881,posted-ondemand,,97315708.527935657213966327046
2026-03-03,aws-ondemand,B200,14.2416,posted-ondemand,,97315708.527935657213966327046
2026-03-03,aws-ondemand,H100-80GB,6.88,posted-ondemand,,97315708.527935657213966327046
2026-03-03,aws-ondemand,H200,7.912,posted-ondemand,,97315708.527935657213966327046
2026-03-04,aws-ondemand,A100-40GB,2.744705,posted-ondemand,,96935235.693926525037351119484
2026-03-04,aws-ondemand,A100-80GB,3.430881,posted-ondemand,,96935235.693926525037351119484
2026-03-04,aws-ondemand,B200,14.2416,posted-ondemand,,96935235.693926525037351119484
2026-03-04,aws-ondemand,H100-80GB,6.88,posted-ondemand,,96935235.693926525037351119484
2026-03-04,aws-ondemand,H200,7.912,posted-ondemand,,96935235.693926525037351119484
2026-03-05,aws-ondemand,A100-40GB,2.744705,posted-ondemand,,100546776.070004774772417128268
2026-03-05,aws-ondemand,A100-80GB,3.430881,posted-ondemand,,100546776.070004774772417128268
2026-03-05,aws-ondemand,B200,14.2416,posted-ondemand,,100546776.070004774772417128268
2026-03-05,aws-ondemand,H100-80GB,6.88,posted-ondemand,,100546776.070004774772417128268
2026-03-05,aws-ondemand,H200,7.912,posted-ondemand,,100546776.070004774772417128268
2026-03-06,aws-ondemand,A100-40GB,2.744705,posted-ondemand,,102805502.266506502575899729456
2026-03-06,aws-ondemand,A100-80GB,3.430881,posted-ondemand,,102805502.266506502575899729456
2026-03-06,aws-ondemand,B200,14.2416,posted-ondemand,,102805502.266506502575899729456
2026-03-06,aws-ondemand,H100-80GB,6.88,posted-ondemand,,102805502.266506502575899729456
2026-03-06,aws-ondemand,H200,7.912,posted-ondemand,,102805502.266506502575899729456
2026-03-07,aws-ondemand,A100-40GB,2.744705,posted-ondemand,,113479253.408550634450135885
2026-03-07,aws-ondemand,A100-80GB,3.430881,posted-ondemand,,113479253.408550634450135885
2026-03-07,aws-ondemand,B200,14.2416,posted-ondemand,,113479253.408550634450135885
2026-03-07,aws-ondemand,H100-80GB,6.88,posted-ondemand,,113479253.408550634450135885
2026-03-07,aws-ondemand,H200,7.912,posted-ondemand,,113479253.408550634450135885
2026-03-08,aws-ondemand,A100-40GB,2.744705,posted-ondemand,,114731635.341995988722779376436
2026-03-08,aws-ondemand,A100-80GB,3.430881,posted-ondemand,,114731635.341995988722779376436
2026-03-08,aws-ondemand,B200,14.2416,posted-ondemand,,114731635.341995988722779376436
2026-03-08,aws-ondemand,H100-80GB,6.88,posted-ondemand,,114731635.341995988722779376436
2026-03-08,aws-ondemand,H200,7.912,posted-ondemand,,114731635.341995988722779376436
2026-03-09,aws-ondemand,A100-40GB,2.744705,posted-ondemand,,108787430.485627578101626511864
2026-03-09,aws-ondemand,A100-80GB,3.430881,posted-ondemand,,108787430.485627578101626511864
2026-03-09,aws-ondemand,B200,14.2416,posted-ondemand,,108787430.485627578101626511864
2026-03-09,aws-ondemand,H100-80GB,6.88,posted-ondemand,,108787430.485627578101626511864
2026-03-09,aws-ondemand,H200,7.912,posted-ondemand,,108787430.485627578101626511864
2026-03-10,aws-ondemand,A100-40GB,2.744705,posted-ondemand,,128760188.402558733213318903008
2026-03-10,aws-ondemand,A100-80GB,3.430881,posted-ondemand,,128760188.402558733213318903008
2026-03-10,aws-ondemand,B200,14.2416,posted-ondemand,,128760188.402558733213318903008
2026-03-10,aws-ondemand,H100-80GB,6.88,posted-ondemand,,128760188.402558733213318903008
2026-03-10,aws-ondemand,H200,7.912,posted-ondemand,,128760188.402558733213318903008
2026-03-11,aws-ondemand,A100-40GB,2.744705,posted-ondemand,,124620480.528541033470213486312
2026-03-11,aws-ondemand,A100-80GB,3.430881,posted-ondemand,,124620480.528541033470213486312
2026-03-11,aws-ondemand,B200,14.2416,posted-ondemand,,124620480.528541033470213486312
2026-03-11,aws-ondemand,H100-80GB,6.88,posted-ondemand,,124620480.528541033470213486312
2026-03-11,aws-ondemand,H200,7.912,posted-ondemand,,124620480.528541033470213486312
2026-03-12,aws-ondemand,A100-40GB,2.744705,posted-ondemand,,126648579.276758580722982539336
2026-03-12,aws-ondemand,A100-80GB,3.430881,posted-ondemand,,126648579.276758580722982539336
2026-03-12,aws-ondemand,B200,14.2416,posted-ondemand,,126648579.276758580722982539336
2026-03-12,aws-ondemand,H100-80GB,6.88,posted-ondemand,,126648579.276758580722982539336
2026-03-12,aws-ondemand,H200,7.912,posted-ondemand,,126648579.276758580722982539336
2026-03-13,aws-ondemand,A100-40GB,2.744705,posted-ondemand,,126892614.430724673185665041236
2026-03-13,aws-ondemand,A100-80GB,3.430881,posted-ondemand,,126892614.430724673185665041236
2026-03-13,aws-ondemand,B200,14.2416,posted-ondemand,,126892614.430724673185665041236
2026-03-13,aws-ondemand,H100-80GB,6.88,posted-ondemand,,126892614.430724673185665041236
2026-03-13,aws-ondemand,H200,7.912,posted-ondemand,,126892614.430724673185665041236
2026-03-14,aws-ondemand,A100-40GB,2.744705,posted-ondemand,,127174649.20623337880019239514
2026-03-14,aws-ondemand,A100-80GB,3.430881,posted-ondemand,,127174649.20623337880019239514
2026-03-14,aws-ondemand,B200,14.2416,posted-ondemand,,127174649.20623337880019239514
2026-03-14,aws-ondemand,H100-80GB,6.88,posted-ondemand,,127174649.20623337880019239514
2026-03-14,aws-ondemand,H200,7.912,posted-ondemand,,127174649.20623337880019239514
2026-03-15,aws-ondemand,A100-40GB,2.744705,posted-ondemand,,127535006.55140548934617853964
2026-03-15,aws-ondemand,A100-80GB,3.430881,posted-ondemand,,127535006.55140548934617853964
2026-03-15,aws-ondemand,B200,14.2416,posted-ondemand,,127535006.55140548934617853964
2026-03-15,aws-ondemand,H100-80GB,6.88,posted-ondemand,,127535006.55140548934617853964
2026-03-15,aws-ondemand,H200,7.912,posted-ondemand,,127535006.55140548934617853964
2026-03-16,aws-ondemand,A100-40GB,2.744705,posted-ondemand,,133311392.896210319287274041356
2026-03-16,aws-ondemand,A100-80GB,3.430881,posted-ondemand,,133311392.896210319287274041356
2026-03-16,aws-ondemand,B200,14.2416,posted-ondemand,,133311392.896210319287274041356
2026-03-16,aws-ondemand,H100-80GB,6.88,posted-ondemand,,133311392.896210319287274041356
2026-03-16,aws-ondemand,H200,7.912,posted-ondemand,,133311392.896210319287274041356
2026-03-17,aws-ondemand,A100-40GB,2.744705,posted-ondemand,,146003591.386271615261900780392
2026-03-17,aws-ondemand,A100-80GB,3.430881,posted-ondemand,,146003591.386271615261900780392
2026-03-17,aws-ondemand,B200,14.2416,posted-ondemand,,146003591.386271615261900780392
2026-03-17,aws-ondemand,H100-80GB,6.88,posted-ondemand,,146003591.386271615261900780392
2026-03-17,aws-ondemand,H200,7.912,posted-ondemand,,146003591.386271615261900780392
2026-03-18,aws-ondemand,A100-40GB,2.744705,posted-ondemand,,153025822.64933473001823477002
2026-03-18,aws-ondemand,A100-80GB,3.430881,posted-ondemand,,153025822.64933473001823477002
2026-03-18,aws-ondemand,B200,14.2416,posted-ondemand,,153025822.64933473001823477002
2026-03-18,aws-ondemand,H100-80GB,6.88,posted-ondemand,,153025822.64933473001823477002
2026-03-18,aws-ondemand,H200,7.912,posted-ondemand,,153025822.64933473001823477002
2026-03-19,aws-ondemand,A100-40GB,2.744705,posted-ondemand,,133170096.631423708816548731604
2026-03-19,aws-ondemand,A100-80GB,3.430881,posted-ondemand,,133170096.631423708816548731604
2026-03-19,aws-ondemand,B200,14.2416,posted-ondemand,,133170096.631423708816548731604
2026-03-19,aws-ondemand,H100-80GB,6.88,posted-ondemand,,133170096.631423708816548731604
2026-03-19,aws-ondemand,H200,7.912,posted-ondemand,,133170096.631423708816548731604
2026-03-20,aws-ondemand,A100-40GB,2.744705,posted-ondemand,,143881212.826745083697803861043
2026-03-20,aws-ondemand,A100-80GB,3.430881,posted-ondemand,,143881212.826745083697803861043
2026-03-20,aws-ondemand,B200,14.2416,posted-ondemand,,143881212.826745083697803861043
2026-03-20,aws-ondemand,H100-80GB,6.88,posted-ondemand,,143881212.826745083697803861043
2026-03-20,aws-ondemand,H200,7.912,posted-ondemand,,143881212.826745083697803861043
2026-03-21,aws-ondemand,A100-40GB,2.744705,posted-ondemand,,157669492.889950703952648886536
2026-03-21,aws-ondemand,A100-80GB,3.430881,posted-ondemand,,157669492.889950703952648886536
2026-03-21,aws-ondemand,B200,14.2416,posted-ondemand,,157669492.889950703952648886536
2026-03-21,aws-ondemand,H100-80GB,6.88,posted-ondemand,,157669492.889950703952648886536
2026-03-21,aws-ondemand,H200,7.912,posted-ondemand,,157669492.889950703952648886536
2026-03-22,aws-ondemand,A100-40GB,2.744705,posted-ondemand,,151611474.952459024769569330656
2026-03-22,aws-ondemand,A100-80GB,3.430881,posted-ondemand,,151611474.952459024769569330656
2026-03-22,aws-ondemand,B200,14.2416,posted-ondemand,,151611474.952459024769569330656
2026-03-22,aws-ondemand,H100-80GB,6.88,posted-ondemand,,151611474.952459024769569330656
2026-03-22,aws-ondemand,H200,7.912,posted-ondemand,,151611474.952459024769569330656
2026-03-23,aws-ondemand,A100-40GB,2.744705,posted-ondemand,,148357151.037305501545603369275
2026-03-23,aws-ondemand,A100-80GB,3.430881,posted-ondemand,,148357151.037305501545603369275
2026-03-23,aws-ondemand,B200,14.2416,posted-ondemand,,148357151.037305501545603369275
2026-03-23,aws-ondemand,H100-80GB,6.88,posted-ondemand,,148357151.037305501545603369275
2026-03-23,aws-ondemand,H200,7.912,posted-ondemand,,148357151.037305501545603369275
2026-03-24,aws-ondemand,A100-40GB,2.744705,posted-ondemand,,140947757.09144356753066534512
2026-03-24,aws-ondemand,A100-80GB,3.430881,posted-ondemand,,140947757.09144356753066534512
2026-03-24,aws-ondemand,B200,14.2416,posted-ondemand,,140947757.09144356753066534512
2026-03-24,aws-ondemand,H100-80GB,6.88,posted-ondemand,,140947757.09144356753066534512
2026-03-24,aws-ondemand,H200,7.912,posted-ondemand,,140947757.09144356753066534512
2026-03-25,aws-ondemand,A100-40GB,2.744705,posted-ondemand,,145760310.640266277284985205691
2026-03-25,aws-ondemand,A100-80GB,3.430881,posted-ondemand,,145760310.640266277284985205691
2026-03-25,aws-ondemand,B200,14.2416,posted-ondemand,,145760310.640266277284985205691
2026-03-25,aws-ondemand,H100-80GB,6.88,posted-ondemand,,145760310.640266277284985205691
2026-03-25,aws-ondemand,H200,7.912,posted-ondemand,,145760310.640266277284985205691
2026-03-26,aws-ondemand,A100-40GB,2.744705,posted-ondemand,,134308414.778234820884594710448
2026-03-26,aws-ondemand,A100-80GB,3.430881,posted-ondemand,,134308414.778234820884594710448
2026-03-26,aws-ondemand,B200,14.2416,posted-ondemand,,134308414.778234820884594710448
2026-03-26,aws-ondemand,H100-80GB,6.88,posted-ondemand,,134308414.778234820884594710448
2026-03-26,aws-ondemand,H200,7.912,posted-ondemand,,134308414.778234820884594710448
2026-03-27,aws-ondemand,A100-40GB,2.744705,posted-ondemand,,125881258.386788260840198807144
2026-03-27,aws-ondemand,A100-80GB,3.430881,posted-ondemand,,125881258.386788260840198807144
2026-03-27,aws-ondemand,B200,14.2416,posted-ondemand,,125881258.386788260840198807144
2026-03-27,aws-ondemand,H100-80GB,6.88,posted-ondemand,,125881258.386788260840198807144
2026-03-27,aws-ondemand,H200,7.912,posted-ondemand,,125881258.386788260840198807144
2026-03-28,aws-ondemand,A100-40GB,2.744705,posted-ondemand,,130138940.630179008162508223178
2026-03-28,aws-ondemand,A100-80GB,3.430881,posted-ondemand,,130138940.630179008162508223178
2026-03-28,aws-ondemand,B200,14.2416,posted-ondemand,,130138940.630179008162508223178
2026-03-28,aws-ondemand,H100-80GB,6.88,posted-ondemand,,130138940.630179008162508223178
2026-03-28,aws-ondemand,H200,7.912,posted-ondemand,,130138940.630179008162508223178
2026-03-29,aws-ondemand,A100-40GB,2.744705,posted-ondemand,,130242102.137165565177950690953
2026-03-29,aws-ondemand,A100-80GB,3.430881,posted-ondemand,,130242102.137165565177950690953
2026-03-29,aws-ondemand,B200,14.2416,posted-ondemand,,130242102.137165565177950690953
2026-03-29,aws-ondemand,H100-80GB,6.88,posted-ondemand,,130242102.137165565177950690953
2026-03-29,aws-ondemand,H200,7.912,posted-ondemand,,130242102.137165565177950690953
2026-03-30,aws-ondemand,A100-40GB,2.744705,posted-ondemand,,129499752.78343872039488712892
2026-03-30,aws-ondemand,A100-80GB,3.430881,posted-ondemand,,129499752.78343872039488712892
2026-03-30,aws-ondemand,B200,14.2416,posted-ondemand,,129499752.78343872039488712892
2026-03-30,aws-ondemand,H100-80GB,6.88,posted-ondemand,,129499752.78343872039488712892
2026-03-30,aws-ondemand,H200,7.912,posted-ondemand,,129499752.78343872039488712892
2026-03-31,aws-ondemand,A100-40GB,2.744705,posted-ondemand,,130379326.477486822060830492993
2026-03-31,aws-ondemand,A100-80GB,3.430881,posted-ondemand,,130379326.477486822060830492993
2026-03-31,aws-ondemand,B200,14.2416,posted-ondemand,,130379326.477486822060830492993
2026-03-31,aws-ondemand,H100-80GB,6.88,posted-ondemand,,130379326.477486822060830492993
2026-03-31,aws-ondemand,H200,7.912,posted-ondemand,,130379326.477486822060830492993
2026-04-01,aws-ondemand,A100-40GB,2.744705,posted-ondemand,,130488143.226181344538601381036
2026-04-01,aws-ondemand,A100-80GB,3.430881,posted-ondemand,,130488143.226181344538601381036
2026-04-01,aws-ondemand,B200,14.2416,posted-ondemand,,130488143.226181344538601381036
2026-04-01,aws-ondemand,H100-80GB,6.88,posted-ondemand,,130488143.226181344538601381036
2026-04-01,aws-ondemand,H200,7.912,posted-ondemand,,130488143.226181344538601381036
2026-04-02,aws-ondemand,A100-40GB,2.744705,posted-ondemand,,117253512.294216351140620013868
2026-04-02,aws-ondemand,A100-80GB,3.430881,posted-ondemand,,117253512.294216351140620013868
2026-04-02,aws-ondemand,B200,14.2416,posted-ondemand,,117253512.294216351140620013868
2026-04-02,aws-ondemand,H100-80GB,6.88,posted-ondemand,,117253512.294216351140620013868
2026-04-02,aws-ondemand,H200,7.912,posted-ondemand,,117253512.294216351140620013868
2026-04-03,aws-ondemand,A100-40GB,2.744705,posted-ondemand,,120234229.686209541409244694159
2026-04-03,aws-ondemand,A100-80GB,3.430881,posted-ondemand,,120234229.686209541409244694159
2026-04-03,aws-ondemand,B200,14.2416,posted-ondemand,,120234229.686209541409244694159
2026-04-03,aws-ondemand,H100-80GB,6.88,posted-ondemand,,120234229.686209541409244694159
2026-04-03,aws-ondemand,H200,7.912,posted-ondemand,,120234229.686209541409244694159
2026-04-04,aws-ondemand,A100-40GB,2.744705,posted-ondemand,,119327607.25549073500886710515
2026-04-04,aws-ondemand,A100-80GB,3.430881,posted-ondemand,,119327607.25549073500886710515
2026-04-04,aws-ondemand,B200,14.2416,posted-ondemand,,119327607.25549073500886710515
2026-04-04,aws-ondemand,H100-80GB,6.88,posted-ondemand,,119327607.25549073500886710515
2026-04-04,aws-ondemand,H200,7.912,posted-ondemand,,119327607.25549073500886710515
2026-04-05,aws-ondemand,A100-40GB,2.744705,posted-ondemand,,119758567.281668552238267898224
2026-04-05,aws-ondemand,A100-80GB,3.430881,posted-ondemand,,119758567.281668552238267898224
2026-04-05,aws-ondemand,B200,14.2416,posted-ondemand,,119758567.281668552238267898224
2026-04-05,aws-ondemand,H100-80GB,6.88,posted-ondemand,,119758567.281668552238267898224
2026-04-05,aws-ondemand,H200,7.912,posted-ondemand,,119758567.281668552238267898224
2026-04-06,aws-ondemand,A100-40GB,2.744705,posted-ondemand,,111584987.531335271967279202592
2026-04-06,aws-ondemand,A100-80GB,3.430881,posted-ondemand,,111584987.531335271967279202592
2026-04-06,aws-ondemand,B200,14.2416,posted-ondemand,,111584987.531335271967279202592
2026-04-06,aws-ondemand,H100-80GB,6.88,posted-ondemand,,111584987.531335271967279202592
2026-04-06,aws-ondemand,H200,7.912,posted-ondemand,,111584987.531335271967279202592
2026-04-07,aws-ondemand,A100-40GB,2.744705,posted-ondemand,,122443524.672622053404499307165
2026-04-07,aws-ondemand,A100-80GB,3.430881,posted-ondemand,,122443524.672622053404499307165
2026-04-07,aws-ondemand,B200,14.2416,posted-ondemand,,122443524.672622053404499307165
2026-04-07,aws-ondemand,H100-80GB,6.88,posted-ondemand,,122443524.672622053404499307165
2026-04-07,aws-ondemand,H200,7.912,posted-ondemand,,122443524.672622053404499307165
2026-04-08,aws-ondemand,A100-40GB,2.744705,posted-ondemand,,118664143.856838409479642803442
2026-04-08,aws-ondemand,A100-80GB,3.430881,posted-ondemand,,118664143.856838409479642803442
2026-04-08,aws-ondemand,B200,14.2416,posted-ondemand,,118664143.856838409479642803442
2026-04-08,aws-ondemand,H100-80GB,6.88,posted-ondemand,,118664143.856838409479642803442
2026-04-08,aws-ondemand,H200,7.912,posted-ondemand,,118664143.856838409479642803442
2026-04-09,aws-ondemand,A100-40GB,2.744705,posted-ondemand,,122691432.15311087076625329147
2026-04-09,aws-ondemand,A100-80GB,3.430881,posted-ondemand,,122691432.15311087076625329147
2026-04-09,aws-ondemand,B200,14.2416,posted-ondemand,,122691432.15311087076625329147
2026-04-09,aws-ondemand,H100-80GB,6.88,posted-ondemand,,122691432.15311087076625329147
2026-04-09,aws-ondemand,H200,7.912,posted-ondemand,,122691432.15311087076625329147
2026-04-10,aws-ondemand,A100-40GB,2.744705,posted-ondemand,,122202951.924825089440573545144
2026-04-10,aws-ondemand,A100-80GB,3.430881,posted-ondemand,,122202951.924825089440573545144
2026-04-10,aws-ondemand,B200,14.2416,posted-ondemand,,122202951.924825089440573545144
2026-04-10,aws-ondemand,H100-80GB,6.88,posted-ondemand,,122202951.924825089440573545144
2026-04-10,aws-ondemand,H200,7.912,posted-ondemand,,122202951.924825089440573545144
2026-04-11,aws-ondemand,A100-40GB,2.744705,posted-ondemand,,122322606.845281299898811764888
2026-04-11,aws-ondemand,A100-80GB,3.430881,posted-ondemand,,122322606.845281299898811764888
2026-04-11,aws-ondemand,B200,14.2416,posted-ondemand,,122322606.845281299898811764888
2026-04-11,aws-ondemand,H100-80GB,6.88,posted-ondemand,,122322606.845281299898811764888
2026-04-11,aws-ondemand,H200,7.912,posted-ondemand,,122322606.845281299898811764888
2026-04-12,aws-ondemand,A100-40GB,2.744705,posted-ondemand,,115937697.933347943729693802058
2026-04-12,aws-ondemand,A100-80GB,3.430881,posted-ondemand,,115937697.933347943729693802058
2026-04-12,aws-ondemand,B200,14.2416,posted-ondemand,,115937697.933347943729693802058
2026-04-12,aws-ondemand,H100-80GB,6.88,posted-ondemand,,115937697.933347943729693802058
2026-04-12,aws-ondemand,H200,7.912,posted-ondemand,,115937697.933347943729693802058
2026-04-13,aws-ondemand,A100-40GB,2.744705,posted-ondemand,,122249172.9734063240397887383
2026-04-13,aws-ondemand,A100-80GB,3.430881,posted-ondemand,,122249172.9734063240397887383
2026-04-13,aws-ondemand,B200,14.2416,posted-ondemand,,122249172.9734063240397887383
2026-04-13,aws-ondemand,H100-80GB,6.88,posted-ondemand,,122249172.9734063240397887383
2026-04-13,aws-ondemand,H200,7.912,posted-ondemand,,122249172.9734063240397887383
2026-04-14,aws-ondemand,A100-40GB,2.744705,posted-ondemand,,119659473.306460240114433825165
2026-04-14,aws-ondemand,A100-80GB,3.430881,posted-ondemand,,119659473.306460240114433825165
2026-04-14,aws-ondemand,B200,14.2416,posted-ondemand,,119659473.306460240114433825165
2026-04-14,aws-ondemand,H100-80GB,6.88,posted-ondemand,,119659473.306460240114433825165
2026-04-14,aws-ondemand,H200,7.912,posted-ondemand,,119659473.306460240114433825165
2026-04-15,aws-ondemand,A100-40GB,2.744705,posted-ondemand,,125885329.197672304363607243532
2026-04-15,aws-ondemand,A100-80GB,3.430881,posted-ondemand,,125885329.197672304363607243532
2026-04-15,aws-ondemand,B200,14.2416,posted-ondemand,,125885329.197672304363607243532
2026-04-15,aws-ondemand,H100-80GB,6.88,posted-ondemand,,125885329.197672304363607243532
2026-04-15,aws-ondemand,H200,7.912,posted-ondemand,,125885329.197672304363607243532
2026-04-16,aws-ondemand,A100-40GB,2.744705,posted-ondemand,,133101018.83760059873684833812
2026-04-16,aws-ondemand,A100-80GB,3.430881,posted-ondemand,,133101018.83760059873684833812
2026-04-16,aws-ondemand,B200,14.2416,posted-ondemand,,133101018.83760059873684833812
2026-04-16,aws-ondemand,H100-80GB,6.88,posted-ondemand,,133101018.83760059873684833812
2026-04-16,aws-ondemand,H200,7.912,posted-ondemand,,133101018.83760059873684833812
2026-04-17,aws-ondemand,A100-40GB,2.744705,posted-ondemand,,130349420.968415953079639893666
2026-04-17,aws-ondemand,A100-80GB,3.430881,posted-ondemand,,130349420.968415953079639893666
2026-04-17,aws-ondemand,B200,14.2416,posted-ondemand,,130349420.968415953079639893666
2026-04-17,aws-ondemand,H100-80GB,6.88,posted-ondemand,,130349420.968415953079639893666
2026-04-17,aws-ondemand,H200,7.912,posted-ondemand,,130349420.968415953079639893666
2026-04-18,aws-ondemand,A100-40GB,2.744705,posted-ondemand,,121293635.480597056644092148444
2026-04-18,aws-ondemand,A100-80GB,3.430881,posted-ondemand,,121293635.480597056644092148444
2026-04-18,aws-ondemand,B200,14.2416,posted-ondemand,,121293635.480597056644092148444
2026-04-18,aws-ondemand,H100-80GB,6.88,posted-ondemand,,121293635.480597056644092148444
2026-04-18,aws-ondemand,H200,7.912,posted-ondemand,,121293635.480597056644092148444
2026-04-19,aws-ondemand,A100-40GB,2.744705,posted-ondemand,,118839879.911609469574814377421
2026-04-19,aws-ondemand,A100-80GB,3.430881,posted-ondemand,,118839879.911609469574814377421
2026-04-19,aws-ondemand,B200,14.2416,posted-ondemand,,118839879.911609469574814377421
2026-04-19,aws-ondemand,H100-80GB,6.88,posted-ondemand,,118839879.911609469574814377421
2026-04-19,aws-ondemand,H200,7.912,posted-ondemand,,118839879.911609469574814377421
2026-04-20,aws-ondemand,A100-40GB,2.744705,posted-ondemand,,134644899.334983928156396931034
2026-04-20,aws-ondemand,A100-80GB,3.430881,posted-ondemand,,134644899.334983928156396931034
2026-04-20,aws-ondemand,B200,14.2416,posted-ondemand,,134644899.334983928156396931034
2026-04-20,aws-ondemand,H100-80GB,6.88,posted-ondemand,,134644899.334983928156396931034
2026-04-20,aws-ondemand,H200,7.912,posted-ondemand,,134644899.334983928156396931034
2026-04-21,aws-ondemand,A100-40GB,2.744705,posted-ondemand,,135368853.674275728673979741305
2026-04-21,aws-ondemand,A100-80GB,3.430881,posted-ondemand,,135368853.674275728673979741305
2026-04-21,aws-ondemand,B200,14.2416,posted-ondemand,,135368853.674275728673979741305
2026-04-21,aws-ondemand,H100-80GB,6.88,posted-ondemand,,135368853.674275728673979741305
2026-04-21,aws-ondemand,H200,7.912,posted-ondemand,,135368853.674275728673979741305
2026-04-22,aws-ondemand,A100-40GB,2.744705,posted-ondemand,,136574003.460516291113184314158
2026-04-22,aws-ondemand,A100-80GB,3.430881,posted-ondemand,,136574003.460516291113184314158
2026-04-22,aws-ondemand,B200,14.2416,posted-ondemand,,136574003.460516291113184314158
2026-04-22,aws-ondemand,H100-80GB,6.88,posted-ondemand,,136574003.460516291113184314158
2026-04-22,aws-ondemand,H200,7.912,posted-ondemand,,136574003.460516291113184314158
2026-04-23,aws-ondemand,A100-40GB,2.744705,posted-ondemand,,139970708.818152689863114222598
2026-04-23,aws-ondemand,A100-80GB,3.430881,posted-ondemand,,139970708.818152689863114222598
2026-04-23,aws-ondemand,B200,14.2416,posted-ondemand,,139970708.818152689863114222598
2026-04-23,aws-ondemand,H100-80GB,6.88,posted-ondemand,,139970708.818152689863114222598
2026-04-23,aws-ondemand,H200,7.912,posted-ondemand,,139970708.818152689863114222598
2026-04-24,aws-ondemand,A100-40GB,2.744705,posted-ondemand,,141949667.301770593866612459435
2026-04-24,aws-ondemand,A100-80GB,3.430881,posted-ondemand,,141949667.301770593866612459435
2026-04-24,aws-ondemand,B200,14.2416,posted-ondemand,,141949667.301770593866612459435
2026-04-24,aws-ondemand,H100-80GB,6.88,posted-ondemand,,141949667.301770593866612459435
2026-04-24,aws-ondemand,H200,7.912,posted-ondemand,,141949667.301770593866612459435
2026-04-25,aws-ondemand,A100-40GB,2.744705,posted-ondemand,,139688577.93487370274795956116
2026-04-25,aws-ondemand,A100-80GB,3.430881,posted-ondemand,,139688577.93487370274795956116
2026-04-25,aws-ondemand,B200,14.2416,posted-ondemand,,139688577.93487370274795956116
2026-04-25,aws-ondemand,H100-80GB,6.88,posted-ondemand,,139688577.93487370274795956116
2026-04-25,aws-ondemand,H200,7.912,posted-ondemand,,139688577.93487370274795956116
2026-04-26,aws-ondemand,A100-40GB,2.744705,posted-ondemand,,142325266.862216539064769234273
2026-04-26,aws-ondemand,A100-80GB,3.430881,posted-ondemand,,142325266.862216539064769234273
2026-04-26,aws-ondemand,B200,14.2416,posted-ondemand,,142325266.862216539064769234273
2026-04-26,aws-ondemand,H100-80GB,6.88,posted-ondemand,,142325266.862216539064769234273
2026-04-26,aws-ondemand,H200,7.912,posted-ondemand,,142325266.862216539064769234273
2026-04-27,aws-ondemand,A100-40GB,2.744705,posted-ondemand,,140433351.287148448951961478095
2026-04-27,aws-ondemand,A100-80GB,3.430881,posted-ondemand,,140433351.287148448951961478095
2026-04-27,aws-ondemand,B200,14.2416,posted-ondemand,,140433351.287148448951961478095
2026-04-27,aws-ondemand,H100-80GB,6.88,posted-ondemand,,140433351.287148448951961478095
2026-04-27,aws-ondemand,H200,7.912,posted-ondemand,,140433351.287148448951961478095
2026-04-28,aws-ondemand,A100-40GB,2.744705,posted-ondemand,,142436210.413127645394393103142
2026-04-28,aws-ondemand,A100-80GB,3.430881,posted-ondemand,,142436210.413127645394393103142
2026-04-28,aws-ondemand,B200,14.2416,posted-ondemand,,142436210.413127645394393103142
2026-04-28,aws-ondemand,H100-80GB,6.88,posted-ondemand,,142436210.413127645394393103142
2026-04-28,aws-ondemand,H200,7.912,posted-ondemand,,142436210.413127645394393103142
2026-04-29,aws-ondemand,A100-40GB,2.744705,posted-ondemand,,150809875.717939329477985862762
2026-04-29,aws-ondemand,A100-80GB,3.430881,posted-ondemand,,150809875.717939329477985862762
2026-04-29,aws-ondemand,B200,14.2416,posted-ondemand,,150809875.717939329477985862762
2026-04-29,aws-ondemand,H100-80GB,6.88,posted-ondemand,,150809875.717939329477985862762
2026-04-29,aws-ondemand,H200,7.912,posted-ondemand,,150809875.717939329477985862762
2026-04-30,aws-ondemand,A100-40GB,2.744705,posted-ondemand,,148534121.382245720133077764413
2026-04-30,aws-ondemand,A100-80GB,3.430881,posted-ondemand,,148534121.382245720133077764413
2026-04-30,aws-ondemand,B200,14.2416,posted-ondemand,,148534121.382245720133077764413
2026-04-30,aws-ondemand,H100-80GB,6.88,posted-ondemand,,148534121.382245720133077764413
2026-04-30,aws-ondemand,H200,7.912,posted-ondemand,,148534121.382245720133077764413
2026-05-01,aws-ondemand,A100-40GB,2.744705,posted-ondemand,,151240917.700360281835575938131
2026-05-01,aws-ondemand,A100-80GB,3.430881,posted-ondemand,,151240917.700360281835575938131
2026-05-01,aws-ondemand,B200,14.2416,posted-ondemand,,151240917.700360281835575938131
2026-05-01,aws-ondemand,H100-80GB,6.88,posted-ondemand,,151240917.700360281835575938131
2026-05-01,aws-ondemand,H200,7.912,posted-ondemand,,151240917.700360281835575938131
2026-05-02,aws-ondemand,A100-40GB,2.744705,posted-ondemand,,166799470.181690492831921711943
2026-05-02,aws-ondemand,A100-80GB,3.430881,posted-ondemand,,166799470.181690492831921711943
2026-05-02,aws-ondemand,B200,14.2416,posted-ondemand,,166799470.181690492831921711943
2026-05-02,aws-ondemand,H100-80GB,6.88,posted-ondemand,,166799470.181690492831921711943
2026-05-02,aws-ondemand,H200,7.912,posted-ondemand,,166799470.181690492831921711943
2026-05-03,aws-ondemand,A100-40GB,2.744705,posted-ondemand,,183197664.340621149223622845162
2026-05-03,aws-ondemand,A100-80GB,3.430881,posted-ondemand,,183197664.340621149223622845162
2026-05-03,aws-ondemand,B200,14.2416,posted-ondemand,,183197664.340621149223622845162
2026-05-03,aws-ondemand,H100-80GB,6.88,posted-ondemand,,183197664.340621149223622845162
2026-05-03,aws-ondemand,H200,7.912,posted-ondemand,,183197664.340621149223622845162
2026-05-04,aws-ondemand,A100-40GB,2.744705,posted-ondemand,,183826347.740866950929873085711
2026-05-04,aws-ondemand,A100-80GB,3.430881,posted-ondemand,,183826347.740866950929873085711
2026-05-04,aws-ondemand,B200,14.2416,posted-ondemand,,183826347.740866950929873085711
2026-05-04,aws-ondemand,H100-80GB,6.88,posted-ondemand,,183826347.740866950929873085711
2026-05-04,aws-ondemand,H200,7.912,posted-ondemand,,183826347.740866950929873085711
2026-05-05,aws-ondemand,A100-40GB,2.744705,posted-ondemand,,178587330.211010457768590459537
2026-05-05,aws-ondemand,A100-80GB,3.430881,posted-ondemand,,178587330.211010457768590459537
2026-05-05,aws-ondemand,B200,14.2416,posted-ondemand,,178587330.211010457768590459537
2026-05-05,aws-ondemand,H100-80GB,6.88,posted-ondemand,,178587330.211010457768590459537
2026-05-05,aws-ondemand,H200,7.912,posted-ondemand,,178587330.211010457768590459537
2026-05-06,aws-ondemand,A100-40GB,2.744705,posted-ondemand,,178953979.647886677993863322335
2026-05-06,aws-ondemand,A100-80GB,3.430881,posted-ondemand,,178953979.647886677993863322335
2026-05-06,aws-ondemand,B200,14.2416,posted-ondemand,,178953979.647886677993863322335
2026-05-06,aws-ondemand,H100-80GB,6.88,posted-ondemand,,178953979.647886677993863322335
2026-05-06,aws-ondemand,H200,7.912,posted-ondemand,,178953979.647886677993863322335
2026-05-07,aws-ondemand,A100-40GB,2.744705,posted-ondemand,,181540141.477034285777702057343
2026-05-07,aws-ondemand,A100-80GB,3.430881,posted-ondemand,,181540141.477034285777702057343
2026-05-07,aws-ondemand,B200,14.2416,posted-ondemand,,181540141.477034285777702057343
2026-05-07,aws-ondemand,H100-80GB,6.88,posted-ondemand,,181540141.477034285777702057343
2026-05-07,aws-ondemand,H200,7.912,posted-ondemand,,181540141.477034285777702057343
2026-05-08,aws-ondemand,A100-40GB,2.744705,posted-ondemand,,216503717.385031807530440517019
2026-05-08,aws-ondemand,A100-80GB,3.430881,posted-ondemand,,216503717.385031807530440517019
2026-05-08,aws-ondemand,B200,14.2416,posted-ondemand,,216503717.385031807530440517019
2026-05-08,aws-ondemand,H100-80GB,6.88,posted-ondemand,,216503717.385031807530440517019
2026-05-08,aws-ondemand,H200,7.912,posted-ondemand,,216503717.385031807530440517019
2026-05-09,aws-ondemand,A100-40GB,2.744705,posted-ondemand,,221558416.217474599125335826548
2026-05-09,aws-ondemand,A100-80GB,3.430881,posted-ondemand,,221558416.217474599125335826548
2026-05-09,aws-ondemand,B200,14.2416,posted-ondemand,,221558416.217474599125335826548
2026-05-09,aws-ondemand,H100-80GB,6.88,posted-ondemand,,221558416.217474599125335826548
2026-05-09,aws-ondemand,H200,7.912,posted-ondemand,,221558416.217474599125335826548
2026-05-10,aws-ondemand,A100-40GB,2.744705,posted-ondemand,,218334702.161456156128830178513
2026-05-10,aws-ondemand,A100-80GB,3.430881,posted-ondemand,,218334702.161456156128830178513
2026-05-10,aws-ondemand,B200,14.2416,posted-ondemand,,218334702.161456156128830178513
2026-05-10,aws-ondemand,H100-80GB,6.88,posted-ondemand,,218334702.161456156128830178513
2026-05-10,aws-ondemand,H200,7.912,posted-ondemand,,218334702.161456156128830178513
2026-05-11,aws-ondemand,A100-40GB,2.744705,posted-ondemand,,248630951.048493078932621217359
2026-05-11,aws-ondemand,A100-80GB,3.430881,posted-ondemand,,248630951.048493078932621217359
2026-05-11,aws-ondemand,B200,14.2416,posted-ondemand,,248630951.048493078932621217359
2026-05-11,aws-ondemand,H100-80GB,6.88,posted-ondemand,,248630951.048493078932621217359
2026-05-11,aws-ondemand,H200,7.912,posted-ondemand,,248630951.048493078932621217359
2026-05-12,aws-ondemand,A100-40GB,2.744705,posted-ondemand,,263414697.548701827732396472953
2026-05-12,aws-ondemand,A100-80GB,3.430881,posted-ondemand,,263414697.548701827732396472953
2026-05-12,aws-ondemand,B200,14.2416,posted-ondemand,,263414697.548701827732396472953
2026-05-12,aws-ondemand,H100-80GB,6.88,posted-ondemand,,263414697.548701827732396472953
2026-05-12,aws-ondemand,H200,7.912,posted-ondemand,,263414697.548701827732396472953
2026-05-13,aws-ondemand,A100-40GB,2.744705,posted-ondemand,,253720381.867650896388122741601
2026-05-13,aws-ondemand,A100-80GB,3.430881,posted-ondemand,,253720381.867650896388122741601
2026-05-13,aws-ondemand,B200,14.2416,posted-ondemand,,253720381.867650896388122741601
2026-05-13,aws-ondemand,H100-80GB,6.88,posted-ondemand,,253720381.867650896388122741601
2026-05-13,aws-ondemand,H200,7.912,posted-ondemand,,253720381.867650896388122741601
2026-05-14,aws-ondemand,A100-40GB,2.744705,posted-ondemand,,234973995.273835725140244248757
2026-05-14,aws-ondemand,A100-80GB,3.430881,posted-ondemand,,234973995.273835725140244248757
2026-05-14,aws-ondemand,B200,14.2416,posted-ondemand,,234973995.273835725140244248757
2026-05-14,aws-ondemand,H100-80GB,6.88,posted-ondemand,,234973995.273835725140244248757
2026-05-14,aws-ondemand,H200,7.912,posted-ondemand,,234973995.273835725140244248757
2026-05-15,aws-ondemand,A100-40GB,2.744705,posted-ondemand,,213975232.358374835785082546056
2026-05-15,aws-ondemand,A100-80GB,3.430881,posted-ondemand,,213975232.358374835785082546056
2026-05-15,aws-ondemand,B200,14.2416,posted-ondemand,,213975232.358374835785082546056
2026-05-15,aws-ondemand,H100-80GB,6.88,posted-ondemand,,213975232.358374835785082546056
2026-05-15,aws-ondemand,H200,7.912,posted-ondemand,,213975232.358374835785082546056
2026-05-16,aws-ondemand,A100-40GB,2.744705,posted-ondemand,,204411600.632583621429172149935
2026-05-16,aws-ondemand,A100-80GB,3.430881,posted-ondemand,,204411600.632583621429172149935
2026-05-16,aws-ondemand,B200,14.2416,posted-ondemand,,204411600.632583621429172149935
2026-05-16,aws-ondemand,H100-80GB,6.88,posted-ondemand,,204411600.632583621429172149935
2026-05-16,aws-ondemand,H200,7.912,posted-ondemand,,204411600.632583621429172149935
2026-05-17,aws-ondemand,A100-40GB,2.744705,posted-ondemand,,212746747.724691367229047029843
2026-05-17,aws-ondemand,A100-80GB,3.430881,posted-ondemand,,212746747.724691367229047029843
2026-05-17,aws-ondemand,B200,14.2416,posted-ondemand,,212746747.724691367229047029843
2026-05-17,aws-ondemand,H100-80GB,6.88,posted-ondemand,,212746747.724691367229047029843
2026-05-17,aws-ondemand,H200,7.912,posted-ondemand,,212746747.724691367229047029843
2026-05-18,aws-ondemand,A100-40GB,2.744705,posted-ondemand,0.728387991900009,230586066.746616358681710309477
2026-05-18,aws-ondemand,A100-80GB,3.430881,posted-ondemand,0.728387991900009,230586066.746616358681710309477
2026-05-18,aws-ondemand,B200,14.2416,posted-ondemand,0.728387991900009,230586066.746616358681710309477
2026-05-18,aws-ondemand,H100-80GB,6.88,posted-ondemand,0.728387991900009,230586066.746616358681710309477
2026-05-18,aws-ondemand,H200,7.912,posted-ondemand,0.728387991900009,230586066.746616358681710309477
2026-05-19,aws-ondemand,A100-40GB,2.744705,posted-ondemand,0.789465051353151,219044238.548036029668131939217
2026-05-19,aws-ondemand,A100-80GB,3.430881,posted-ondemand,0.789465051353151,219044238.548036029668131939217
2026-05-19,aws-ondemand,B200,14.2416,posted-ondemand,0.789465051353151,219044238.548036029668131939217
2026-05-19,aws-ondemand,H100-80GB,6.88,posted-ondemand,0.789465051353151,219044238.548036029668131939217
2026-05-19,aws-ondemand,H200,7.912,posted-ondemand,0.789465051353151,219044238.548036029668131939217
2026-05-20,aws-ondemand,A100-40GB,2.744705,posted-ondemand,0.749948917008771,232001315.759838383485014317497
2026-05-20,aws-ondemand,A100-80GB,3.430881,posted-ondemand,0.749948917008771,232001315.759838383485014317497
2026-05-20,aws-ondemand,B200,14.2416,posted-ondemand,0.749948917008771,232001315.759838383485014317497
2026-05-20,aws-ondemand,H100-80GB,6.88,posted-ondemand,0.749948917008771,232001315.759838383485014317497
2026-05-20,aws-ondemand,H200,7.912,posted-ondemand,0.749948917008771,232001315.759838383485014317497
2026-05-21,aws-ondemand,A100-40GB,2.744705,posted-ondemand,0.794310485644411,228235470.23092154211506706475
2026-05-21,aws-ondemand,A100-80GB,3.430881,posted-ondemand,0.794310485644411,228235470.23092154211506706475
2026-05-21,aws-ondemand,B200,14.2416,posted-ondemand,0.794310485644411,228235470.23092154211506706475
2026-05-21,aws-ondemand,H100-80GB,6.88,posted-ondemand,0.794310485644411,228235470.23092154211506706475
2026-05-21,aws-ondemand,H200,7.912,posted-ondemand,0.794310485644411,228235470.23092154211506706475
2026-05-22,aws-ondemand,A100-40GB,2.744705,posted-ondemand,0.78141723725425,226692821.054686717325715010358
2026-05-22,aws-ondemand,A100-80GB,3.430881,posted-ondemand,0.78141723725425,226692821.054686717325715010358
2026-05-22,aws-ondemand,B200,14.2416,posted-ondemand,0.78141723725425,226692821.054686717325715010358
2026-05-22,aws-ondemand,H100-80GB,6.88,posted-ondemand,0.78141723725425,226692821.054686717325715010358
2026-05-22,aws-ondemand,H200,7.912,posted-ondemand,0.78141723725425,226692821.054686717325715010358
2026-05-23,aws-ondemand,A100-40GB,2.744705,posted-ondemand,0.776135618861954,230001683.517352869539468936443
2026-05-23,aws-ondemand,A100-80GB,3.430881,posted-ondemand,0.776135618861954,230001683.517352869539468936443
2026-05-23,aws-ondemand,B200,14.2416,posted-ondemand,0.776135618861954,230001683.517352869539468936443
2026-05-23,aws-ondemand,H100-80GB,6.88,posted-ondemand,0.776135618861954,230001683.517352869539468936443
2026-05-23,aws-ondemand,H200,7.912,posted-ondemand,0.776135618861954,230001683.517352869539468936443
2026-05-24,aws-ondemand,A100-40GB,2.744705,posted-ondemand,0.787464279395809,
2026-05-24,aws-ondemand,A100-80GB,3.430881,posted-ondemand,0.787464279395809,
2026-05-24,aws-ondemand,B200,14.2416,posted-ondemand,0.787464279395809,
2026-05-24,aws-ondemand,H100-80GB,6.88,posted-ondemand,0.787464279395809,
2026-05-24,aws-ondemand,H200,7.912,posted-ondemand,0.787464279395809,
2026-05-25,aws-ondemand,A100-40GB,2.744705,posted-ondemand,,
2026-05-25,aws-ondemand,A100-80GB,3.430881,posted-ondemand,,
2026-05-25,aws-ondemand,B200,14.2416,posted-ondemand,,
2026-05-25,aws-ondemand,H100-80GB,6.88,posted-ondemand,,
2026-05-25,aws-ondemand,H200,7.912,posted-ondemand,,
2026-05-26,aws-ondemand,A100-40GB,2.744705,posted-ondemand,,
2026-05-26,aws-ondemand,A100-80GB,3.430881,posted-ondemand,,
2026-05-26,aws-ondemand,B200,14.2416,posted-ondemand,,
2026-05-26,aws-ondemand,H100-80GB,6.88,posted-ondemand,,
2026-05-26,aws-ondemand,H200,7.912,posted-ondemand,,
2026-05-27,aws-ondemand,A100-40GB,2.744705,posted-ondemand,,
2026-05-27,aws-ondemand,A100-80GB,3.430881,posted-ondemand,,
2026-05-27,aws-ondemand,B200,14.2416,posted-ondemand,,
2026-05-27,aws-ondemand,H100-80GB,6.88,posted-ondemand,,
2026-05-27,aws-ondemand,H200,7.912,posted-ondemand,,
2026-05-28,aws-ondemand,A100-40GB,2.744705,posted-ondemand,,
2026-05-28,aws-ondemand,A100-80GB,3.430881,posted-ondemand,,
2026-05-28,aws-ondemand,B200,14.2416,posted-ondemand,,
2026-05-28,aws-ondemand,H100-80GB,6.88,posted-ondemand,,
2026-05-28,aws-ondemand,H200,7.912,posted-ondemand,,
2026-05-29,aws-ondemand,A100-40GB,2.744705,posted-ondemand,,
2026-05-29,aws-ondemand,A100-80GB,3.430881,posted-ondemand,,
2026-05-29,aws-ondemand,B200,14.2416,posted-ondemand,,
2026-05-29,aws-ondemand,H100-80GB,6.88,posted-ondemand,,
2026-05-29,aws-ondemand,H200,7.912,posted-ondemand,,
2026-05-30,aws-ondemand,A100-40GB,2.744705,posted-ondemand,,
2026-05-30,aws-ondemand,A100-80GB,3.430881,posted-ondemand,,
2026-05-30,aws-ondemand,B200,14.2416,posted-ondemand,,
2026-05-30,aws-ondemand,H100-80GB,6.88,posted-ondemand,,
2026-05-30,aws-ondemand,H200,7.912,posted-ondemand,,
2026-05-31,aws-ondemand,A100-40GB,2.744705,posted-ondemand,,
2026-05-31,aws-ondemand,A100-80GB,3.430881,posted-ondemand,,
2026-05-31,aws-ondemand,B200,14.2416,posted-ondemand,,
2026-05-31,aws-ondemand,H100-80GB,6.88,posted-ondemand,,
2026-05-31,aws-ondemand,H200,7.912,posted-ondemand,,
2026-06-01,aws-ondemand,A100-40GB,2.744705,posted-ondemand,,
2026-06-01,aws-ondemand,A100-80GB,3.430881,posted-ondemand,,
2026-06-01,aws-ondemand,B200,14.2416,posted-ondemand,,
2026-06-01,aws-ondemand,H100-80GB,6.88,posted-ondemand,,
2026-06-01,aws-ondemand,H200,7.912,posted-ondemand,,
2026-06-02,aws-ondemand,A100-40GB,2.744705,posted-ondemand,,
2026-06-02,aws-ondemand,A100-80GB,3.430881,posted-ondemand,,
2026-06-02,aws-ondemand,B200,14.2416,posted-ondemand,,
2026-06-02,aws-ondemand,H100-80GB,6.88,posted-ondemand,,
2026-06-02,aws-ondemand,H200,7.912,posted-ondemand,,
2026-06-03,aws-ondemand,A100-40GB,2.744705,posted-ondemand,,
2026-06-03,aws-ondemand,A100-80GB,3.430881,posted-ondemand,,
2026-06-03,aws-ondemand,B200,14.2416,posted-ondemand,,
2026-06-03,aws-ondemand,H100-80GB,6.88,posted-ondemand,,
2026-06-03,aws-ondemand,H200,7.912,posted-ondemand,,
2026-06-04,aws-ondemand,A100-40GB,2.744705,posted-ondemand,,
2026-06-04,aws-ondemand,A100-80GB,3.430881,posted-ondemand,,
2026-06-04,aws-ondemand,B200,14.2416,posted-ondemand,,
2026-06-04,aws-ondemand,H100-80GB,6.88,posted-ondemand,,
2026-06-04,aws-ondemand,H200,7.912,posted-ondemand,,
2026-06-05,aws-ondemand,A100-40GB,2.744705,posted-ondemand,,
2026-06-05,aws-ondemand,A100-80GB,3.430881,posted-ondemand,,
2026-06-05,aws-ondemand,B200,14.2416,posted-ondemand,,
2026-06-05,aws-ondemand,H100-80GB,6.88,posted-ondemand,,
2026-06-05,aws-ondemand,H200,7.912,posted-ondemand,,
2026-06-06,aws-ondemand,A100-40GB,2.744705,posted-ondemand,,
2026-06-06,aws-ondemand,A100-80GB,3.430881,posted-ondemand,,
2026-06-06,aws-ondemand,B200,14.2416,posted-ondemand,,
2026-06-06,aws-ondemand,H100-80GB,6.88,posted-ondemand,,
2026-06-06,aws-ondemand,H200,7.912,posted-ondemand,,
2026-06-07,aws-ondemand,A100-40GB,2.744705,posted-ondemand,,
2026-06-07,aws-ondemand,A100-80GB,3.430881,posted-ondemand,,
2026-06-07,aws-ondemand,B200,14.2416,posted-ondemand,,
2026-06-07,aws-ondemand,H100-80GB,6.88,posted-ondemand,,
2026-06-07,aws-ondemand,H200,7.912,posted-ondemand,,
2026-06-08,aws-ondemand,A100-40GB,2.744705,posted-ondemand,,
2026-06-08,aws-ondemand,A100-80GB,3.430881,posted-ondemand,,
2026-06-08,aws-ondemand,B200,14.2416,posted-ondemand,,
2026-06-08,aws-ondemand,H100-80GB,6.88,posted-ondemand,,
2026-06-08,aws-ondemand,H200,7.912,posted-ondemand,,
2026-06-09,aws-ondemand,A100-40GB,2.744705,posted-ondemand,,
2026-06-09,aws-ondemand,A100-80GB,3.430881,posted-ondemand,,
2026-06-09,aws-ondemand,B200,14.2416,posted-ondemand,,
2026-06-09,aws-ondemand,H100-80GB,6.88,posted-ondemand,,
2026-06-09,aws-ondemand,H200,7.912,posted-ondemand,,
2026-06-10,aws-ondemand,A100-40GB,2.744705,posted-ondemand,,
2026-06-10,aws-ondemand,A100-80GB,3.430881,posted-ondemand,,
2026-06-10,aws-ondemand,B200,14.2416,posted-ondemand,,
2026-06-10,aws-ondemand,H100-80GB,6.88,posted-ondemand,,
2026-06-10,aws-ondemand,H200,7.912,posted-ondemand,,
2026-06-11,aws-ondemand,A100-40GB,2.744705,posted-ondemand,,
2026-06-11,aws-ondemand,A100-80GB,3.430881,posted-ondemand,,
2026-06-11,aws-ondemand,B200,14.2416,posted-ondemand,,
2026-06-11,aws-ondemand,H100-80GB,6.88,posted-ondemand,,
2026-06-11,aws-ondemand,H200,7.912,posted-ondemand,,
2026-06-12,aws-ondemand,A100-40GB,2.744705,posted-ondemand,,
2026-06-12,aws-ondemand,A100-80GB,3.430881,posted-ondemand,,
2026-06-12,aws-ondemand,B200,14.2416,posted-ondemand,,
2026-06-12,aws-ondemand,H100-80GB,6.88,posted-ondemand,,
2026-06-12,aws-ondemand,H200,7.912,posted-ondemand,,
2026-06-13,aws-ondemand,A100-40GB,2.744705,posted-ondemand,,
2026-06-13,aws-ondemand,A100-80GB,3.430881,posted-ondemand,,
2026-06-13,aws-ondemand,B200,14.2416,posted-ondemand,,
2026-06-13,aws-ondemand,H100-80GB,6.88,posted-ondemand,,
2026-06-13,aws-ondemand,H200,7.912,posted-ondemand,,
2026-06-14,aws-ondemand,A100-40GB,2.744705,posted-ondemand,,
2026-06-14,aws-ondemand,A100-80GB,3.430881,posted-ondemand,,
2026-06-14,aws-ondemand,B200,14.2416,posted-ondemand,,
2026-06-14,aws-ondemand,H100-80GB,6.88,posted-ondemand,,
2026-06-14,aws-ondemand,H200,7.912,posted-ondemand,,
2026-06-15,aws-ondemand,A100-40GB,2.744705,posted-ondemand,,
2026-06-15,aws-ondemand,A100-80GB,3.430881,posted-ondemand,,
2026-06-15,aws-ondemand,B200,14.2416,posted-ondemand,,
2026-06-15,aws-ondemand,H100-80GB,6.88,posted-ondemand,,
2026-06-15,aws-ondemand,H200,7.912,posted-ondemand,,
2026-06-16,aws-ondemand,A100-40GB,2.744705,posted-ondemand,,
2026-06-16,aws-ondemand,A100-80GB,3.430881,posted-ondemand,,
2026-06-16,aws-ondemand,B200,14.2416,posted-ondemand,,
2026-06-16,aws-ondemand,H100-80GB,6.88,posted-ondemand,,
2026-06-16,aws-ondemand,H200,7.912,posted-ondemand,,
2026-06-17,aws-ondemand,A100-40GB,2.744705,posted-ondemand,,
2026-06-17,aws-ondemand,A100-80GB,3.430881,posted-ondemand,,
2026-06-17,aws-ondemand,B200,14.2416,posted-ondemand,,
2026-06-17,aws-ondemand,H100-80GB,6.88,posted-ondemand,,
2026-06-17,aws-ondemand,H200,7.912,posted-ondemand,,
2026-06-18,aws-ondemand,A100-40GB,2.744705,posted-ondemand,,
2026-06-18,aws-ondemand,A100-80GB,3.430881,posted-ondemand,,
2026-06-18,aws-ondemand,B200,14.2416,posted-ondemand,,
2026-06-18,aws-ondemand,H100-80GB,6.88,posted-ondemand,,
2026-06-18,aws-ondemand,H200,7.912,posted-ondemand,,
2026-06-19,aws-ondemand,A100-40GB,2.744705,posted-ondemand,,
2026-06-19,aws-ondemand,A100-80GB,3.430881,posted-ondemand,,
2026-06-19,aws-ondemand,B200,14.2416,posted-ondemand,,
2026-06-19,aws-ondemand,H100-80GB,6.88,posted-ondemand,,
2026-06-19,aws-ondemand,H200,7.912,posted-ondemand,,
2026-06-20,aws-ondemand,A100-40GB,2.744705,posted-ondemand,,
2026-06-20,aws-ondemand,A100-80GB,3.430881,posted-ondemand,,
2026-06-20,aws-ondemand,B200,14.2416,posted-ondemand,,
2026-06-20,aws-ondemand,H100-80GB,6.88,posted-ondemand,,
2026-06-20,aws-ondemand,H200,7.912,posted-ondemand,,
2026-06-21,aws-ondemand,A100-40GB,2.744705,posted-ondemand,,
2026-06-21,aws-ondemand,A100-80GB,3.430881,posted-ondemand,,
2026-06-21,aws-ondemand,B200,14.2416,posted-ondemand,,
2026-06-21,aws-ondemand,H100-80GB,6.88,posted-ondemand,,
2026-06-21,aws-ondemand,H200,7.912,posted-ondemand,,
2026-06-22,aws-ondemand,A100-40GB,2.744705,posted-ondemand,,
2026-06-22,aws-ondemand,A100-80GB,3.430881,posted-ondemand,,
2026-06-22,aws-ondemand,B200,14.2416,posted-ondemand,,
2026-06-22,aws-ondemand,H100-80GB,6.88,posted-ondemand,,
2026-06-22,aws-ondemand,H200,7.912,posted-ondemand,,
2026-06-23,aws-ondemand,A100-40GB,2.744705,posted-ondemand,,
2026-06-23,aws-ondemand,A100-80GB,3.430881,posted-ondemand,,
2026-06-23,aws-ondemand,B200,14.2416,posted-ondemand,,
2026-06-23,aws-ondemand,H100-80GB,6.88,posted-ondemand,,
2026-06-23,aws-ondemand,H200,7.912,posted-ondemand,,
2026-06-24,aws-ondemand,A100-40GB,2.744705,posted-ondemand,,
2026-06-24,aws-ondemand,A100-80GB,3.430881,posted-ondemand,,
2026-06-24,aws-ondemand,B200,14.2416,posted-ondemand,,
2026-06-24,aws-ondemand,H100-80GB,6.88,posted-ondemand,,
2026-06-24,aws-ondemand,H200,7.912,posted-ondemand,,
2026-06-25,aws-ondemand,A100-40GB,2.744705,posted-ondemand,,
2026-06-25,aws-ondemand,A100-80GB,3.430881,posted-ondemand,,
2026-06-25,aws-ondemand,B200,14.2416,posted-ondemand,,
2026-06-25,aws-ondemand,H100-80GB,6.88,posted-ondemand,,
2026-06-25,aws-ondemand,H200,7.912,posted-ondemand,,
2026-06-26,aws-ondemand,A100-40GB,2.744705,posted-ondemand,,
2026-06-26,aws-ondemand,A100-80GB,3.430881,posted-ondemand,,
2026-06-26,aws-ondemand,B200,14.2416,posted-ondemand,,
2026-06-26,aws-ondemand,H100-80GB,6.88,posted-ondemand,,
2026-06-26,aws-ondemand,H200,7.912,posted-ondemand,,
2026-06-27,aws-ondemand,A100-40GB,2.744705,posted-ondemand,,
2026-06-27,aws-ondemand,A100-80GB,3.430881,posted-ondemand,,
2026-06-27,aws-ondemand,B200,14.2416,posted-ondemand,,
2026-06-27,aws-ondemand,H100-80GB,6.88,posted-ondemand,,
2026-06-27,aws-ondemand,H200,7.912,posted-ondemand,,
2026-06-28,aws-ondemand,A100-40GB,2.744705,posted-ondemand,,
2026-06-28,aws-ondemand,A100-80GB,3.430881,posted-ondemand,,
2026-06-28,aws-ondemand,B200,14.2416,posted-ondemand,,
2026-06-28,aws-ondemand,H100-80GB,6.88,posted-ondemand,,
2026-06-28,aws-ondemand,H200,7.912,posted-ondemand,,
2026-06-29,aws-ondemand,A100-40GB,2.744705,posted-ondemand,,
2026-06-29,aws-ondemand,A100-80GB,3.430881,posted-ondemand,,
2026-06-29,aws-ondemand,B200,14.2416,posted-ondemand,,
2026-06-29,aws-ondemand,H100-80GB,6.88,posted-ondemand,,
2026-06-29,aws-ondemand,H200,7.912,posted-ondemand,,
2026-06-30,aws-ondemand,A100-40GB,2.744705,posted-ondemand,,
2026-06-30,aws-ondemand,A100-80GB,3.430881,posted-ondemand,,
2026-06-30,aws-ondemand,B200,14.2416,posted-ondemand,,
2026-06-30,aws-ondemand,H100-80GB,6.88,posted-ondemand,,
2026-06-30,aws-ondemand,H200,7.912,posted-ondemand,,
2026-07-01,aws-ondemand,A100-40GB,2.744705,posted-ondemand,,
2026-07-01,aws-ondemand,A100-80GB,3.430881,posted-ondemand,,
2026-07-01,aws-ondemand,B200,14.2416,posted-ondemand,,
2026-07-01,aws-ondemand,H100-80GB,6.88,posted-ondemand,,
2026-07-01,aws-ondemand,H200,7.912,posted-ondemand,,
2026-07-02,aws-ondemand,A100-40GB,2.744705,posted-ondemand,,
2026-07-02,aws-ondemand,A100-80GB,3.430881,posted-ondemand,,
2026-07-02,aws-ondemand,B200,14.2416,posted-ondemand,,
2026-07-02,aws-ondemand,H100-80GB,6.88,posted-ondemand,,
2026-07-02,aws-ondemand,H200,7.912,posted-ondemand,,
2026-07-03,aws-ondemand,A100-40GB,2.744705,posted-ondemand,,
2026-07-03,aws-ondemand,A100-80GB,3.430881,posted-ondemand,,
2026-07-03,aws-ondemand,B200,14.2416,posted-ondemand,,
2026-07-03,aws-ondemand,H100-80GB,6.88,posted-ondemand,,
2026-07-03,aws-ondemand,H200,7.912,posted-ondemand,,
2026-07-04,aws-ondemand,A100-40GB,2.744705,posted-ondemand,,
2026-07-04,aws-ondemand,A100-80GB,3.430881,posted-ondemand,,
2026-07-04,aws-ondemand,B200,14.2416,posted-ondemand,,
2026-07-04,aws-ondemand,H100-80GB,6.88,posted-ondemand,,
2026-07-04,aws-ondemand,H200,7.912,posted-ondemand,,
2026-07-05,aws-ondemand,A100-40GB,2.744705,posted-ondemand,,
2026-07-05,aws-ondemand,A100-80GB,3.430881,posted-ondemand,,
2026-07-05,aws-ondemand,B200,14.2416,posted-ondemand,,
2026-07-05,aws-ondemand,H100-80GB,6.88,posted-ondemand,,
2026-07-05,aws-ondemand,H200,7.912,posted-ondemand,,
2026-07-06,aws-ondemand,A100-40GB,2.744705,posted-ondemand,,
2026-07-06,aws-ondemand,A100-80GB,3.430881,posted-ondemand,,
2026-07-06,aws-ondemand,B200,14.2416,posted-ondemand,,
2026-07-06,aws-ondemand,H100-80GB,6.88,posted-ondemand,,
2026-07-06,aws-ondemand,H200,7.912,posted-ondemand,,
2026-07-07,aws-ondemand,A100-40GB,2.744705,posted-ondemand,,
2026-07-07,aws-ondemand,A100-80GB,3.430881,posted-ondemand,,
2026-07-07,aws-ondemand,B200,14.2416,posted-ondemand,,
2026-07-07,aws-ondemand,H100-80GB,6.88,posted-ondemand,,
2026-07-07,aws-ondemand,H200,7.912,posted-ondemand,,
2026-07-08,aws-ondemand,A100-40GB,2.744705,posted-ondemand,,
2026-07-08,aws-ondemand,A100-80GB,3.430881,posted-ondemand,,
2026-07-08,aws-ondemand,B200,14.2416,posted-ondemand,,
2026-07-08,aws-ondemand,H100-80GB,6.88,posted-ondemand,,
2026-07-08,aws-ondemand,H200,7.912,posted-ondemand,,
2026-07-09,aws-ondemand,A100-40GB,2.744705,posted-ondemand,,
2026-07-09,aws-ondemand,A100-80GB,3.430881,posted-ondemand,,
2026-07-09,aws-ondemand,B200,14.2416,posted-ondemand,,
2026-07-09,aws-ondemand,H100-80GB,6.88,posted-ondemand,,
2026-07-09,aws-ondemand,H200,7.912,posted-ondemand,,
2026-07-10,aws-ondemand,A100-40GB,2.744705,posted-ondemand,,
2026-07-10,aws-ondemand,A100-80GB,3.430881,posted-ondemand,,
2026-07-10,aws-ondemand,B200,14.2416,posted-ondemand,,
2026-07-10,aws-ondemand,H100-80GB,6.88,posted-ondemand,,
2026-07-10,aws-ondemand,H200,7.912,posted-ondemand,,
2026-07-11,aws-ondemand,A100-40GB,2.744705,posted-ondemand,,
2026-07-11,aws-ondemand,A100-80GB,3.430881,posted-ondemand,,
2026-07-11,aws-ondemand,B200,14.2416,posted-ondemand,,
2026-07-11,aws-ondemand,H100-80GB,6.88,posted-ondemand,,
2026-07-11,aws-ondemand,H200,7.912,posted-ondemand,,
2026-07-12,aws-ondemand,A100-40GB,2.744705,posted-ondemand,,
2026-07-12,aws-ondemand,A100-80GB,3.430881,posted-ondemand,,
2026-07-12,aws-ondemand,B200,14.2416,posted-ondemand,,
2026-07-12,aws-ondemand,H100-80GB,6.88,posted-ondemand,,
2026-07-12,aws-ondemand,H200,7.912,posted-ondemand,,
2026-07-13,aws-ondemand,A100-40GB,2.744705,posted-ondemand,,
2026-07-13,aws-ondemand,A100-80GB,3.430881,posted-ondemand,,
2026-07-13,aws-ondemand,B200,14.2416,posted-ondemand,,
2026-07-13,aws-ondemand,H100-80GB,6.88,posted-ondemand,,
2026-07-13,aws-ondemand,H200,7.912,posted-ondemand,,
2026-07-14,aws-ondemand,A100-40GB,2.744705,posted-ondemand,,
2026-07-14,aws-ondemand,A100-80GB,3.430881,posted-ondemand,,
2026-07-14,aws-ondemand,B200,14.2416,posted-ondemand,,
2026-07-14,aws-ondemand,H100-80GB,6.88,posted-ondemand,,
2026-07-14,aws-ondemand,H200,7.912,posted-ondemand,,
2026-07-15,aws-ondemand,A100-40GB,2.744705,posted-ondemand,,
2026-07-15,aws-ondemand,A100-80GB,3.430881,posted-ondemand,,
2026-07-15,aws-ondemand,B200,14.2416,posted-ondemand,,
2026-07-15,aws-ondemand,H100-80GB,6.88,posted-ondemand,,
2026-07-15,aws-ondemand,H200,7.912,posted-ondemand,,
2026-07-16,aws-ondemand,A100-40GB,2.744705,posted-ondemand,,
2026-07-16,aws-ondemand,A100-80GB,3.430881,posted-ondemand,,
2026-07-16,aws-ondemand,B200,14.2416,posted-ondemand,,
2026-07-16,aws-ondemand,H100-80GB,6.88,posted-ondemand,,
2026-07-16,aws-ondemand,H200,7.912,posted-ondemand,,
2026-07-17,aws-ondemand,A100-40GB,2.744705,posted-ondemand,,
2026-07-17,aws-ondemand,A100-80GB,3.430881,posted-ondemand,,
2026-07-17,aws-ondemand,B200,14.2416,posted-ondemand,,
2026-07-17,aws-ondemand,H100-80GB,6.88,posted-ondemand,,
2026-07-17,aws-ondemand,H200,7.912,posted-ondemand,,
2026-07-18,aws-ondemand,A100-40GB,2.744705,posted-ondemand,,
2026-07-18,aws-ondemand,A100-80GB,3.430881,posted-ondemand,,
2026-07-18,aws-ondemand,B200,14.2416,posted-ondemand,,
2026-07-18,aws-ondemand,H100-80GB,6.88,posted-ondemand,,
2026-07-18,aws-ondemand,H200,7.912,posted-ondemand,,
2026-07-19,aws-ondemand,A100-40GB,2.744705,posted-ondemand,,
2026-07-19,aws-ondemand,A100-80GB,3.430881,posted-ondemand,,
2026-07-19,aws-ondemand,B200,14.2416,posted-ondemand,,
2026-07-19,aws-ondemand,H100-80GB,6.88,posted-ondemand,,
2026-07-19,aws-ondemand,H200,7.912,posted-ondemand,,
2026-07-20,aws-ondemand,A100-40GB,2.744705,posted-ondemand,,
2026-07-20,aws-ondemand,A100-80GB,3.430881,posted-ondemand,,
2026-07-20,aws-ondemand,B200,14.2416,posted-ondemand,,
2026-07-20,aws-ondemand,H100-80GB,6.88,posted-ondemand,,
2026-07-20,aws-ondemand,H200,7.912,posted-ondemand,,
2026-07-21,aws-ondemand,A100-40GB,2.744705,posted-ondemand,,
2026-07-21,aws-ondemand,A100-80GB,3.430881,posted-ondemand,,
2026-07-21,aws-ondemand,B200,14.2416,posted-ondemand,,
2026-07-21,aws-ondemand,H100-80GB,6.88,posted-ondemand,,
2026-07-21,aws-ondemand,H200,7.912,posted-ondemand,,
2026-07-22,aws-ondemand,A100-40GB,2.744705,posted-ondemand,,
2026-07-22,aws-ondemand,A100-80GB,3.430881,posted-ondemand,,
2026-07-22,aws-ondemand,B200,14.2416,posted-ondemand,,
2026-07-22,aws-ondemand,H100-80GB,6.88,posted-ondemand,,
2026-07-22,aws-ondemand,H200,7.912,posted-ondemand,,
2026-07-23,aws-ondemand,A100-40GB,2.744705,posted-ondemand,,
2026-07-23,aws-ondemand,A100-80GB,3.430881,posted-ondemand,,
2026-07-23,aws-ondemand,B200,14.2416,posted-ondemand,,
2026-07-23,aws-ondemand,H100-80GB,6.88,posted-ondemand,,
2026-07-23,aws-ondemand,H200,7.912,posted-ondemand,,
2026-07-24,aws-ondemand,A100-40GB,2.744705,posted-ondemand,,
2026-07-24,aws-ondemand,A100-80GB,3.430881,posted-ondemand,,
2026-07-24,aws-ondemand,B200,14.2416,posted-ondemand,,
2026-07-24,aws-ondemand,H100-80GB,6.88,posted-ondemand,,
2026-07-24,aws-ondemand,H200,7.912,posted-ondemand,,
2026-07-25,aws-ondemand,A100-40GB,2.744705,posted-ondemand,,
2026-07-25,aws-ondemand,A100-80GB,3.430881,posted-ondemand,,
2026-07-25,aws-ondemand,B200,14.2416,posted-ondemand,,
2026-07-25,aws-ondemand,H100-80GB,6.88,posted-ondemand,,
2026-07-25,aws-ondemand,H200,7.912,posted-ondemand,,
2026-07-26,aws-ondemand,A100-40GB,2.744705,posted-ondemand,,
2026-07-26,aws-ondemand,A100-80GB,3.430881,posted-ondemand,,
2026-07-26,aws-ondemand,B200,14.2416,posted-ondemand,,
2026-07-26,aws-ondemand,H100-80GB,6.88,posted-ondemand,,
2026-07-26,aws-ondemand,H200,7.912,posted-ondemand,,
2026-07-27,aws-ondemand,A100-40GB,2.744705,posted-ondemand,,
2026-07-27,aws-ondemand,A100-80GB,3.430881,posted-ondemand,,
2026-07-27,aws-ondemand,B200,14.2416,posted-ondemand,,
2026-07-27,aws-ondemand,H100-80GB,6.88,posted-ondemand,,
2026-07-27,aws-ondemand,H200,7.912,posted-ondemand,,
2026-07-28,aws-ondemand,A100-40GB,2.744705,posted-ondemand,,
2026-07-28,aws-ondemand,A100-80GB,3.430881,posted-ondemand,,
2026-07-28,aws-ondemand,B200,14.2416,posted-ondemand,,
2026-07-28,aws-ondemand,H100-80GB,6.88,posted-ondemand,,
2026-07-28,aws-ondemand,H200,7.912,posted-ondemand,,
2026-07-29,aws-ondemand,A100-40GB,2.744705,posted-ondemand,,
2026-07-29,aws-ondemand,A100-80GB,3.430881,posted-ondemand,,
2026-07-29,aws-ondemand,B200,14.2416,posted-ondemand,,
2026-07-29,aws-ondemand,H100-80GB,6.88,posted-ondemand,,
2026-07-29,aws-ondemand,H200,7.912,posted-ondemand,,
2026-07-30,aws-ondemand,A100-40GB,2.744705,posted-ondemand,,
2026-07-30,aws-ondemand,A100-80GB,3.430881,posted-ondemand,,
2026-07-30,aws-ondemand,B200,14.2416,posted-ondemand,,
2026-07-30,aws-ondemand,H100-80GB,6.88,posted-ondemand,,
2026-07-30,aws-ondemand,H200,7.912,posted-ondemand,,
2026-07-31,aws-ondemand,A100-40GB,2.744705,posted-ondemand,,
2026-07-31,aws-ondemand,A100-80GB,3.430881,posted-ondemand,,
2026-07-31,aws-ondemand,B200,14.2416,posted-ondemand,,
2026-07-31,aws-ondemand,H100-80GB,6.88,posted-ondemand,,
2026-07-31,aws-ondemand,H200,7.912,posted-ondemand,,
